{"type": "FeatureCollection", "name": "palisades_hydrants", "crs": {"type": "name", "properties": {"name": "urn:ogc:def:crs:OGC:1.3:CRS84"}}, "features": [{"type": "Feature", "properties": {"hydrant_id": "35399", "operator": "LADWP", "size_code": "2 1/2 X 4D", "make": "Rich", "main_size_in": 8.0, "corner": "N", "street": "MONUMENT ST", "cross_street": "828NN MCKENDREE AVE", "source": "LADWP Fire Hydrants (DWP) - ArcGIS Online copy of LA GeoHub layer; IDs verified against City BOE Palisades layer", "in_perimeter": true, "elev_m": 153.8, "elev_ft": 504.0, "pressure_zone_est": 720, "static_psi_est": 93.5}, "geometry": {"type": "Point", "coordinates": [-118.523454171522, 34.0540852956354]}}, {"type": "Feature", "properties": {"hydrant_id": "33963", "operator": "LADWP", "size_code": "2 1/2 S", "make": "Van De Venter", "main_size_in": 12.0, "corner": null, "street": null, "cross_street": null, "source": "LADWP Fire Hydrants (DWP) - ArcGIS Online copy of LA GeoHub layer; IDs verified against City BOE Palisades layer", "in_perimeter": false, "elev_m": 152.5, "elev_ft": 500.0, "pressure_zone_est": 720, "static_psi_est": 95.3}, "geometry": {"type": "Point", "coordinates": [-118.495342314797, 34.0639072149501]}}, {"type": "Feature", "properties": {"hydrant_id": "37144", "operator": "LADWP", "size_code": "2 1/2 S", "make": "Van De Venter", "main_size_in": 6.0, "corner": "SE", "street": "LIVORNO DR", "cross_street": "MARQUEZ AVE", "source": "LADWP Fire Hydrants (DWP) - ArcGIS Online copy of LA GeoHub layer; IDs verified against City BOE Palisades layer", "in_perimeter": true, "elev_m": 72.9, "elev_ft": 239.0, "pressure_zone_est": 529, "static_psi_est": 125.6}, "geometry": {"type": "Point", "coordinates": [-118.548790708878, 34.0427140873061]}}, {"type": "Feature", "properties": {"hydrant_id": "37130", "operator": "LADWP", "size_code": "2 1/2 S", "make": "Van De Venter", "main_size_in": 8.0, "corner": "S", "street": "BOLLINGER DR", "cross_street": "339 W W MARQUEZ AVE", "source": "LADWP Fire Hydrants (DWP) - ArcGIS Online copy of LA GeoHub layer; IDs verified against City BOE Palisades layer", "in_perimeter": true, "elev_m": 78.3, "elev_ft": 257.0, "pressure_zone_est": 529, "static_psi_est": 117.8}, "geometry": {"type": "Point", "coordinates": [-118.549839810647, 34.043275189924]}}, {"type": "Feature", "properties": {"hydrant_id": "33590", "operator": "LADWP", "size_code": "2 1/2 X 4D", "make": "Clow", "main_size_in": 8.0, "corner": "NW", "street": "BOLLINGER DR", "cross_street": "IDA ST", "source": "LADWP Fire Hydrants (DWP) - ArcGIS Online copy of LA GeoHub layer; IDs verified against City BOE Palisades layer", "in_perimeter": true, "elev_m": 84.7, "elev_ft": 278.0, "pressure_zone_est": 529, "static_psi_est": 108.7}, "geometry": {"type": "Point", "coordinates": [-118.545414625702, 34.0453180714144]}}, {"type": "Feature", "properties": {"hydrant_id": "40493", "operator": "LADWP", "size_code": "4 S BU", "make": "Jones Angle Valve 6", "main_size_in": 6.0, "corner": "S", "street": "DULCE YNEZ LN", "cross_street": "426 WW VIA STA YNEZ", "source": "LADWP Fire Hydrants (DWP) - ArcGIS Online copy of LA GeoHub layer; IDs verified against City BOE Palisades layer", "in_perimeter": true, "elev_m": 101.6, "elev_ft": 333.0, "pressure_zone_est": 529, "static_psi_est": 84.9}, "geometry": {"type": "Point", "coordinates": [-118.550008467564, 34.0465810533601]}}, {"type": "Feature", "properties": {"hydrant_id": "40246", "operator": "LADWP", "size_code": "2 1/2 X 4D", "make": "Clow", "main_size_in": 8.0, "corner": "S", "street": "VIA SANTA YNEZ", "cross_street": "547' WW JACON WY", "source": "LADWP Fire Hydrants (DWP) - ArcGIS Online copy of LA GeoHub layer; IDs verified against City BOE Palisades layer", "in_perimeter": true, "elev_m": 99.7, "elev_ft": 327.0, "pressure_zone_est": 529, "static_psi_est": 87.5}, "geometry": {"type": "Point", "coordinates": [-118.54868218844, 34.047116167828]}}, {"type": "Feature", "properties": {"hydrant_id": "43058", "operator": "LADWP", "size_code": "2 1/2 S BU", "make": "Jones Angle Valve 6", "main_size_in": 36.0, "corner": "W", "street": "PALISADES DR", "cross_street": "930 NN SUNSET BLVD", "source": "LADWP Fire Hydrants (DWP) - ArcGIS Online copy of LA GeoHub layer; IDs verified against City BOE Palisades layer", "in_perimeter": false, "elev_m": 50.9, "elev_ft": 167.0, "pressure_zone_est": 529, "static_psi_est": 156.7}, "geometry": {"type": "Point", "coordinates": [-118.552853017803, 34.0469379033942]}}, {"type": "Feature", "properties": {"hydrant_id": "37125", "operator": "LADWP", "size_code": "2 1/2 X 4D", "make": "Clow", "main_size_in": 6.0, "corner": "S", "street": "AMALFI DR", "cross_street": "679' WW CAPRI DR", "source": "LADWP Fire Hydrants (DWP) - ArcGIS Online copy of LA GeoHub layer; IDs verified against City BOE Palisades layer", "in_perimeter": false, "elev_m": 168.3, "elev_ft": 552.0, "pressure_zone_est": 720, "static_psi_est": 72.7}, "geometry": {"type": "Point", "coordinates": [-118.504132602128, 34.0589545818107]}}, {"type": "Feature", "properties": {"hydrant_id": "39593", "operator": "LADWP", "size_code": "2 1/2 S", "make": "Greenberg", "main_size_in": 6.0, "corner": null, "street": null, "cross_street": null, "source": "LADWP Fire Hydrants (DWP) - ArcGIS Online copy of LA GeoHub layer; IDs verified against City BOE Palisades layer", "in_perimeter": false, "elev_m": 119.0, "elev_ft": 390.0, "pressure_zone_est": 529, "static_psi_est": 60.2}, "geometry": {"type": "Point", "coordinates": [-118.496228569413, 34.0573372604902]}}, {"type": "Feature", "properties": {"hydrant_id": "38337", "operator": "LADWP", "size_code": "2 1/2 S", "make": "Van De Venter", "main_size_in": 8.0, "corner": "SW", "street": "JONESBORO DR", "cross_street": "LONGWORTH DR", "source": "LADWP Fire Hydrants (DWP) - ArcGIS Online copy of LA GeoHub layer; IDs verified against City BOE Palisades layer", "in_perimeter": false, "elev_m": 106.5, "elev_ft": 349.0, "pressure_zone_est": 529, "static_psi_est": 77.9}, "geometry": {"type": "Point", "coordinates": [-118.497152972554, 34.0541994844598]}}, {"type": "Feature", "properties": {"hydrant_id": "41698", "operator": "LADWP", "size_code": "2 1/2 X 4D", "make": "Mueller", "main_size_in": 8.0, "corner": "E", "street": "EL HITO CIR", "cross_street": "361 SS EL HITO CT", "source": "LADWP Fire Hydrants (DWP) - ArcGIS Online copy of LA GeoHub layer; IDs verified against City BOE Palisades layer", "in_perimeter": true, "elev_m": 156.6, "elev_ft": 514.0, "pressure_zone_est": 720, "static_psi_est": 89.2}, "geometry": {"type": "Point", "coordinates": [-118.540961005238, 34.0579666866443]}}, {"type": "Feature", "properties": {"hydrant_id": "41699", "operator": "LADWP", "size_code": "2 1/2 X 4D", "make": "Mueller", "main_size_in": 6.0, "corner": "SE", "street": "EL HITO CIR", "cross_street": "EL HITO CT", "source": "LADWP Fire Hydrants (DWP) - ArcGIS Online copy of LA GeoHub layer; IDs verified against City BOE Palisades layer", "in_perimeter": true, "elev_m": 166.2, "elev_ft": 545.0, "pressure_zone_est": 720, "static_psi_est": 75.8}, "geometry": {"type": "Point", "coordinates": [-118.541557322535, 34.0587963263801]}}, {"type": "Feature", "properties": {"hydrant_id": "32523", "operator": "LADWP", "size_code": "2 1/2 X 4D", "make": "Clow", "main_size_in": 6.0, "corner": "N", "street": "WEST CHANNEL RD", "cross_street": "268'EE SAGE LN (LN)", "source": "LADWP Fire Hydrants (DWP) - ArcGIS Online copy of LA GeoHub layer; IDs verified against City BOE Palisades layer", "in_perimeter": false, "elev_m": 17.1, "elev_ft": 56.0, "pressure_zone_est": 529, "static_psi_est": 204.8}, "geometry": {"type": "Point", "coordinates": [-118.513951943842, 34.0307297037311]}}, {"type": "Feature", "properties": {"hydrant_id": "42791", "operator": "LADWP", "size_code": "2 1/2 X 4D", "make": "Clow", "main_size_in": 12.0, "corner": "S", "street": "VIA FLORESTA", "cross_street": "8 EW FLORESTA PL", "source": "LADWP Fire Hydrants (DWP) - ArcGIS Online copy of LA GeoHub layer; IDs verified against City BOE Palisades layer", "in_perimeter": true, "elev_m": 231.9, "elev_ft": 761.0, "pressure_zone_est": 1137, "static_psi_est": 162.8}, "geometry": {"type": "Point", "coordinates": [-118.546218272939, 34.0612019804039]}}, {"type": "Feature", "properties": {"hydrant_id": "40785", "operator": "LADWP", "size_code": "2 1/2 S BU", "make": "Jones Angle Valve 6", "main_size_in": 6.0, "corner": "E", "street": "SURFVIEW DR", "cross_street": "640 SS SEABREEZE DR", "source": "LADWP Fire Hydrants (DWP) - ArcGIS Online copy of LA GeoHub layer; IDs verified against City BOE Palisades layer", "in_perimeter": true, "elev_m": 32.0, "elev_ft": 105.0, "pressure_zone_est": 529, "static_psi_est": 183.6}, "geometry": {"type": "Point", "coordinates": [-118.56761421029, 34.0437984994429]}}, {"type": "Feature", "properties": {"hydrant_id": "40774", "operator": "LADWP", "size_code": "2 1/2 S BU", "make": "Jones Angle Valve 6", "main_size_in": 8.0, "corner": "E", "street": "SURFVIEW DR", "cross_street": "14 NN SANDY CAPE DR", "source": "LADWP Fire Hydrants (DWP) - ArcGIS Online copy of LA GeoHub layer; IDs verified against City BOE Palisades layer", "in_perimeter": false, "elev_m": 78.5, "elev_ft": 258.0, "pressure_zone_est": 529, "static_psi_est": 117.3}, "geometry": {"type": "Point", "coordinates": [-118.567187018057, 34.0468408974751]}}, {"type": "Feature", "properties": {"hydrant_id": "42200", "operator": "LADWP", "size_code": "2 1/2 S BU", "make": "Jones Angle Valve 6", "main_size_in": 8.0, "corner": "W", "street": "MICHAEL LN", "cross_street": "691 WW AVE DE HERRADURA", "source": "LADWP Fire Hydrants (DWP) - ArcGIS Online copy of LA GeoHub layer; IDs verified against City BOE Palisades layer", "in_perimeter": true, "elev_m": 233.2, "elev_ft": 765.0, "pressure_zone_est": 1137, "static_psi_est": 161.1}, "geometry": {"type": "Point", "coordinates": [-118.564957440036, 34.0795784106717]}}, {"type": "Feature", "properties": {"hydrant_id": "42279", "operator": "LADWP", "size_code": "2 1/2 X 4D", "make": "Rich", "main_size_in": 20.0, "corner": "S", "street": "PALISADES DR", "cross_street": "68 WW CURB PALISADES CT", "source": "LADWP Fire Hydrants (DWP) - ArcGIS Online copy of LA GeoHub layer; IDs verified against City BOE Palisades layer", "in_perimeter": true, "elev_m": 274.1, "elev_ft": 899.0, "pressure_zone_est": 1137, "static_psi_est": 103.1}, "geometry": {"type": "Point", "coordinates": [-118.559347541914, 34.0754774903806]}}, {"type": "Feature", "properties": {"hydrant_id": "43330", "operator": "LADWP", "size_code": "2 1/2 X 4D", "make": "Long Beach Iron Works", "main_size_in": 8.0, "corner": "S", "street": "CHASTIAN PKWY WEST", "cross_street": "95'WW CALLE DE SARAH PVT", "source": "LADWP Fire Hydrants (DWP) - ArcGIS Online copy of LA GeoHub layer; IDs verified against City BOE Palisades layer", "in_perimeter": true, "elev_m": 399.2, "elev_ft": 1310.0, "pressure_zone_est": 1645, "static_psi_est": 145.1}, "geometry": {"type": "Point", "coordinates": [-118.552298769308, 34.0768261441914]}}, {"type": "Feature", "properties": {"hydrant_id": "40830", "operator": "LADWP", "size_code": "4S", "make": "Darling", "main_size_in": 6.0, "corner": "W", "street": "VISTAGRANDE DR", "cross_street": "613 SS CHARMEL LN", "source": "LADWP Fire Hydrants (DWP) - ArcGIS Online copy of LA GeoHub layer; IDs verified against City BOE Palisades layer", "in_perimeter": true, "elev_m": 251.1, "elev_ft": 824.0, "pressure_zone_est": 1137, "static_psi_est": 135.5}, "geometry": {"type": "Point", "coordinates": [-118.55113527341, 34.0570310239686]}}, {"type": "Feature", "properties": {"hydrant_id": "40728", "operator": "LADWP", "size_code": "2 1/2 S BU", "make": "Jones Angle Valve 6", "main_size_in": 6.0, "corner": "E", "street": "ENCHANTED WAY", "cross_street": "1544 NN SCENIC PL", "source": "LADWP Fire Hydrants (DWP) - ArcGIS Online copy of LA GeoHub layer; IDs verified against City BOE Palisades layer", "in_perimeter": true, "elev_m": 211.8, "elev_ft": 695.0, "pressure_zone_est": 1137, "static_psi_est": 191.4}, "geometry": {"type": "Point", "coordinates": [-118.549327957478, 34.05646871085]}}, {"type": "Feature", "properties": {"hydrant_id": "40403", "operator": "LADWP", "size_code": "2 1/2 S BU", "make": "Jones Angle Valve 6", "main_size_in": 8.0, "corner": "S", "street": "TELLEM LW DR", "cross_street": "472 EE DONAIRE WAY", "source": "LADWP Fire Hydrants (DWP) - ArcGIS Online copy of LA GeoHub layer; IDs verified against City BOE Palisades layer", "in_perimeter": true, "elev_m": 204.7, "elev_ft": 672.0, "pressure_zone_est": 1137, "static_psi_est": 201.3}, "geometry": {"type": "Point", "coordinates": [-118.543541801463, 34.0564216601827]}}, {"type": "Feature", "properties": {"hydrant_id": "41559", "operator": "LADWP", "size_code": "4 S BU", "make": "Jones Angle Valve 6", "main_size_in": 36.0, "corner": "W", "street": "STA YNEZ CYN RD", "cross_street": "5995 NN SUNSET BL", "source": "LADWP Fire Hydrants (DWP) - ArcGIS Online copy of LA GeoHub layer; IDs verified against City BOE Palisades layer", "in_perimeter": true, "elev_m": 111.8, "elev_ft": 367.0, "pressure_zone_est": 529, "static_psi_est": 70.1}, "geometry": {"type": "Point", "coordinates": [-118.555763187017, 34.0603905884525]}}, {"type": "Feature", "properties": {"hydrant_id": "43456", "operator": "LADWP", "size_code": "2 1/2 S BU", "make": "Jones Angle Valve 6", "main_size_in": 6.0, "corner": "W", "street": "BELLA OCEANA VISTA", "cross_street": "323'SS VIA FLORESTA", "source": "LADWP Fire Hydrants (DWP) - ArcGIS Online copy of LA GeoHub layer; IDs verified against City BOE Palisades layer", "in_perimeter": true, "elev_m": 209.2, "elev_ft": 686.0, "pressure_zone_est": 1137, "static_psi_est": 195.3}, "geometry": {"type": "Point", "coordinates": [-118.544506310517, 34.0616630056649]}}, {"type": "Feature", "properties": {"hydrant_id": "42758", "operator": "LADWP", "size_code": "2 1/2 X 4D", "make": "Rich", "main_size_in": 12.0, "corner": "E", "street": "ACCESS RD", "cross_street": "685 SS MONTE HERMOSO DR", "source": "LADWP Fire Hydrants (DWP) - ArcGIS Online copy of LA GeoHub layer; IDs verified against City BOE Palisades layer", "in_perimeter": true, "elev_m": 345.6, "elev_ft": 1134.0, "pressure_zone_est": 1345, "static_psi_est": 91.4}, "geometry": {"type": "Point", "coordinates": [-118.550994055421, 34.0661227213982]}}, {"type": "Feature", "properties": {"hydrant_id": "42828", "operator": "LADWP", "size_code": "2 1/2 X 4D", "make": "Clow", "main_size_in": 12.0, "corner": "E", "street": "PIEDRA MORADA DR", "cross_street": "23 NN MONTE HERMOSO DR", "source": "LADWP Fire Hydrants (DWP) - ArcGIS Online copy of LA GeoHub layer; IDs verified against City BOE Palisades layer", "in_perimeter": true, "elev_m": 347.5, "elev_ft": 1140.0, "pressure_zone_est": 1345, "static_psi_est": 88.8}, "geometry": {"type": "Point", "coordinates": [-118.551491040418, 34.0679785861533]}}, {"type": "Feature", "properties": {"hydrant_id": "34258", "operator": "LADWP", "size_code": "2 1/2 S BU", "make": "Jones Angle Valve 6", "main_size_in": 20.0, "corner": null, "street": null, "cross_street": null, "source": "LADWP Fire Hydrants (DWP) - ArcGIS Online copy of LA GeoHub layer; IDs verified against City BOE Palisades layer", "in_perimeter": false, "elev_m": 230.7, "elev_ft": 757.0, "pressure_zone_est": 1137, "static_psi_est": 164.5}, "geometry": {"type": "Point", "coordinates": [-118.498929993428, 34.0693251490287]}}, {"type": "Feature", "properties": {"hydrant_id": "40142", "operator": "LADWP", "size_code": "2 1/2 S BU", "make": "Jones Angle Valve 6", "main_size_in": 6.0, "corner": null, "street": null, "cross_street": null, "source": "LADWP Fire Hydrants (DWP) - ArcGIS Online copy of LA GeoHub layer; IDs verified against City BOE Palisades layer", "in_perimeter": false, "elev_m": 215.0, "elev_ft": 705.0, "pressure_zone_est": 1137, "static_psi_est": 187.1}, "geometry": {"type": "Point", "coordinates": [-118.495906959814, 34.0679574395854]}}, {"type": "Feature", "properties": {"hydrant_id": "41731", "operator": "LADWP", "size_code": "2 1/2 S BU", "make": "Jones Angle Valve 6", "main_size_in": 24.0, "corner": "W", "street": "PALISADES DR", "cross_street": "242 NN PALISADES CIR", "source": "LADWP Fire Hydrants (DWP) - ArcGIS Online copy of LA GeoHub layer; IDs verified against City BOE Palisades layer", "in_perimeter": true, "elev_m": 198.3, "elev_ft": 650.0, "pressure_zone_est": 1137, "static_psi_est": 210.9}, "geometry": {"type": "Point", "coordinates": [-118.564015057086, 34.072956648227]}}, {"type": "Feature", "properties": {"hydrant_id": "41722", "operator": "LADWP", "size_code": "2 1/2 S BU", "make": "Jones Angle Valve 6", "main_size_in": 8.0, "corner": "SE", "street": "PALISADES CIR", "cross_street": "PALISADES DR", "source": "LADWP Fire Hydrants (DWP) - ArcGIS Online copy of LA GeoHub layer; IDs verified against City BOE Palisades layer", "in_perimeter": true, "elev_m": 195.8, "elev_ft": 642.0, "pressure_zone_est": 1137, "static_psi_est": 214.3}, "geometry": {"type": "Point", "coordinates": [-118.563187640298, 34.0723735841039]}}, {"type": "Feature", "properties": {"hydrant_id": "42788", "operator": "LADWP", "size_code": "2 1/2 X 4D", "make": "Clow", "main_size_in": 16.0, "corner": "S", "street": "PALISADES DR", "cross_street": "134 WW EL BOSQUE CT", "source": "LADWP Fire Hydrants (DWP) - ArcGIS Online copy of LA GeoHub layer; IDs verified against City BOE Palisades layer", "in_perimeter": true, "elev_m": 304.8, "elev_ft": 1000.0, "pressure_zone_est": 1137, "static_psi_est": 59.3}, "geometry": {"type": "Point", "coordinates": [-118.557110040742, 34.0740705982673]}}, {"type": "Feature", "properties": {"hydrant_id": "32518", "operator": "LADWP", "size_code": "2 1/2 X 4D", "make": "Clow", "main_size_in": 6.0, "corner": "W", "street": "TOYOPA DR", "cross_street": "560'SS RAMOS PL", "source": "LADWP Fire Hydrants (DWP) - ArcGIS Online copy of LA GeoHub layer; IDs verified against City BOE Palisades layer", "in_perimeter": false, "elev_m": 59.1, "elev_ft": 194.0, "pressure_zone_est": 529, "static_psi_est": 145.1}, "geometry": {"type": "Point", "coordinates": [-118.519744140667, 34.031354014949]}}, {"type": "Feature", "properties": {"hydrant_id": "43423", "operator": "LADWP", "size_code": "2 1/2 X 4D", "make": "Long Beach Iron Works", "main_size_in": 8.0, "corner": "E", "street": "PATTERSON PL", "cross_street": "473'SS BOWDOIN ST", "source": "LADWP Fire Hydrants (DWP) - ArcGIS Online copy of LA GeoHub layer; IDs verified against City BOE Palisades layer", "in_perimeter": true, "elev_m": 79.4, "elev_ft": 260.0, "pressure_zone_est": 529, "static_psi_est": 116.5}, "geometry": {"type": "Point", "coordinates": [-118.525710778915, 34.0428677244257]}}, {"type": "Feature", "properties": {"hydrant_id": "37539", "operator": "LADWP", "size_code": "2 1/2 X 4D", "make": "Van De Venter", "main_size_in": 6.0, "corner": "NE", "street": "LA CRUZ DR", "cross_street": "SWARTHMORE AVE", "source": "LADWP Fire Hydrants (DWP) - ArcGIS Online copy of LA GeoHub layer; IDs verified against City BOE Palisades layer", "in_perimeter": true, "elev_m": 94.1, "elev_ft": 309.0, "pressure_zone_est": 529, "static_psi_est": 95.3}, "geometry": {"type": "Point", "coordinates": [-118.526091659896, 34.0457001644583]}}, {"type": "Feature", "properties": {"hydrant_id": "33960", "operator": "LADWP", "size_code": "2 1/2 S", "make": "Van De Venter", "main_size_in": 8.0, "corner": null, "street": null, "cross_street": null, "source": "LADWP Fire Hydrants (DWP) - ArcGIS Online copy of LA GeoHub layer; IDs verified against City BOE Palisades layer", "in_perimeter": false, "elev_m": 127.4, "elev_ft": 418.0, "pressure_zone_est": 529, "static_psi_est": 48.1}, "geometry": {"type": "Point", "coordinates": [-118.496893272661, 34.0615796413466]}}, {"type": "Feature", "properties": {"hydrant_id": "39933", "operator": "LADWP", "size_code": "2 1/2 S BU", "make": "Jones Angle Valve 6", "main_size_in": 16.0, "corner": "NW", "street": "LOS LIONES DR", "cross_street": "SUNSET BLVD", "source": "LADWP Fire Hydrants (DWP) - ArcGIS Online copy of LA GeoHub layer; IDs verified against City BOE Palisades layer", "in_perimeter": false, "elev_m": 20.7, "elev_ft": 68.0, "pressure_zone_est": 529, "static_psi_est": 199.6}, "geometry": {"type": "Point", "coordinates": [-118.554140245154, 34.0418814973186]}}, {"type": "Feature", "properties": {"hydrant_id": "42782", "operator": "LADWP", "size_code": "2 1/2 X 4D", "make": "Clow", "main_size_in": 16.0, "corner": "N", "street": "PALISADES DR", "cross_street": "472 EE CUESTA LINDA DR", "source": "LADWP Fire Hydrants (DWP) - ArcGIS Online copy of LA GeoHub layer; IDs verified against City BOE Palisades layer", "in_perimeter": true, "elev_m": 348.7, "elev_ft": 1144.0, "pressure_zone_est": 1345, "static_psi_est": 87.0}, "geometry": {"type": "Point", "coordinates": [-118.553492851218, 34.0743860070351]}}, {"type": "Feature", "properties": {"hydrant_id": "40300", "operator": "LADWP", "size_code": "4 S BU", "make": "Jones Angle Valve 6", "main_size_in": 6.0, "corner": "SE", "street": "RADCLIFF AVE", "cross_street": "& ALLEY S/O DE PAUW", "source": "LADWP Fire Hydrants (DWP) - ArcGIS Online copy of LA GeoHub layer; IDs verified against City BOE Palisades layer", "in_perimeter": true, "elev_m": 76.9, "elev_ft": 252.0, "pressure_zone_est": 529, "static_psi_est": 119.9}, "geometry": {"type": "Point", "coordinates": [-118.531422387854, 34.0396117986152]}}, {"type": "Feature", "properties": {"hydrant_id": "32873", "operator": "LADWP", "size_code": "2 1/2 S", "make": "Keystone", "main_size_in": 6.0, "corner": "NW", "street": "CARTHAGE ST", "cross_street": "VIA DE LA PAZ", "source": "LADWP Fire Hydrants (DWP) - ArcGIS Online copy of LA GeoHub layer; IDs verified against City BOE Palisades layer", "in_perimeter": true, "elev_m": 95.4, "elev_ft": 313.0, "pressure_zone_est": 529, "static_psi_est": 93.5}, "geometry": {"type": "Point", "coordinates": [-118.528396825337, 34.0427453694628]}}, {"type": "Feature", "properties": {"hydrant_id": "32884", "operator": "LADWP", "size_code": "2 1/2 X 4D", "make": "Rich", "main_size_in": 6.0, "corner": "NE", "street": "CHAPALA DR", "cross_street": "ALMA REAL S DR", "source": "LADWP Fire Hydrants (DWP) - ArcGIS Online copy of LA GeoHub layer; IDs verified against City BOE Palisades layer", "in_perimeter": false, "elev_m": 84.1, "elev_ft": 276.0, "pressure_zone_est": 529, "static_psi_est": 109.5}, "geometry": {"type": "Point", "coordinates": [-118.522353670865, 34.0372578726274]}}, {"type": "Feature", "properties": {"hydrant_id": "32883", "operator": "LADWP", "size_code": "2 1/2 X 4D", "make": "Rich", "main_size_in": 6.0, "corner": "SW", "street": "CHAPALA DR", "cross_street": "PAMPAS RICAS BL", "source": "LADWP Fire Hydrants (DWP) - ArcGIS Online copy of LA GeoHub layer; IDs verified against City BOE Palisades layer", "in_perimeter": true, "elev_m": 87.5, "elev_ft": 287.0, "pressure_zone_est": 529, "static_psi_est": 104.8}, "geometry": {"type": "Point", "coordinates": [-118.521350181433, 34.0397535069698]}}, {"type": "Feature", "properties": {"hydrant_id": "32887", "operator": "LADWP", "size_code": "2 1/2 X 4D", "make": "Clow", "main_size_in": 6.0, "corner": "SE", "street": "OCAMPO DR", "cross_street": "DRUMMOND ST", "source": "LADWP Fire Hydrants (DWP) - ArcGIS Online copy of LA GeoHub layer; IDs verified against City BOE Palisades layer", "in_perimeter": true, "elev_m": 90.9, "elev_ft": 298.0, "pressure_zone_est": 529, "static_psi_est": 100.0}, "geometry": {"type": "Point", "coordinates": [-118.521939864565, 34.0416780043618]}}, {"type": "Feature", "properties": {"hydrant_id": "32895", "operator": "LADWP", "size_code": "2 1/2 X 4D", "make": "Mueller", "main_size_in": 6.0, "corner": "NE", "street": "ILIFF ST", "cross_street": "SUNSET BL", "source": "LADWP Fire Hydrants (DWP) - ArcGIS Online copy of LA GeoHub layer; IDs verified against City BOE Palisades layer", "in_perimeter": true, "elev_m": 89.1, "elev_ft": 292.0, "pressure_zone_est": 529, "static_psi_est": 102.6}, "geometry": {"type": "Point", "coordinates": [-118.517663877689, 34.0416434052391]}}, {"type": "Feature", "properties": {"hydrant_id": "29200", "operator": "LADWP", "size_code": "2 1/2 S BU", "make": "Jones Angle Valve 6", "main_size_in": 24.0, "corner": null, "street": null, "cross_street": null, "source": "LADWP Fire Hydrants (DWP) - ArcGIS Online copy of LA GeoHub layer; IDs verified against City BOE Palisades layer", "in_perimeter": false, "elev_m": 489.0, "elev_ft": 1604.0, "pressure_zone_est": 1645, "static_psi_est": 17.8}, "geometry": {"type": "Point", "coordinates": [-118.495763793279, 34.0999886254217]}}, {"type": "Feature", "properties": {"hydrant_id": "82111", "operator": "LADWP", "size_code": "2 1/2 X 4D", "make": "Clow", "main_size_in": 6.0, "corner": "W", "street": "LATIMER RD (PVT)", "cross_street": "1173' SS SUNSET BLVD", "source": "LADWP Fire Hydrants (DWP) - ArcGIS Online copy of LA GeoHub layer; IDs verified against City BOE Palisades layer", "in_perimeter": false, "elev_m": 56.2, "elev_ft": 184.0, "pressure_zone_est": 529, "static_psi_est": 149.4}, "geometry": {"type": "Point", "coordinates": [-118.512029427357, 34.0438351064246]}}, {"type": "Feature", "properties": {"hydrant_id": "33580", "operator": "LADWP", "size_code": "2 1/2 X 4D", "make": "Clow", "main_size_in": 8.0, "corner": "N", "street": "PASEO MIRAMAR", "cross_street": "597' WW VIA LUCIA", "source": "LADWP Fire Hydrants (DWP) - ArcGIS Online copy of LA GeoHub layer; IDs verified against City BOE Palisades layer", "in_perimeter": false, "elev_m": 86.9, "elev_ft": 285.0, "pressure_zone_est": 529, "static_psi_est": 105.7}, "geometry": {"type": "Point", "coordinates": [-118.555805729791, 34.0456783398989]}}, {"type": "Feature", "properties": {"hydrant_id": "41142", "operator": "LADWP", "size_code": "2 1/2 X 4D", "make": "Clow", "main_size_in": 12.0, "corner": null, "street": null, "cross_street": null, "source": "LADWP Fire Hydrants (DWP) - ArcGIS Online copy of LA GeoHub layer; IDs verified against City BOE Palisades layer", "in_perimeter": false, "elev_m": 352.7, "elev_ft": 1157.0, "pressure_zone_est": 1345, "static_psi_est": 81.4}, "geometry": {"type": "Point", "coordinates": [-118.508391420484, 34.0837064219644]}}, {"type": "Feature", "properties": {"hydrant_id": "32838", "operator": "LADWP", "size_code": "2 1/2 X 4D", "make": "Long Beach Iron Works", "main_size_in": 8.0, "corner": "NW", "street": "SUNSET BLVD", "cross_street": "CASTELLAMMARE DR", "source": "LADWP Fire Hydrants (DWP) - ArcGIS Online copy of LA GeoHub layer; IDs verified against City BOE Palisades layer", "in_perimeter": false, "elev_m": 10.2, "elev_ft": 34.0, "pressure_zone_est": 529, "static_psi_est": 214.3}, "geometry": {"type": "Point", "coordinates": [-118.554857266192, 34.0396303943735]}}, {"type": "Feature", "properties": {"hydrant_id": "40448", "operator": "LADWP", "size_code": "2 1/2 S", "make": "Van De Venter", "main_size_in": 6.0, "corner": null, "street": null, "cross_street": null, "source": "LADWP Fire Hydrants (DWP) - ArcGIS Online copy of LA GeoHub layer; IDs verified against City BOE Palisades layer", "in_perimeter": false, "elev_m": 237.6, "elev_ft": 780.0, "pressure_zone_est": 1137, "static_psi_est": 154.6}, "geometry": {"type": "Point", "coordinates": [-118.506890188719, 34.0746475493715]}}, {"type": "Feature", "properties": {"hydrant_id": "33967", "operator": "LADWP", "size_code": "2 1/2 X 4D", "make": "Clow", "main_size_in": 6.0, "corner": null, "street": null, "cross_street": null, "source": "LADWP Fire Hydrants (DWP) - ArcGIS Online copy of LA GeoHub layer; IDs verified against City BOE Palisades layer", "in_perimeter": false, "elev_m": 156.1, "elev_ft": 512.0, "pressure_zone_est": 720, "static_psi_est": 90.1}, "geometry": {"type": "Point", "coordinates": [-118.490968663442, 34.0618079018881]}}, {"type": "Feature", "properties": {"hydrant_id": "41734", "operator": "LADWP", "size_code": "2 1/2 X 4D", "make": "Rich", "main_size_in": 36.0, "corner": "W", "street": "PALISADES DR", "cross_street": "348 SS AVE DE SANTA YNEZ", "source": "LADWP Fire Hydrants (DWP) - ArcGIS Online copy of LA GeoHub layer; IDs verified against City BOE Palisades layer", "in_perimeter": true, "elev_m": 168.9, "elev_ft": 554.0, "pressure_zone_est": 720, "static_psi_est": 71.9}, "geometry": {"type": "Point", "coordinates": [-118.561065789402, 34.0695234378927]}}, {"type": "Feature", "properties": {"hydrant_id": "38465", "operator": "LADWP", "size_code": "2 1/2 S", "make": "Van De Venter", "main_size_in": 8.0, "corner": "SW", "street": "CHAUTAUQUA BLVD", "cross_street": "DRUMMOND ST", "source": "LADWP Fire Hydrants (DWP) - ArcGIS Online copy of LA GeoHub layer; IDs verified against City BOE Palisades layer", "in_perimeter": true, "elev_m": 96.2, "elev_ft": 316.0, "pressure_zone_est": 529, "static_psi_est": 92.2}, "geometry": {"type": "Point", "coordinates": [-118.517320324945, 34.0435826109944]}}, {"type": "Feature", "properties": {"hydrant_id": "33127", "operator": "LADWP", "size_code": "2 1/2 X 4D", "make": "Jones", "main_size_in": 8.0, "corner": "NW", "street": "SUNSET BL", "cross_street": "RIVAS CANYON (PVT) RD", "source": "LADWP Fire Hydrants (DWP) - ArcGIS Online copy of LA GeoHub layer; IDs verified against City BOE Palisades layer", "in_perimeter": true, "elev_m": 66.7, "elev_ft": 219.0, "pressure_zone_est": 529, "static_psi_est": 134.2}, "geometry": {"type": "Point", "coordinates": [-118.514230382014, 34.0461739401503]}}, {"type": "Feature", "properties": {"hydrant_id": "36770", "operator": "LADWP", "size_code": "2 1/2 S", "make": "Van De Venter", "main_size_in": 6.0, "corner": "NE", "street": "DRYAD RD", "cross_street": "ATTILLA RD", "source": "LADWP Fire Hydrants (DWP) - ArcGIS Online copy of LA GeoHub layer; IDs verified against City BOE Palisades layer", "in_perimeter": false, "elev_m": 30.9, "elev_ft": 101.0, "pressure_zone_est": 529, "static_psi_est": 185.3}, "geometry": {"type": "Point", "coordinates": [-118.510764245005, 34.0337967736279]}}, {"type": "Feature", "properties": {"hydrant_id": "42491", "operator": "LADWP", "size_code": "2 1/2 X 4D", "make": "Rich", "main_size_in": 6.0, "corner": "NE", "street": "AMALFI CT", "cross_street": "AMALFI DR", "source": "LADWP Fire Hydrants (DWP) - ArcGIS Online copy of LA GeoHub layer; IDs verified against City BOE Palisades layer", "in_perimeter": false, "elev_m": 27.0, "elev_ft": 89.0, "pressure_zone_est": 529, "static_psi_est": 190.5}, "geometry": {"type": "Point", "coordinates": [-118.511498258806, 34.0328830414248]}}, {"type": "Feature", "properties": {"hydrant_id": "44370", "operator": "LADWP", "size_code": "2 1/2 X 4D", "make": "Clow", "main_size_in": 6.0, "corner": "SE", "street": "HARTZELL ST", "cross_street": "BESTOR BLVD", "source": "LADWP Fire Hydrants (DWP) - ArcGIS Online copy of LA GeoHub layer; IDs verified against City BOE Palisades layer", "in_perimeter": true, "elev_m": 126.6, "elev_ft": 415.0, "pressure_zone_est": 529, "static_psi_est": 49.4}, "geometry": {"type": "Point", "coordinates": [-118.520890696262, 34.0511793767907]}}, {"type": "Feature", "properties": {"hydrant_id": "37061", "operator": "LADWP", "size_code": "2 1/2 S", "make": "Van De Venter", "main_size_in": 12.0, "corner": "S", "street": "VILLA WOODS DR", "cross_street": "98WW WILL ROGERS ST", "source": "LADWP Fire Hydrants (DWP) - ArcGIS Online copy of LA GeoHub layer; IDs verified against City BOE Palisades layer", "in_perimeter": true, "elev_m": 116.5, "elev_ft": 382.0, "pressure_zone_est": 529, "static_psi_est": 63.7}, "geometry": {"type": "Point", "coordinates": [-118.513516357611, 34.0512140373675]}}, {"type": "Feature", "properties": {"hydrant_id": "38340", "operator": "LADWP", "size_code": "2 1/2 S", "make": "Van De Venter", "main_size_in": 6.0, "corner": "SW", "street": "JONESBORO LW DR", "cross_street": "JONESBORO PL", "source": "LADWP Fire Hydrants (DWP) - ArcGIS Online copy of LA GeoHub layer; IDs verified against City BOE Palisades layer", "in_perimeter": false, "elev_m": 101.5, "elev_ft": 333.0, "pressure_zone_est": 529, "static_psi_est": 84.9}, "geometry": {"type": "Point", "coordinates": [-118.499042283926, 34.052403499305]}}, {"type": "Feature", "properties": {"hydrant_id": "38201", "operator": "LADWP", "size_code": "2 1/2 S", "make": "Van De Venter", "main_size_in": 6.0, "corner": "W", "street": "BRINKLEY AVE", "cross_street": "320 SS BECKWITH AVE", "source": "LADWP Fire Hydrants (DWP) - ArcGIS Online copy of LA GeoHub layer; IDs verified against City BOE Palisades layer", "in_perimeter": false, "elev_m": 104.4, "elev_ft": 343.0, "pressure_zone_est": 529, "static_psi_est": 80.5}, "geometry": {"type": "Point", "coordinates": [-118.49627869219, 34.0531639366536]}}, {"type": "Feature", "properties": {"hydrant_id": "40251", "operator": "LADWP", "size_code": "2 1/2 X 4D", "make": "Van De Venter", "main_size_in": 8.0, "corner": null, "street": null, "cross_street": null, "source": "LADWP Fire Hydrants (DWP) - ArcGIS Online copy of LA GeoHub layer; IDs verified against City BOE Palisades layer", "in_perimeter": false, "elev_m": 108.6, "elev_ft": 356.0, "pressure_zone_est": 529, "static_psi_est": 74.9}, "geometry": {"type": "Point", "coordinates": [-118.492033244228, 34.0486348089656]}}, {"type": "Feature", "properties": {"hydrant_id": "38299", "operator": "LADWP", "size_code": "2 1/2 S", "make": "Van De Venter", "main_size_in": 8.0, "corner": "NW", "street": "LACHMAN LANE", "cross_street": "AKRON ST", "source": "LADWP Fire Hydrants (DWP) - ArcGIS Online copy of LA GeoHub layer; IDs verified against City BOE Palisades layer", "in_perimeter": true, "elev_m": 129.9, "elev_ft": 426.0, "pressure_zone_est": 529, "static_psi_est": 44.6}, "geometry": {"type": "Point", "coordinates": [-118.545676806022, 34.0500422037886]}}, {"type": "Feature", "properties": {"hydrant_id": "39666", "operator": "LADWP", "size_code": "4S", "make": "Rich", "main_size_in": 6.0, "corner": "E", "street": "JACON WAY", "cross_street": "73 NN EL ORO LANE", "source": "LADWP Fire Hydrants (DWP) - ArcGIS Online copy of LA GeoHub layer; IDs verified against City BOE Palisades layer", "in_perimeter": true, "elev_m": 150.2, "elev_ft": 493.0, "pressure_zone_est": 720, "static_psi_est": 98.3}, "geometry": {"type": "Point", "coordinates": [-118.547145787873, 34.0531708854502]}}, {"type": "Feature", "properties": {"hydrant_id": "41556", "operator": "LADWP", "size_code": "2 1/2 S BU", "make": "Jones Angle Valve 6", "main_size_in": 36.0, "corner": "W", "street": "STA YNEZ CYN RD", "cross_street": "3034 NN SUNSET BL", "source": "LADWP Fire Hydrants (DWP) - ArcGIS Online copy of LA GeoHub layer; IDs verified against City BOE Palisades layer", "in_perimeter": true, "elev_m": 62.8, "elev_ft": 206.0, "pressure_zone_est": 529, "static_psi_est": 139.9}, "geometry": {"type": "Point", "coordinates": [-118.553430501741, 34.0527150584709]}}, {"type": "Feature", "properties": {"hydrant_id": "40776", "operator": "LADWP", "size_code": "4S", "make": "Rich", "main_size_in": 8.0, "corner": "E", "street": "SURFVIEW DR", "cross_street": "6 SS BLUE SAIL DR", "source": "LADWP Fire Hydrants (DWP) - ArcGIS Online copy of LA GeoHub layer; IDs verified against City BOE Palisades layer", "in_perimeter": true, "elev_m": 114.1, "elev_ft": 374.0, "pressure_zone_est": 529, "static_psi_est": 67.1}, "geometry": {"type": "Point", "coordinates": [-118.567098988286, 34.0487322536514]}}, {"type": "Feature", "properties": {"hydrant_id": "42801", "operator": "LADWP", "size_code": "2 1/2 X 4D", "make": "Clow", "main_size_in": 8.0, "corner": "S", "street": "SUNSET BLVD", "cross_street": "260'WW BIENVENEDA AVE", "source": "LADWP Fire Hydrants (DWP) - ArcGIS Online copy of LA GeoHub layer; IDs verified against City BOE Palisades layer", "in_perimeter": true, "elev_m": 86.0, "elev_ft": 282.0, "pressure_zone_est": 529, "static_psi_est": 107.0}, "geometry": {"type": "Point", "coordinates": [-118.540579867648, 34.0486613090817]}}, {"type": "Feature", "properties": {"hydrant_id": "37440", "operator": "LADWP", "size_code": "2 1/2 S", "make": "Van De Venter", "main_size_in": 8.0, "corner": "NE", "street": "BIENVENIDA AVE", "cross_street": "SUNSET BLVD", "source": "LADWP Fire Hydrants (DWP) - ArcGIS Online copy of LA GeoHub layer; IDs verified against City BOE Palisades layer", "in_perimeter": true, "elev_m": 87.0, "elev_ft": 285.0, "pressure_zone_est": 529, "static_psi_est": 105.7}, "geometry": {"type": "Point", "coordinates": [-118.539477871157, 34.0489851580215]}}, {"type": "Feature", "properties": {"hydrant_id": "37442", "operator": "LADWP", "size_code": "2 1/2 X 4D", "make": "Jones", "main_size_in": 8.0, "corner": "W", "street": "LAS PULGAS RD", "cross_street": "541 NN MARONEY LANE", "source": "LADWP Fire Hydrants (DWP) - ArcGIS Online copy of LA GeoHub layer; IDs verified against City BOE Palisades layer", "in_perimeter": true, "elev_m": 114.1, "elev_ft": 374.0, "pressure_zone_est": 529, "static_psi_est": 67.1}, "geometry": {"type": "Point", "coordinates": [-118.538804037336, 34.0519033310464]}}, {"type": "Feature", "properties": {"hydrant_id": "33328", "operator": "LADWP", "size_code": "2 1/2 S", "make": "Van De Venter", "main_size_in": 6.0, "corner": "W", "street": "ALBRIGHT ST", "cross_street": "576 NW VIA DELA PAZ", "source": "LADWP Fire Hydrants (DWP) - ArcGIS Online copy of LA GeoHub layer; IDs verified against City BOE Palisades layer", "in_perimeter": true, "elev_m": 111.1, "elev_ft": 365.0, "pressure_zone_est": 529, "static_psi_est": 71.0}, "geometry": {"type": "Point", "coordinates": [-118.527533271181, 34.0502080126136]}}, {"type": "Feature", "properties": {"hydrant_id": "37248", "operator": "LADWP", "size_code": "2 1/2 S", "make": "Van De Venter", "main_size_in": 8.0, "corner": "SW", "street": "MONUMENT ST", "cross_street": "WHITFIELD AVE", "source": "LADWP Fire Hydrants (DWP) - ArcGIS Online copy of LA GeoHub layer; IDs verified against City BOE Palisades layer", "in_perimeter": true, "elev_m": 125.7, "elev_ft": 412.0, "pressure_zone_est": 529, "static_psi_est": 50.7}, "geometry": {"type": "Point", "coordinates": [-118.525074247204, 34.051851365746]}}, {"type": "Feature", "properties": {"hydrant_id": "31058", "operator": "LADWP", "size_code": "2 1/2 X 4D", "make": "Clow", "main_size_in": 6.0, "corner": "E", "street": "GOUCHER ST", "cross_street": "594'NN MCKENDREE AV (LW)", "source": "LADWP Fire Hydrants (DWP) - ArcGIS Online copy of LA GeoHub layer; IDs verified against City BOE Palisades layer", "in_perimeter": true, "elev_m": 156.9, "elev_ft": 515.0, "pressure_zone_est": 720, "static_psi_est": 88.8}, "geometry": {"type": "Point", "coordinates": [-118.522518359969, 34.0533460415337]}}, {"type": "Feature", "properties": {"hydrant_id": "31057", "operator": "LADWP", "size_code": "2 1/2 X 4D", "make": "Rich", "main_size_in": 6.0, "corner": "N", "street": "WHITFIELD AV", "cross_street": "477 WW MCKENDREE AV", "source": "LADWP Fire Hydrants (DWP) - ArcGIS Online copy of LA GeoHub layer; IDs verified against City BOE Palisades layer", "in_perimeter": true, "elev_m": 134.1, "elev_ft": 440.0, "pressure_zone_est": 720, "static_psi_est": 121.2}, "geometry": {"type": "Point", "coordinates": [-118.521656523622, 34.0520891420617]}}, {"type": "Feature", "properties": {"hydrant_id": "31059", "operator": "LADWP", "size_code": "2 1/2 S", "make": "Van De Venter", "main_size_in": 16.0, "corner": "NE", "street": "BEREA PL", "cross_street": "15 NN CHAUTAUQUA LE", "source": "LADWP Fire Hydrants (DWP) - ArcGIS Online copy of LA GeoHub layer; IDs verified against City BOE Palisades layer", "in_perimeter": true, "elev_m": 162.9, "elev_ft": 534.0, "pressure_zone_est": 720, "static_psi_est": 80.5}, "geometry": {"type": "Point", "coordinates": [-118.520554381956, 34.0531194685426]}}, {"type": "Feature", "properties": {"hydrant_id": "31064", "operator": "LADWP", "size_code": "2 1/2 X 4D", "make": "Clow", "main_size_in": 6.0, "corner": "SE", "street": "GALLOWAY ST", "cross_street": "BESTOR BLVD", "source": "LADWP Fire Hydrants (DWP) - ArcGIS Online copy of LA GeoHub layer; IDs verified against City BOE Palisades layer", "in_perimeter": true, "elev_m": 125.3, "elev_ft": 411.0, "pressure_zone_est": 529, "static_psi_est": 51.1}, "geometry": {"type": "Point", "coordinates": [-118.521889569243, 34.0513595848618]}}, {"type": "Feature", "properties": {"hydrant_id": "39760", "operator": "LADWP", "size_code": "2 1/2 S", "make": "Greenberg", "main_size_in": 6.0, "corner": "S", "street": "MARONEY LANE", "cross_street": "1042 EE LAS PULGAS", "source": "LADWP Fire Hydrants (DWP) - ArcGIS Online copy of LA GeoHub layer; IDs verified against City BOE Palisades layer", "in_perimeter": true, "elev_m": 116.2, "elev_ft": 381.0, "pressure_zone_est": 529, "static_psi_est": 64.1}, "geometry": {"type": "Point", "coordinates": [-118.53678743753, 34.0532997542173]}}, {"type": "Feature", "properties": {"hydrant_id": "39696", "operator": "LADWP", "size_code": "2 1/2 S", "make": "Greenberg", "main_size_in": 8.0, "corner": "E", "street": "LAS LOMAS AVE", "cross_street": "355 SS ANOKA DR", "source": "LADWP Fire Hydrants (DWP) - ArcGIS Online copy of LA GeoHub layer; IDs verified against City BOE Palisades layer", "in_perimeter": true, "elev_m": 128.1, "elev_ft": 420.0, "pressure_zone_est": 529, "static_psi_est": 47.2}, "geometry": {"type": "Point", "coordinates": [-118.535767571477, 34.0522472489693]}}, {"type": "Feature", "properties": {"hydrant_id": "44498", "operator": "LADWP", "size_code": "2 1/2 X 4D", "make": "Clow", "main_size_in": 8.0, "corner": "NW", "street": "LAS LOMAS AVE", "cross_street": "SUNSET BLVD", "source": "LADWP Fire Hydrants (DWP) - ArcGIS Online copy of LA GeoHub layer; IDs verified against City BOE Palisades layer", "in_perimeter": true, "elev_m": 93.9, "elev_ft": 308.0, "pressure_zone_est": 529, "static_psi_est": 95.7}, "geometry": {"type": "Point", "coordinates": [-118.538735722412, 34.0487280532926]}}, {"type": "Feature", "properties": {"hydrant_id": "32913", "operator": "LADWP", "size_code": "2 1/2 X 4D", "make": "Mueller", "main_size_in": 8.0, "corner": "E", "street": "EAST CHANNEL RD", "cross_street": "419 NN ESPARTA WY", "source": "LADWP Fire Hydrants (DWP) - ArcGIS Online copy of LA GeoHub layer; IDs verified against City BOE Palisades layer", "in_perimeter": false, "elev_m": 47.6, "elev_ft": 156.0, "pressure_zone_est": 529, "static_psi_est": 161.5}, "geometry": {"type": "Point", "coordinates": [-118.510359870367, 34.0388487827809]}}, {"type": "Feature", "properties": {"hydrant_id": "36771", "operator": "LADWP", "size_code": "2 1/2 X 4D", "make": "Mueller", "main_size_in": 6.0, "corner": "NE", "street": "EAST CHANNEL RD", "cross_street": "ATTILLA RD", "source": "LADWP Fire Hydrants (DWP) - ArcGIS Online copy of LA GeoHub layer; IDs verified against City BOE Palisades layer", "in_perimeter": false, "elev_m": 30.4, "elev_ft": 100.0, "pressure_zone_est": 529, "static_psi_est": 185.8}, "geometry": {"type": "Point", "coordinates": [-118.511716123536, 34.0343016522873]}}, {"type": "Feature", "properties": {"hydrant_id": "39897", "operator": "LADWP", "size_code": "2 1/2 X 4D", "make": "Jones", "main_size_in": 6.0, "corner": null, "street": null, "cross_street": null, "source": "LADWP Fire Hydrants (DWP) - ArcGIS Online copy of LA GeoHub layer; IDs verified against City BOE Palisades layer", "in_perimeter": false, "elev_m": 235.0, "elev_ft": 771.0, "pressure_zone_est": 1137, "static_psi_est": 158.5}, "geometry": {"type": "Point", "coordinates": [-118.500677344983, 34.0727562795095]}}, {"type": "Feature", "properties": {"hydrant_id": "43488", "operator": "LADWP", "size_code": "2 1/2 X 4D", "make": "Long Beach Iron Works", "main_size_in": 16.0, "corner": "E", "street": "TEMESCAL TK RD", "cross_street": "601'NN CALLE ALICANTE", "source": "LADWP Fire Hydrants (DWP) - ArcGIS Online copy of LA GeoHub layer; IDs verified against City BOE Palisades layer", "in_perimeter": true, "elev_m": 492.7, "elev_ft": 1617.0, "pressure_zone_est": 1645, "static_psi_est": 12.1}, "geometry": {"type": "Point", "coordinates": [-118.546740765172, 34.0774034548951]}}, {"type": "Feature", "properties": {"hydrant_id": "40833", "operator": "LADWP", "size_code": "4S", "make": "Rich", "main_size_in": 8.0, "corner": null, "street": null, "cross_street": null, "source": "LADWP Fire Hydrants (DWP) - ArcGIS Online copy of LA GeoHub layer; IDs verified against City BOE Palisades layer", "in_perimeter": false, "elev_m": 301.4, "elev_ft": 989.0, "pressure_zone_est": 1137, "static_psi_est": 64.1}, "geometry": {"type": "Point", "coordinates": [-118.506501716416, 34.0800190122651]}}, {"type": "Feature", "properties": {"hydrant_id": "40684", "operator": "LADWP", "size_code": "2 1/2 X 4D", "make": "Jones", "main_size_in": 16.0, "corner": null, "street": null, "cross_street": null, "source": "LADWP Fire Hydrants (DWP) - ArcGIS Online copy of LA GeoHub layer; IDs verified against City BOE Palisades layer", "in_perimeter": false, "elev_m": 294.2, "elev_ft": 965.0, "pressure_zone_est": 1137, "static_psi_est": 74.5}, "geometry": {"type": "Point", "coordinates": [-118.506511416671, 34.078485204361]}}, {"type": "Feature", "properties": {"hydrant_id": "40896", "operator": "LADWP", "size_code": "4S", "make": "Darling", "main_size_in": 8.0, "corner": null, "street": null, "cross_street": null, "source": "LADWP Fire Hydrants (DWP) - ArcGIS Online copy of LA GeoHub layer; IDs verified against City BOE Palisades layer", "in_perimeter": false, "elev_m": 277.2, "elev_ft": 909.0, "pressure_zone_est": 1137, "static_psi_est": 98.7}, "geometry": {"type": "Point", "coordinates": [-118.508537481089, 34.0788867340731]}}, {"type": "Feature", "properties": {"hydrant_id": "40711", "operator": "LADWP", "size_code": "2 1/2 S BU", "make": "Jones Angle Valve 6", "main_size_in": 8.0, "corner": null, "street": null, "cross_street": null, "source": "LADWP Fire Hydrants (DWP) - ArcGIS Online copy of LA GeoHub layer; IDs verified against City BOE Palisades layer", "in_perimeter": false, "elev_m": 248.9, "elev_ft": 817.0, "pressure_zone_est": 1137, "static_psi_est": 138.6}, "geometry": {"type": "Point", "coordinates": [-118.504326127698, 34.079282279739]}}, {"type": "Feature", "properties": {"hydrant_id": "39900", "operator": "LADWP", "size_code": "4S", "make": "Rich", "main_size_in": 6.0, "corner": null, "street": null, "cross_street": null, "source": "LADWP Fire Hydrants (DWP) - ArcGIS Online copy of LA GeoHub layer; IDs verified against City BOE Palisades layer", "in_perimeter": false, "elev_m": 240.4, "elev_ft": 789.0, "pressure_zone_est": 1137, "static_psi_est": 150.7}, "geometry": {"type": "Point", "coordinates": [-118.503588647761, 34.0762784961586]}}, {"type": "Feature", "properties": {"hydrant_id": "42933", "operator": "LADWP", "size_code": "2 1/2 S BU", "make": "Jones Angle Valve 6", "main_size_in": 6.0, "corner": null, "street": null, "cross_street": null, "source": "LADWP Fire Hydrants (DWP) - ArcGIS Online copy of LA GeoHub layer; IDs verified against City BOE Palisades layer", "in_perimeter": false, "elev_m": 211.4, "elev_ft": 694.0, "pressure_zone_est": 1137, "static_psi_est": 191.8}, "geometry": {"type": "Point", "coordinates": [-118.496598642139, 34.0766938163836]}}, {"type": "Feature", "properties": {"hydrant_id": "38325", "operator": "LADWP", "size_code": "2 1/2 S", "make": "Van De Venter", "main_size_in": 8.0, "corner": null, "street": null, "cross_street": null, "source": "LADWP Fire Hydrants (DWP) - ArcGIS Online copy of LA GeoHub layer; IDs verified against City BOE Palisades layer", "in_perimeter": false, "elev_m": 318.4, "elev_ft": 1045.0, "pressure_zone_est": 1345, "static_psi_est": 129.9}, "geometry": {"type": "Point", "coordinates": [-118.494272631015, 34.0806656323166]}}, {"type": "Feature", "properties": {"hydrant_id": "37159", "operator": "LADWP", "size_code": "2 1/2 X 4D", "make": "Long Beach Iron Works", "main_size_in": 12.0, "corner": null, "street": null, "cross_street": null, "source": "LADWP Fire Hydrants (DWP) - ArcGIS Online copy of LA GeoHub layer; IDs verified against City BOE Palisades layer", "in_perimeter": false, "elev_m": 345.9, "elev_ft": 1135.0, "pressure_zone_est": 1345, "static_psi_est": 90.9}, "geometry": {"type": "Point", "coordinates": [-118.496140438749, 34.0845141008227]}}, {"type": "Feature", "properties": {"hydrant_id": "33111", "operator": "LADWP", "size_code": "2 1/2 X 4D", "make": "Clow", "main_size_in": 6.0, "corner": "SE", "street": "DRUMMOND ST", "cross_street": "GALLOWAY ST", "source": "LADWP Fire Hydrants (DWP) - ArcGIS Online copy of LA GeoHub layer; IDs verified against City BOE Palisades layer", "in_perimeter": true, "elev_m": 93.6, "elev_ft": 307.0, "pressure_zone_est": 529, "static_psi_est": 96.1}, "geometry": {"type": "Point", "coordinates": [-118.520125818472, 34.0431284495974]}}, {"type": "Feature", "properties": {"hydrant_id": "40778", "operator": "LADWP", "size_code": "2 1/2 X 4D", "make": "Clow", "main_size_in": 8.0, "corner": "S", "street": "SANDY CAPE DR", "cross_street": "673' WW SURFVIEW DR", "source": "LADWP Fire Hydrants (DWP) - ArcGIS Online copy of LA GeoHub layer; IDs verified against City BOE Palisades layer", "in_perimeter": false, "elev_m": 98.6, "elev_ft": 324.0, "pressure_zone_est": 529, "static_psi_est": 88.8}, "geometry": {"type": "Point", "coordinates": [-118.569152191851, 34.04782790305]}}, {"type": "Feature", "properties": {"hydrant_id": "42898", "operator": "LADWP", "size_code": "2 1/2 X 4D", "make": "Clow", "main_size_in": 12.0, "corner": "S", "street": "SURFVIEW LANE", "cross_street": "134 EE SURFVIEW DR", "source": "LADWP Fire Hydrants (DWP) - ArcGIS Online copy of LA GeoHub layer; IDs verified against City BOE Palisades layer", "in_perimeter": true, "elev_m": 89.1, "elev_ft": 292.0, "pressure_zone_est": 529, "static_psi_est": 102.6}, "geometry": {"type": "Point", "coordinates": [-118.565678072996, 34.047182643164]}}, {"type": "Feature", "properties": {"hydrant_id": "40957", "operator": "LADWP", "size_code": "2 1/2 S BU", "make": "Jones Angle Valve 6", "main_size_in": 16.0, "corner": "S", "street": "LOS LIONES DR", "cross_street": "1056 WW TRAMONTO DR", "source": "LADWP Fire Hydrants (DWP) - ArcGIS Online copy of LA GeoHub layer; IDs verified against City BOE Palisades layer", "in_perimeter": true, "elev_m": 60.0, "elev_ft": 197.0, "pressure_zone_est": 529, "static_psi_est": 143.8}, "geometry": {"type": "Point", "coordinates": [-118.55802744658, 34.0440881598368]}}, {"type": "Feature", "properties": {"hydrant_id": "33582", "operator": "LADWP", "size_code": "2 1/2 X 4D", "make": "Clow", "main_size_in": 6.0, "corner": "NW", "street": "SABBIADORO WAY", "cross_street": "BELLINO DR", "source": "LADWP Fire Hydrants (DWP) - ArcGIS Online copy of LA GeoHub layer; IDs verified against City BOE Palisades layer", "in_perimeter": true, "elev_m": 108.7, "elev_ft": 357.0, "pressure_zone_est": 529, "static_psi_est": 74.5}, "geometry": {"type": "Point", "coordinates": [-118.56090446911, 34.0448498476446]}}, {"type": "Feature", "properties": {"hydrant_id": "38328", "operator": "LADWP", "size_code": "2 1/2 S BU", "make": "Jones Angle Valve 6", "main_size_in": 8.0, "corner": "N", "street": "LUCERO AVE", "cross_street": "306 EE PASEO MIRAMR", "source": "LADWP Fire Hydrants (DWP) - ArcGIS Online copy of LA GeoHub layer; IDs verified against City BOE Palisades layer", "in_perimeter": true, "elev_m": 107.2, "elev_ft": 352.0, "pressure_zone_est": 529, "static_psi_est": 76.6}, "geometry": {"type": "Point", "coordinates": [-118.554924698763, 34.0462698116162]}}, {"type": "Feature", "properties": {"hydrant_id": "42271", "operator": "LADWP", "size_code": "2 1/2 S BU", "make": "Jones Angle Valve 6", "main_size_in": 8.0, "corner": "SW", "street": "CAMINO YATASTO", "cross_street": "VEREDA DE LA MONTURA", "source": "LADWP Fire Hydrants (DWP) - ArcGIS Online copy of LA GeoHub layer; IDs verified against City BOE Palisades layer", "in_perimeter": true, "elev_m": 196.6, "elev_ft": 645.0, "pressure_zone_est": 1137, "static_psi_est": 213.0}, "geometry": {"type": "Point", "coordinates": [-118.567925779987, 34.0792904427291]}}, {"type": "Feature", "properties": {"hydrant_id": "42266", "operator": "LADWP", "size_code": "2 1/2 X 4D", "make": "Rich", "main_size_in": 8.0, "corner": "E", "street": "CAMINO YATASTO", "cross_street": "1034 SS CALLE DE PALERMO", "source": "LADWP Fire Hydrants (DWP) - ArcGIS Online copy of LA GeoHub layer; IDs verified against City BOE Palisades layer", "in_perimeter": true, "elev_m": 259.4, "elev_ft": 851.0, "pressure_zone_est": 1137, "static_psi_est": 123.8}, "geometry": {"type": "Point", "coordinates": [-118.573378806906, 34.0777381920177]}}, {"type": "Feature", "properties": {"hydrant_id": "42201", "operator": "LADWP", "size_code": "2 1/2 S BU", "make": "Jones Angle Valve 6", "main_size_in": 8.0, "corner": "W", "street": "MICHAEL LN", "cross_street": "421 WW AVE DE HERRADURA", "source": "LADWP Fire Hydrants (DWP) - ArcGIS Online copy of LA GeoHub layer; IDs verified against City BOE Palisades layer", "in_perimeter": true, "elev_m": 242.3, "elev_ft": 795.0, "pressure_zone_est": 1137, "static_psi_est": 148.1}, "geometry": {"type": "Point", "coordinates": [-118.564332525477, 34.0801269010815]}}, {"type": "Feature", "properties": {"hydrant_id": "42786", "operator": "LADWP", "size_code": "2 1/2 X 4D", "make": "Clow", "main_size_in": 12.0, "corner": "W", "street": "SUNSET BLVD", "cross_street": "296 NN CASTELLAMARE DR", "source": "LADWP Fire Hydrants (DWP) - ArcGIS Online copy of LA GeoHub layer; IDs verified against City BOE Palisades layer", "in_perimeter": false, "elev_m": 15.0, "elev_ft": 49.0, "pressure_zone_est": 529, "static_psi_est": 207.8}, "geometry": {"type": "Point", "coordinates": [-118.55416209122, 34.0403005574273]}}, {"type": "Feature", "properties": {"hydrant_id": "41709", "operator": "LADWP", "size_code": "2 1/2 X 4D", "make": "Mueller", "main_size_in": 6.0, "corner": "SW", "street": "CALLE DE SEVILLA", "cross_street": "AVENIDA DE SANTA YNEZ", "source": "LADWP Fire Hydrants (DWP) - ArcGIS Online copy of LA GeoHub layer; IDs verified against City BOE Palisades layer", "in_perimeter": true, "elev_m": 187.1, "elev_ft": 614.0, "pressure_zone_est": 720, "static_psi_est": 45.9}, "geometry": {"type": "Point", "coordinates": [-118.559370938784, 34.0695101675515]}}, {"type": "Feature", "properties": {"hydrant_id": "43345", "operator": "LADWP", "size_code": "2 1/2 X 4D", "make": "Long Beach Iron Works", "main_size_in": 8.0, "corner": "NE", "street": "CHASTAIN PKWY EAST", "cross_street": "CALLE DEBORAH", "source": "LADWP Fire Hydrants (DWP) - ArcGIS Online copy of LA GeoHub layer; IDs verified against City BOE Palisades layer", "in_perimeter": true, "elev_m": 449.2, "elev_ft": 1474.0, "pressure_zone_est": 1645, "static_psi_est": 74.0}, "geometry": {"type": "Point", "coordinates": [-118.547743384951, 34.0754367992248]}}, {"type": "Feature", "properties": {"hydrant_id": "32851", "operator": "LADWP", "size_code": "2 1/2 S BU", "make": "Jones Angle Valve 6", "main_size_in": 6.0, "corner": "NE", "street": "TRINO WAY", "cross_street": "ARNO WAY", "source": "LADWP Fire Hydrants (DWP) - ArcGIS Online copy of LA GeoHub layer; IDs verified against City BOE Palisades layer", "in_perimeter": true, "elev_m": 51.0, "elev_ft": 167.0, "pressure_zone_est": 529, "static_psi_est": 156.7}, "geometry": {"type": "Point", "coordinates": [-118.545414432839, 34.0410902354319]}}, {"type": "Feature", "properties": {"hydrant_id": "81133", "operator": "LADWP", "size_code": "2 1/2 X 4D", "make": "Clow", "main_size_in": 6.0, "corner": "E", "street": "MARQUEZ TER", "cross_street": "971' NN JACON WY", "source": "LADWP Fire Hydrants (DWP) - ArcGIS Online copy of LA GeoHub layer; IDs verified against City BOE Palisades layer", "in_perimeter": true, "elev_m": 98.7, "elev_ft": 324.0, "pressure_zone_est": 529, "static_psi_est": 88.8}, "geometry": {"type": "Point", "coordinates": [-118.544106162839, 34.0483403714822]}}, {"type": "Feature", "properties": {"hydrant_id": "33122", "operator": "LADWP", "size_code": "2 1/2 X 4D", "make": "Mueller", "main_size_in": 6.0, "corner": "SE", "street": "ILIFF ST", "cross_street": "BASHFORD ST", "source": "LADWP Fire Hydrants (DWP) - ArcGIS Online copy of LA GeoHub layer; IDs verified against City BOE Palisades layer", "in_perimeter": true, "elev_m": 109.6, "elev_ft": 360.0, "pressure_zone_est": 529, "static_psi_est": 73.2}, "geometry": {"type": "Point", "coordinates": [-118.518973098893, 34.0475852219545]}}, {"type": "Feature", "properties": {"hydrant_id": "33137", "operator": "LADWP", "size_code": "2 1/2 X 4D", "make": "Clow", "main_size_in": 8.0, "corner": "SW", "street": "AMALFI DR", "cross_street": "SUNSET BLVD", "source": "LADWP Fire Hydrants (DWP) - ArcGIS Online copy of LA GeoHub layer; IDs verified against City BOE Palisades layer", "in_perimeter": false, "elev_m": 109.5, "elev_ft": 359.0, "pressure_zone_est": 529, "static_psi_est": 73.6}, "geometry": {"type": "Point", "coordinates": [-118.509825382577, 34.0461916026446]}}, {"type": "Feature", "properties": {"hydrant_id": "33134", "operator": "LADWP", "size_code": "2 1/2 X 4D", "make": "Clow", "main_size_in": 6.0, "corner": "SW", "street": "CORSICA DR", "cross_street": "SPEZIA PL", "source": "LADWP Fire Hydrants (DWP) - ArcGIS Online copy of LA GeoHub layer; IDs verified against City BOE Palisades layer", "in_perimeter": false, "elev_m": 107.1, "elev_ft": 351.0, "pressure_zone_est": 529, "static_psi_est": 77.1}, "geometry": {"type": "Point", "coordinates": [-118.507284142082, 34.0460672186388]}}, {"type": "Feature", "properties": {"hydrant_id": "33129", "operator": "LADWP", "size_code": "2 1/2 S", "make": "Van De Venter", "main_size_in": 6.0, "corner": "SE", "street": "BROOKTREE RD", "cross_street": "RANCH LANE", "source": "LADWP Fire Hydrants (DWP) - ArcGIS Online copy of LA GeoHub layer; IDs verified against City BOE Palisades layer", "in_perimeter": false, "elev_m": 54.5, "elev_ft": 179.0, "pressure_zone_est": 529, "static_psi_est": 151.6}, "geometry": {"type": "Point", "coordinates": [-118.513926805686, 34.0432541098247]}}, {"type": "Feature", "properties": {"hydrant_id": "33317", "operator": "LADWP", "size_code": "2 1/2 X 4D", "make": "Clow", "main_size_in": 6.0, "corner": "N", "street": "AKRON ST", "cross_street": "480' EE CHATTANOOGA AVE", "source": "LADWP Fire Hydrants (DWP) - ArcGIS Online copy of LA GeoHub layer; IDs verified against City BOE Palisades layer", "in_perimeter": true, "elev_m": 105.5, "elev_ft": 346.0, "pressure_zone_est": 529, "static_psi_est": 79.2}, "geometry": {"type": "Point", "coordinates": [-118.541889665614, 34.0511105501319]}}, {"type": "Feature", "properties": {"hydrant_id": "42012", "operator": "LADWP", "size_code": "2 1/2 X 4D", "make": "Rich", "main_size_in": 16.0, "corner": "N", "street": "MARQUEZ AVE", "cross_street": "2'WW BAYLOR ST", "source": "LADWP Fire Hydrants (DWP) - ArcGIS Online copy of LA GeoHub layer; IDs verified against City BOE Palisades layer", "in_perimeter": true, "elev_m": 93.7, "elev_ft": 307.0, "pressure_zone_est": 529, "static_psi_est": 96.1}, "geometry": {"type": "Point", "coordinates": [-118.543397172676, 34.0483412010647]}}, {"type": "Feature", "properties": {"hydrant_id": "37443", "operator": "LADWP", "size_code": "2 1/2 X 4D", "make": "Mueller", "main_size_in": 16.0, "corner": "E", "street": "BIENVENEDA AV", "cross_street": "581 NN LAS PULGAS RD", "source": "LADWP Fire Hydrants (DWP) - ArcGIS Online copy of LA GeoHub layer; IDs verified against City BOE Palisades layer", "in_perimeter": true, "elev_m": 96.5, "elev_ft": 317.0, "pressure_zone_est": 529, "static_psi_est": 91.8}, "geometry": {"type": "Point", "coordinates": [-118.539977704387, 34.0519004525741]}}, {"type": "Feature", "properties": {"hydrant_id": "37241", "operator": "LADWP", "size_code": "2 1/2 S", "make": "Van De Venter", "main_size_in": 8.0, "corner": "SW", "street": "MONUMENT ST", "cross_street": "MC KENDREE AVE", "source": "LADWP Fire Hydrants (DWP) - ArcGIS Online copy of LA GeoHub layer; IDs verified against City BOE Palisades layer", "in_perimeter": true, "elev_m": 140.0, "elev_ft": 459.0, "pressure_zone_est": 720, "static_psi_est": 113.0}, "geometry": {"type": "Point", "coordinates": [-118.524939411672, 34.0526127351013]}}, {"type": "Feature", "properties": {"hydrant_id": "37623", "operator": "LADWP", "size_code": "2 1/2 X 4D", "make": "Mueller", "main_size_in": 12.0, "corner": "NE", "street": "SUNSET BLVD", "cross_street": "HAVERFORD AVE", "source": "LADWP Fire Hydrants (DWP) - ArcGIS Online copy of LA GeoHub layer; IDs verified against City BOE Palisades layer", "in_perimeter": true, "elev_m": 93.2, "elev_ft": 306.0, "pressure_zone_est": 529, "static_psi_est": 96.6}, "geometry": {"type": "Point", "coordinates": [-118.528974344211, 34.0497919137974]}}, {"type": "Feature", "properties": {"hydrant_id": "33331", "operator": "LADWP", "size_code": "2 1/2 X 4D", "make": "Mueller", "main_size_in": 6.0, "corner": "NE", "street": "WHITFIELD AV", "cross_street": "BESTOR BL", "source": "LADWP Fire Hydrants (DWP) - ArcGIS Online copy of LA GeoHub layer; IDs verified against City BOE Palisades layer", "in_perimeter": true, "elev_m": 122.1, "elev_ft": 401.0, "pressure_zone_est": 529, "static_psi_est": 55.4}, "geometry": {"type": "Point", "coordinates": [-118.523002524053, 34.0517221913987]}}, {"type": "Feature", "properties": {"hydrant_id": "42473", "operator": "LADWP", "size_code": "2 1/2 X 4D", "make": "Mueller", "main_size_in": 6.0, "corner": "SW", "street": "WHITFIELD AV", "cross_street": "CHAUTAUQUA BL", "source": "LADWP Fire Hydrants (DWP) - ArcGIS Online copy of LA GeoHub layer; IDs verified against City BOE Palisades layer", "in_perimeter": true, "elev_m": 137.6, "elev_ft": 451.0, "pressure_zone_est": 720, "static_psi_est": 116.5}, "geometry": {"type": "Point", "coordinates": [-118.518361999842, 34.0518761325798]}}, {"type": "Feature", "properties": {"hydrant_id": "39759", "operator": "LADWP", "size_code": "2 1/2 S", "make": "Greenberg", "main_size_in": 6.0, "corner": "S", "street": "MARONEY LANE", "cross_street": "460 EE LAS PULGAS", "source": "LADWP Fire Hydrants (DWP) - ArcGIS Online copy of LA GeoHub layer; IDs verified against City BOE Palisades layer", "in_perimeter": true, "elev_m": 108.7, "elev_ft": 357.0, "pressure_zone_est": 529, "static_psi_est": 74.5}, "geometry": {"type": "Point", "coordinates": [-118.537054373745, 34.0519553941596]}}, {"type": "Feature", "properties": {"hydrant_id": "33311", "operator": "LADWP", "size_code": "2 1/2 X 4D", "make": "Clow", "main_size_in": 6.0, "corner": "N", "street": "ALCIMA AVE", "cross_street": "610'EE LAS LOMAS AVE", "source": "LADWP Fire Hydrants (DWP) - ArcGIS Online copy of LA GeoHub layer; IDs verified against City BOE Palisades layer", "in_perimeter": true, "elev_m": 112.8, "elev_ft": 370.0, "pressure_zone_est": 529, "static_psi_est": 68.8}, "geometry": {"type": "Point", "coordinates": [-118.53561060549, 34.0507020041083]}}, {"type": "Feature", "properties": {"hydrant_id": "40316", "operator": "LADWP", "size_code": "2 1/2 X 4D", "make": "Van De Venter", "main_size_in": 6.0, "corner": "SE", "street": "BAYLOR ST", "cross_street": "SUNSET BLVD", "source": "LADWP Fire Hydrants (DWP) - ArcGIS Online copy of LA GeoHub layer; IDs verified against City BOE Palisades layer", "in_perimeter": true, "elev_m": 89.9, "elev_ft": 295.0, "pressure_zone_est": 529, "static_psi_est": 101.3}, "geometry": {"type": "Point", "coordinates": [-118.543148179786, 34.0479824840687]}}, {"type": "Feature", "properties": {"hydrant_id": "32905", "operator": "LADWP", "size_code": "2 1/2 X 4D", "make": "Clow", "main_size_in": 6.0, "corner": "SE", "street": "NAPOLI DR", "cross_street": "AMALFI DR", "source": "LADWP Fire Hydrants (DWP) - ArcGIS Online copy of LA GeoHub layer; IDs verified against City BOE Palisades layer", "in_perimeter": false, "elev_m": 89.3, "elev_ft": 293.0, "pressure_zone_est": 529, "static_psi_est": 102.2}, "geometry": {"type": "Point", "coordinates": [-118.511487331525, 34.0407236546748]}}, {"type": "Feature", "properties": {"hydrant_id": "44387", "operator": "LADWP", "size_code": "2 1/2 X 4D", "make": "Clow", "main_size_in": 8.0, "corner": "W", "street": "AMALFI DR", "cross_street": "355'SS NAPOLI DR", "source": "LADWP Fire Hydrants (DWP) - ArcGIS Online copy of LA GeoHub layer; IDs verified against City BOE Palisades layer", "in_perimeter": false, "elev_m": 86.7, "elev_ft": 285.0, "pressure_zone_est": 529, "static_psi_est": 105.7}, "geometry": {"type": "Point", "coordinates": [-118.512003526293, 34.039774762237]}}, {"type": "Feature", "properties": {"hydrant_id": "32915", "operator": "LADWP", "size_code": "2 1/2 X 4D", "make": "Clow", "main_size_in": 6.0, "corner": "E", "street": "SAN LORENZO ST", "cross_street": "390'SS ALISAL LN", "source": "LADWP Fire Hydrants (DWP) - ArcGIS Online copy of LA GeoHub layer; IDs verified against City BOE Palisades layer", "in_perimeter": false, "elev_m": 51.9, "elev_ft": 170.0, "pressure_zone_est": 529, "static_psi_est": 155.4}, "geometry": {"type": "Point", "coordinates": [-118.509345417872, 34.0391984494036]}}, {"type": "Feature", "properties": {"hydrant_id": "32916", "operator": "LADWP", "size_code": "2 1/2 X 4D", "make": "Clow", "main_size_in": 6.0, "corner": "E", "street": "KINGMAN AVE", "cross_street": "400'NN MESITA WAY", "source": "LADWP Fire Hydrants (DWP) - ArcGIS Online copy of LA GeoHub layer; IDs verified against City BOE Palisades layer", "in_perimeter": false, "elev_m": 57.5, "elev_ft": 189.0, "pressure_zone_est": 529, "static_psi_est": 147.2}, "geometry": {"type": "Point", "coordinates": [-118.508521234132, 34.0380082930015]}}, {"type": "Feature", "properties": {"hydrant_id": "32917", "operator": "LADWP", "size_code": "2 1/2 X 4D", "make": "Mueller", "main_size_in": 6.0, "corner": "NE", "street": "R/W N/O MESITA WY", "cross_street": "KINGMAN AV", "source": "LADWP Fire Hydrants (DWP) - ArcGIS Online copy of LA GeoHub layer; IDs verified against City BOE Palisades layer", "in_perimeter": false, "elev_m": 60.4, "elev_ft": 198.0, "pressure_zone_est": 529, "static_psi_est": 143.3}, "geometry": {"type": "Point", "coordinates": [-118.508331956249, 34.0392833431408]}}, {"type": "Feature", "properties": {"hydrant_id": "44380", "operator": "LADWP", "size_code": "2 1/2 X 4D", "make": "Clow", "main_size_in": 6.0, "corner": "W", "street": "AMALFI DR", "cross_street": "190'SS C BDG RAIL AMALFI", "source": "LADWP Fire Hydrants (DWP) - ArcGIS Online copy of LA GeoHub layer; IDs verified against City BOE Palisades layer", "in_perimeter": false, "elev_m": 34.0, "elev_ft": 111.0, "pressure_zone_est": 529, "static_psi_est": 181.0}, "geometry": {"type": "Point", "coordinates": [-118.513043596207, 34.0326588514557]}}, {"type": "Feature", "properties": {"hydrant_id": "43310", "operator": "LADWP", "size_code": "2 1/2 X 4D", "make": "Long Beach Iron Works", "main_size_in": 8.0, "corner": null, "street": null, "cross_street": null, "source": "LADWP Fire Hydrants (DWP) - ArcGIS Online copy of LA GeoHub layer; IDs verified against City BOE Palisades layer", "in_perimeter": false, "elev_m": 188.4, "elev_ft": 618.0, "pressure_zone_est": 720, "static_psi_est": 44.2}, "geometry": {"type": "Point", "coordinates": [-118.498748501472, 34.0724075552156]}}, {"type": "Feature", "properties": {"hydrant_id": "34552", "operator": "LADWP", "size_code": "2 1/2 X 4D", "make": "Mueller", "main_size_in": 8.0, "corner": null, "street": null, "cross_street": null, "source": "LADWP Fire Hydrants (DWP) - ArcGIS Online copy of LA GeoHub layer; IDs verified against City BOE Palisades layer", "in_perimeter": false, "elev_m": 170.0, "elev_ft": 558.0, "pressure_zone_est": 720, "static_psi_est": 70.1}, "geometry": {"type": "Point", "coordinates": [-118.497447037417, 34.0720303042548]}}, {"type": "Feature", "properties": {"hydrant_id": "40482", "operator": "LADWP", "size_code": "4S", "make": "Rich", "main_size_in": 6.0, "corner": null, "street": null, "cross_street": null, "source": "LADWP Fire Hydrants (DWP) - ArcGIS Online copy of LA GeoHub layer; IDs verified against City BOE Palisades layer", "in_perimeter": false, "elev_m": 175.2, "elev_ft": 575.0, "pressure_zone_est": 720, "static_psi_est": 62.8}, "geometry": {"type": "Point", "coordinates": [-118.498828499274, 34.0754398318683]}}, {"type": "Feature", "properties": {"hydrant_id": "37184", "operator": "LADWP", "size_code": "2 1/2 X 4D", "make": "Jones", "main_size_in": 8.0, "corner": null, "street": null, "cross_street": null, "source": "LADWP Fire Hydrants (DWP) - ArcGIS Online copy of LA GeoHub layer; IDs verified against City BOE Palisades layer", "in_perimeter": false, "elev_m": 126.7, "elev_ft": 416.0, "pressure_zone_est": 529, "static_psi_est": 48.9}, "geometry": {"type": "Point", "coordinates": [-118.493785367832, 34.0605808598165]}}, {"type": "Feature", "properties": {"hydrant_id": "33968", "operator": "LADWP", "size_code": "2 1/2 X 4D", "make": "Clow", "main_size_in": 6.0, "corner": null, "street": null, "cross_street": null, "source": "LADWP Fire Hydrants (DWP) - ArcGIS Online copy of LA GeoHub layer; IDs verified against City BOE Palisades layer", "in_perimeter": false, "elev_m": 164.2, "elev_ft": 539.0, "pressure_zone_est": 720, "static_psi_est": 78.4}, "geometry": {"type": "Point", "coordinates": [-118.490505623943, 34.0638506177175]}}, {"type": "Feature", "properties": {"hydrant_id": "40404", "operator": "LADWP", "size_code": "2 1/2 S BU", "make": "Jones Angle Valve 6", "main_size_in": 8.0, "corner": "SW", "street": "TELLEM DR", "cross_street": "DONAIRE WAY", "source": "LADWP Fire Hydrants (DWP) - ArcGIS Online copy of LA GeoHub layer; IDs verified against City BOE Palisades layer", "in_perimeter": true, "elev_m": 179.4, "elev_ft": 588.0, "pressure_zone_est": 720, "static_psi_est": 57.2}, "geometry": {"type": "Point", "coordinates": [-118.54500446214, 34.0556558501412]}}, {"type": "Feature", "properties": {"hydrant_id": "41596", "operator": "LADWP", "size_code": "2 1/2 X 4D", "make": "Mueller", "main_size_in": 8.0, "corner": "W", "street": "PASEO MIRAMAR", "cross_street": "65 NS ALONDRA DR", "source": "LADWP Fire Hydrants (DWP) - ArcGIS Online copy of LA GeoHub layer; IDs verified against City BOE Palisades layer", "in_perimeter": true, "elev_m": 169.7, "elev_ft": 557.0, "pressure_zone_est": 720, "static_psi_est": 70.6}, "geometry": {"type": "Point", "coordinates": [-118.557608268389, 34.0492376590383]}}, {"type": "Feature", "properties": {"hydrant_id": "41723", "operator": "LADWP", "size_code": "2 1/2 S BU", "make": "Jones Angle Valve 6", "main_size_in": 24.0, "corner": "E", "street": "PALISADES DR", "cross_street": "583 NN PALISADES CIR", "source": "LADWP Fire Hydrants (DWP) - ArcGIS Online copy of LA GeoHub layer; IDs verified against City BOE Palisades layer", "in_perimeter": true, "elev_m": 198.2, "elev_ft": 650.0, "pressure_zone_est": 1137, "static_psi_est": 210.9}, "geometry": {"type": "Point", "coordinates": [-118.564128113875, 34.0739541051736]}}, {"type": "Feature", "properties": {"hydrant_id": "41732", "operator": "LADWP", "size_code": "2 1/2 S BU", "make": "Jones Angle Valve 6", "main_size_in": 24.0, "corner": "W", "street": "PALISADES DR", "cross_street": "5 SS PALISADES CIR", "source": "LADWP Fire Hydrants (DWP) - ArcGIS Online copy of LA GeoHub layer; IDs verified against City BOE Palisades layer", "in_perimeter": true, "elev_m": 195.9, "elev_ft": 643.0, "pressure_zone_est": 1137, "static_psi_est": 213.9}, "geometry": {"type": "Point", "coordinates": [-118.563600831899, 34.0722307990013]}}, {"type": "Feature", "properties": {"hydrant_id": "41713", "operator": "LADWP", "size_code": "2 1/2 S BU", "make": "Jones Angle Valve 6", "main_size_in": 6.0, "corner": "E", "street": "AVENIDA DE CORTEZ", "cross_street": "443 NN AVE DE STA YNEZ", "source": "LADWP Fire Hydrants (DWP) - ArcGIS Online copy of LA GeoHub layer; IDs verified against City BOE Palisades layer", "in_perimeter": true, "elev_m": 207.0, "elev_ft": 679.0, "pressure_zone_est": 1137, "static_psi_est": 198.3}, "geometry": {"type": "Point", "coordinates": [-118.55947699323, 34.0716715363547]}}, {"type": "Feature", "properties": {"hydrant_id": "41718", "operator": "LADWP", "size_code": "2 1/2 S BU", "make": "Jones Angle Valve 6", "main_size_in": 8.0, "corner": "E", "street": "AVE DE SANTA YNEZ", "cross_street": "512 NN CALLE DE MADRID", "source": "LADWP Fire Hydrants (DWP) - ArcGIS Online copy of LA GeoHub layer; IDs verified against City BOE Palisades layer", "in_perimeter": true, "elev_m": 222.1, "elev_ft": 729.0, "pressure_zone_est": 1137, "static_psi_est": 176.7}, "geometry": {"type": "Point", "coordinates": [-118.558881794724, 34.072665873565]}}, {"type": "Feature", "properties": {"hydrant_id": "41719", "operator": "LADWP", "size_code": "2 1/2 S BU", "make": "Jones Angle Valve 6", "main_size_in": 8.0, "corner": "E", "street": "AVE DE SANTA YNEZ", "cross_street": "365 SS PALISADES CIR", "source": "LADWP Fire Hydrants (DWP) - ArcGIS Online copy of LA GeoHub layer; IDs verified against City BOE Palisades layer", "in_perimeter": true, "elev_m": 218.5, "elev_ft": 717.0, "pressure_zone_est": 1137, "static_psi_est": 181.9}, "geometry": {"type": "Point", "coordinates": [-118.560559227107, 34.0734063554446]}}, {"type": "Feature", "properties": {"hydrant_id": "38389", "operator": "LADWP", "size_code": "2 1/2 X 4D", "make": "Jones", "main_size_in": 6.0, "corner": "S", "street": "CHATTANOOGA AVE", "cross_street": "357' NN CHALET TERR", "source": "LADWP Fire Hydrants (DWP) - ArcGIS Online copy of LA GeoHub layer; IDs verified against City BOE Palisades layer", "in_perimeter": true, "elev_m": 138.3, "elev_ft": 454.0, "pressure_zone_est": 720, "static_psi_est": 115.2}, "geometry": {"type": "Point", "coordinates": [-118.543208151055, 34.0517942670376]}}, {"type": "Feature", "properties": {"hydrant_id": "33313", "operator": "LADWP", "size_code": "2 1/2 X 4D", "make": "Clow", "main_size_in": 8.0, "corner": "SW", "street": "LAS CASAS AVE", "cross_street": "CHATTANOOGA PL", "source": "LADWP Fire Hydrants (DWP) - ArcGIS Online copy of LA GeoHub layer; IDs verified against City BOE Palisades layer", "in_perimeter": true, "elev_m": 105.0, "elev_ft": 345.0, "pressure_zone_est": 529, "static_psi_est": 79.7}, "geometry": {"type": "Point", "coordinates": [-118.541232316265, 34.0496974775378]}}, {"type": "Feature", "properties": {"hydrant_id": "43199", "operator": "LADWP", "size_code": "2 1/2 X 4D", "make": "Long Beach Iron Works", "main_size_in": 16.0, "corner": "S", "street": "SUNSET BLVD", "cross_street": "451 EE TEMESCAL CYN RD", "source": "LADWP Fire Hydrants (DWP) - ArcGIS Online copy of LA GeoHub layer; IDs verified against City BOE Palisades layer", "in_perimeter": true, "elev_m": 97.2, "elev_ft": 319.0, "pressure_zone_est": 529, "static_psi_est": 90.9}, "geometry": {"type": "Point", "coordinates": [-118.528593175723, 34.0486515295496]}}, {"type": "Feature", "properties": {"hydrant_id": "40005", "operator": "LADWP", "size_code": "4S", "make": "Rich", "main_size_in": 6.0, "corner": "W", "street": "MC KENDREE AVE", "cross_street": "503 NN BESTOR BLVD", "source": "LADWP Fire Hydrants (DWP) - ArcGIS Online copy of LA GeoHub layer; IDs verified against City BOE Palisades layer", "in_perimeter": true, "elev_m": 132.0, "elev_ft": 433.0, "pressure_zone_est": 720, "static_psi_est": 124.3}, "geometry": {"type": "Point", "coordinates": [-118.523573444808, 34.0527865894655]}}, {"type": "Feature", "properties": {"hydrant_id": "42234", "operator": "LADWP", "size_code": "2 1/2 X 4D", "make": "Rich", "main_size_in": 8.0, "corner": "E", "street": "CHAUTAUQUA BL", "cross_street": "2 SS ALBRIGHT ST", "source": "LADWP Fire Hydrants (DWP) - ArcGIS Online copy of LA GeoHub layer; IDs verified against City BOE Palisades layer", "in_perimeter": true, "elev_m": 127.5, "elev_ft": 418.0, "pressure_zone_est": 529, "static_psi_est": 48.1}, "geometry": {"type": "Point", "coordinates": [-118.517311478513, 34.0497336225782]}}, {"type": "Feature", "properties": {"hydrant_id": "33310", "operator": "LADWP", "size_code": "2 1/2 X 4D", "make": "Clow", "main_size_in": 4.0, "corner": "N", "street": "OREO PL", "cross_street": "465'WW LAS LOMAS AVE", "source": "LADWP Fire Hydrants (DWP) - ArcGIS Online copy of LA GeoHub layer; IDs verified against City BOE Palisades layer", "in_perimeter": true, "elev_m": 106.8, "elev_ft": 350.0, "pressure_zone_est": 529, "static_psi_est": 77.5}, "geometry": {"type": "Point", "coordinates": [-118.538556940332, 34.0497451885419]}}, {"type": "Feature", "properties": {"hydrant_id": "33305", "operator": "LADWP", "size_code": "2 1/2 X 4D", "make": "Clow", "main_size_in": 6.0, "corner": "W", "street": "MUSKINGUM AVE", "cross_street": "367'NN SUNSET BLVD", "source": "LADWP Fire Hydrants (DWP) - ArcGIS Online copy of LA GeoHub layer; IDs verified against City BOE Palisades layer", "in_perimeter": true, "elev_m": 95.5, "elev_ft": 313.0, "pressure_zone_est": 529, "static_psi_est": 93.5}, "geometry": {"type": "Point", "coordinates": [-118.535002579921, 34.0498816762861]}}, {"type": "Feature", "properties": {"hydrant_id": "32907", "operator": "LADWP", "size_code": "2 1/2 X 4D", "make": "Mueller", "main_size_in": 6.0, "corner": "W", "street": "LATIMER RD", "cross_street": "2400 EE SUNSET BL", "source": "LADWP Fire Hydrants (DWP) - ArcGIS Online copy of LA GeoHub layer; IDs verified against City BOE Palisades layer", "in_perimeter": false, "elev_m": 45.6, "elev_ft": 150.0, "pressure_zone_est": 529, "static_psi_est": 164.1}, "geometry": {"type": "Point", "coordinates": [-118.514269878571, 34.0409236429487]}}, {"type": "Feature", "properties": {"hydrant_id": "32919", "operator": "LADWP", "size_code": "2 1/2 X 4D", "make": "Mueller", "main_size_in": 6.0, "corner": "N", "street": "HALDEMAN DR", "cross_street": "26 EW HALDEMAN DR(LW)", "source": "LADWP Fire Hydrants (DWP) - ArcGIS Online copy of LA GeoHub layer; IDs verified against City BOE Palisades layer", "in_perimeter": false, "elev_m": 72.0, "elev_ft": 236.0, "pressure_zone_est": 529, "static_psi_est": 126.9}, "geometry": {"type": "Point", "coordinates": [-118.512978083257, 34.0412744660155]}}, {"type": "Feature", "properties": {"hydrant_id": "32911", "operator": "LADWP", "size_code": "2 1/2 X 4D", "make": "Clow", "main_size_in": 8.0, "corner": "W", "street": "AMALFI DR", "cross_street": "595'SS TOULON DR", "source": "LADWP Fire Hydrants (DWP) - ArcGIS Online copy of LA GeoHub layer; IDs verified against City BOE Palisades layer", "in_perimeter": false, "elev_m": 95.8, "elev_ft": 314.0, "pressure_zone_est": 529, "static_psi_est": 93.1}, "geometry": {"type": "Point", "coordinates": [-118.511109582052, 34.0427937596052]}}, {"type": "Feature", "properties": {"hydrant_id": "41634", "operator": "LADWP", "size_code": "2 1/2 X 4D", "make": "Mueller", "main_size_in": 8.0, "corner": "S", "street": "ALISAL (PVT) LN", "cross_street": "333 WW ALISAL (PVT) CT", "source": "LADWP Fire Hydrants (DWP) - ArcGIS Online copy of LA GeoHub layer; IDs verified against City BOE Palisades layer", "in_perimeter": false, "elev_m": 50.9, "elev_ft": 167.0, "pressure_zone_est": 529, "static_psi_est": 156.7}, "geometry": {"type": "Point", "coordinates": [-118.51014575063, 34.0397101086563]}}, {"type": "Feature", "properties": {"hydrant_id": "28601", "operator": "LADWP", "size_code": "2 1/2 S", "make": "Van De Venter", "main_size_in": 6.0, "corner": null, "street": null, "cross_street": null, "source": "LADWP Fire Hydrants (DWP) - ArcGIS Online copy of LA GeoHub layer; IDs verified against City BOE Palisades layer", "in_perimeter": false, "elev_m": 81.2, "elev_ft": 266.0, "pressure_zone_est": 529, "static_psi_est": 113.9}, "geometry": {"type": "Point", "coordinates": [-118.50698972154, 34.0379610117572]}}, {"type": "Feature", "properties": {"hydrant_id": "32674", "operator": "LADWP", "size_code": "2 1/2 X 4D", "make": "Clow", "main_size_in": 8.0, "corner": "NW", "street": "AMALFI DR", "cross_street": "SUMAC LN", "source": "LADWP Fire Hydrants (DWP) - ArcGIS Online copy of LA GeoHub layer; IDs verified against City BOE Palisades layer", "in_perimeter": false, "elev_m": 43.8, "elev_ft": 144.0, "pressure_zone_est": 529, "static_psi_est": 166.7}, "geometry": {"type": "Point", "coordinates": [-118.513142075522, 34.0335993936182]}}, {"type": "Feature", "properties": {"hydrant_id": "40282", "operator": "LADWP", "size_code": "2 1/2 S BU", "make": "Jones Angle Valve 6", "main_size_in": 6.0, "corner": null, "street": null, "cross_street": null, "source": "LADWP Fire Hydrants (DWP) - ArcGIS Online copy of LA GeoHub layer; IDs verified against City BOE Palisades layer", "in_perimeter": false, "elev_m": 236.2, "elev_ft": 775.0, "pressure_zone_est": 1137, "static_psi_est": 156.7}, "geometry": {"type": "Point", "coordinates": [-118.500486110774, 34.0711048163972]}}, {"type": "Feature", "properties": {"hydrant_id": "34550", "operator": "LADWP", "size_code": "2 1/2 X 4D", "make": "Jones", "main_size_in": 12.0, "corner": null, "street": null, "cross_street": null, "source": "LADWP Fire Hydrants (DWP) - ArcGIS Online copy of LA GeoHub layer; IDs verified against City BOE Palisades layer", "in_perimeter": false, "elev_m": 166.8, "elev_ft": 547.0, "pressure_zone_est": 720, "static_psi_est": 74.9}, "geometry": {"type": "Point", "coordinates": [-118.496674780265, 34.0734383443577]}}, {"type": "Feature", "properties": {"hydrant_id": "34551", "operator": "LADWP", "size_code": "2 1/2 X 4D", "make": "Jones", "main_size_in": 12.0, "corner": null, "street": null, "cross_street": null, "source": "LADWP Fire Hydrants (DWP) - ArcGIS Online copy of LA GeoHub layer; IDs verified against City BOE Palisades layer", "in_perimeter": false, "elev_m": 174.7, "elev_ft": 573.0, "pressure_zone_est": 720, "static_psi_est": 63.7}, "geometry": {"type": "Point", "coordinates": [-118.499187807873, 34.0747466739141]}}, {"type": "Feature", "properties": {"hydrant_id": "39899", "operator": "LADWP", "size_code": "4S", "make": "Rich", "main_size_in": 6.0, "corner": null, "street": null, "cross_street": null, "source": "LADWP Fire Hydrants (DWP) - ArcGIS Online copy of LA GeoHub layer; IDs verified against City BOE Palisades layer", "in_perimeter": false, "elev_m": 248.9, "elev_ft": 817.0, "pressure_zone_est": 1137, "static_psi_est": 138.6}, "geometry": {"type": "Point", "coordinates": [-118.502642534072, 34.075221446366]}}, {"type": "Feature", "properties": {"hydrant_id": "38503", "operator": "LADWP", "size_code": "4 S BU", "make": "Jones Angle Valve 6", "main_size_in": 8.0, "corner": "N", "street": "PACIFIC CST HWY", "cross_street": "4573 E E SUNSET BLV", "source": "LADWP Fire Hydrants (DWP) - ArcGIS Online copy of LA GeoHub layer; IDs verified against City BOE Palisades layer", "in_perimeter": false, "elev_m": 6.6, "elev_ft": 22.0, "pressure_zone_est": 529, "static_psi_est": 219.5}, "geometry": {"type": "Point", "coordinates": [-118.540795581119, 34.0385353772661]}}, {"type": "Feature", "properties": {"hydrant_id": "29124", "operator": "LADWP", "size_code": "4 S BU", "make": "Jones Angle Valve 6", "main_size_in": 20.0, "corner": null, "street": null, "cross_street": null, "source": "LADWP Fire Hydrants (DWP) - ArcGIS Online copy of LA GeoHub layer; IDs verified against City BOE Palisades layer", "in_perimeter": false, "elev_m": 197.1, "elev_ft": 647.0, "pressure_zone_est": 1137, "static_psi_est": 212.2}, "geometry": {"type": "Point", "coordinates": [-118.495844163464, 34.0672624251465]}}, {"type": "Feature", "properties": {"hydrant_id": "33954", "operator": "LADWP", "size_code": "2 1/2 X 4D", "make": "Clow", "main_size_in": 8.0, "corner": "SW", "street": "CASALE RD", "cross_street": "ALTA MURA RD", "source": "LADWP Fire Hydrants (DWP) - ArcGIS Online copy of LA GeoHub layer; IDs verified against City BOE Palisades layer", "in_perimeter": false, "elev_m": 192.4, "elev_ft": 631.0, "pressure_zone_est": 1137, "static_psi_est": 219.1}, "geometry": {"type": "Point", "coordinates": [-118.501700069873, 34.0618752279233]}}, {"type": "Feature", "properties": {"hydrant_id": "41991", "operator": "LADWP", "size_code": "2 1/2 S BU", "make": "Jones Angle Valve 6", "main_size_in": 8.0, "corner": "N", "street": "BIENVENEDA PL", "cross_street": "392 WW BIENVENEDA AV", "source": "LADWP Fire Hydrants (DWP) - ArcGIS Online copy of LA GeoHub layer; IDs verified against City BOE Palisades layer", "in_perimeter": true, "elev_m": 199.5, "elev_ft": 654.0, "pressure_zone_est": 1137, "static_psi_est": 209.1}, "geometry": {"type": "Point", "coordinates": [-118.544907323338, 34.0602366568554]}}, {"type": "Feature", "properties": {"hydrant_id": "41697", "operator": "LADWP", "size_code": "2 1/2 X 4D", "make": "Mueller", "main_size_in": 16.0, "corner": "SE", "street": "BIENVENEDA AV", "cross_street": "EL HITO CIR", "source": "LADWP Fire Hydrants (DWP) - ArcGIS Online copy of LA GeoHub layer; IDs verified against City BOE Palisades layer", "in_perimeter": true, "elev_m": 141.7, "elev_ft": 465.0, "pressure_zone_est": 720, "static_psi_est": 110.4}, "geometry": {"type": "Point", "coordinates": [-118.540966492006, 34.0567217805192]}}, {"type": "Feature", "properties": {"hydrant_id": "39795", "operator": "LADWP", "size_code": "4S", "make": "Rich", "main_size_in": 6.0, "corner": "W", "street": "LAS PULGAS RD", "cross_street": "103 SS LAS LOMAS AV", "source": "LADWP Fire Hydrants (DWP) - ArcGIS Online copy of LA GeoHub layer; IDs verified against City BOE Palisades layer", "in_perimeter": true, "elev_m": 146.8, "elev_ft": 481.0, "pressure_zone_est": 720, "static_psi_est": 103.5}, "geometry": {"type": "Point", "coordinates": [-118.537632152005, 34.054443959363]}}, {"type": "Feature", "properties": {"hydrant_id": "42755", "operator": "LADWP", "size_code": "2 1/2 X 4D", "make": "Clow", "main_size_in": 12.0, "corner": "SW", "street": "LACHMAN LN", "cross_street": "GLYNN DR", "source": "LADWP Fire Hydrants (DWP) - ArcGIS Online copy of LA GeoHub layer; IDs verified against City BOE Palisades layer", "in_perimeter": true, "elev_m": 346.4, "elev_ft": 1136.0, "pressure_zone_est": 1345, "static_psi_est": 90.5}, "geometry": {"type": "Point", "coordinates": [-118.549962449014, 34.0626625644001]}}, {"type": "Feature", "properties": {"hydrant_id": "82095", "operator": "LADWP", "size_code": "2 1/2 X 4D", "make": "Clow", "main_size_in": 8.0, "corner": "W", "street": "VIA DE LA PAZ", "cross_street": "378' NN CARTHAGE ST (LW)", "source": "LADWP Fire Hydrants (DWP) - ArcGIS Online copy of LA GeoHub layer; IDs verified against City BOE Palisades layer", "in_perimeter": true, "elev_m": 95.8, "elev_ft": 314.0, "pressure_zone_est": 529, "static_psi_est": 93.1}, "geometry": {"type": "Point", "coordinates": [-118.528163197264, 34.0437255499303]}}, {"type": "Feature", "properties": {"hydrant_id": "42794", "operator": "LADWP", "size_code": "2 1/2 S BU", "make": "Jones Angle Valve 6", "main_size_in": 12.0, "corner": "SW", "street": "VIA FLORESTA", "cross_street": "BIENVENEDA AVE", "source": "LADWP Fire Hydrants (DWP) - ArcGIS Online copy of LA GeoHub layer; IDs verified against City BOE Palisades layer", "in_perimeter": true, "elev_m": 208.2, "elev_ft": 683.0, "pressure_zone_est": 1137, "static_psi_est": 196.6}, "geometry": {"type": "Point", "coordinates": [-118.543326350973, 34.0620806141817]}}, {"type": "Feature", "properties": {"hydrant_id": "42993", "operator": "LADWP", "size_code": "2 1/2 S BU", "make": "Jones Angle Valve 6", "main_size_in": 6.0, "corner": "E", "street": "BIENVENEDA AVE", "cross_street": "811 NN VIA FLORESTA", "source": "LADWP Fire Hydrants (DWP) - ArcGIS Online copy of LA GeoHub layer; IDs verified against City BOE Palisades layer", "in_perimeter": true, "elev_m": 224.7, "elev_ft": 737.0, "pressure_zone_est": 1137, "static_psi_est": 173.2}, "geometry": {"type": "Point", "coordinates": [-118.543042452282, 34.0642448473473]}}, {"type": "Feature", "properties": {"hydrant_id": "41990", "operator": "LADWP", "size_code": "2 1/2 S BU", "make": "Jones Angle Valve 6", "main_size_in": 8.0, "corner": "NW", "street": "BIENVENEDA PL", "cross_street": "BIENVENEDA AV", "source": "LADWP Fire Hydrants (DWP) - ArcGIS Online copy of LA GeoHub layer; IDs verified against City BOE Palisades layer", "in_perimeter": true, "elev_m": 185.8, "elev_ft": 609.0, "pressure_zone_est": 720, "static_psi_est": 48.1}, "geometry": {"type": "Point", "coordinates": [-118.543818054408, 34.060162289556]}}, {"type": "Feature", "properties": {"hydrant_id": "38203", "operator": "LADWP", "size_code": "2 1/2 S", "make": "Van De Venter", "main_size_in": 6.0, "corner": "S", "street": "BRINKLEY AVE", "cross_street": "219 EE BRINKLEY AVE", "source": "LADWP Fire Hydrants (DWP) - ArcGIS Online copy of LA GeoHub layer; IDs verified against City BOE Palisades layer", "in_perimeter": false, "elev_m": 106.3, "elev_ft": 349.0, "pressure_zone_est": 529, "static_psi_est": 77.9}, "geometry": {"type": "Point", "coordinates": [-118.495124106165, 34.0537552420275]}}, {"type": "Feature", "properties": {"hydrant_id": "37020", "operator": "LADWP", "size_code": "2 1/2 X 4D", "make": "Long Beach Iron Works", "main_size_in": 6.0, "corner": null, "street": null, "cross_street": null, "source": "LADWP Fire Hydrants (DWP) - ArcGIS Online copy of LA GeoHub layer; IDs verified against City BOE Palisades layer", "in_perimeter": false, "elev_m": 121.3, "elev_ft": 398.0, "pressure_zone_est": 529, "static_psi_est": 56.7}, "geometry": {"type": "Point", "coordinates": [-118.492332104141, 34.0538081500944]}}, {"type": "Feature", "properties": {"hydrant_id": "33334", "operator": "LADWP", "size_code": "2 1/2 X 4D", "make": "Clow", "main_size_in": 8.0, "corner": "W", "street": "SUNSET BLVD", "cross_street": "2826' WW AMALFI DR", "source": "LADWP Fire Hydrants (DWP) - ArcGIS Online copy of LA GeoHub layer; IDs verified against City BOE Palisades layer", "in_perimeter": false, "elev_m": 72.6, "elev_ft": 238.0, "pressure_zone_est": 529, "static_psi_est": 126.0}, "geometry": {"type": "Point", "coordinates": [-118.511878518091, 34.0497780706469]}}, {"type": "Feature", "properties": {"hydrant_id": "42652", "operator": "LADWP", "size_code": "2 1/2 X 4D", "make": "Clow", "main_size_in": 8.0, "corner": "E", "street": "SUNSET BL", "cross_street": "1560 NN BROOKTREE RD", "source": "LADWP Fire Hydrants (DWP) - ArcGIS Online copy of LA GeoHub layer; IDs verified against City BOE Palisades layer", "in_perimeter": true, "elev_m": 66.0, "elev_ft": 217.0, "pressure_zone_est": 529, "static_psi_est": 135.1}, "geometry": {"type": "Point", "coordinates": [-118.511828455185, 34.0487933551989]}}, {"type": "Feature", "properties": {"hydrant_id": "33339", "operator": "LADWP", "size_code": "2 1/2 X 4D", "make": "Clow", "main_size_in": 6.0, "corner": "SW", "street": "AMALFI DR", "cross_street": "NAPOLI DR", "source": "LADWP Fire Hydrants (DWP) - ArcGIS Online copy of LA GeoHub layer; IDs verified against City BOE Palisades layer", "in_perimeter": false, "elev_m": 133.1, "elev_ft": 437.0, "pressure_zone_est": 720, "static_psi_est": 122.5}, "geometry": {"type": "Point", "coordinates": [-118.506351043478, 34.0516561497346]}}, {"type": "Feature", "properties": {"hydrant_id": "33345", "operator": "LADWP", "size_code": "2 1/2 X 4D", "make": "Clow", "main_size_in": 6.0, "corner": "SW", "street": "CORSICA DR", "cross_street": "NAPOLI DR", "source": "LADWP Fire Hydrants (DWP) - ArcGIS Online copy of LA GeoHub layer; IDs verified against City BOE Palisades layer", "in_perimeter": false, "elev_m": 122.9, "elev_ft": 403.0, "pressure_zone_est": 529, "static_psi_est": 54.6}, "geometry": {"type": "Point", "coordinates": [-118.504145764812, 34.0503292393148]}}, {"type": "Feature", "properties": {"hydrant_id": "39590", "operator": "LADWP", "size_code": "2 1/2 S", "make": "Greenberg", "main_size_in": 6.0, "corner": "SE", "street": "MONACO DR", "cross_street": "SUNSET BLVD", "source": "LADWP Fire Hydrants (DWP) - ArcGIS Online copy of LA GeoHub layer; IDs verified against City BOE Palisades layer", "in_perimeter": false, "elev_m": 128.2, "elev_ft": 420.0, "pressure_zone_est": 529, "static_psi_est": 47.2}, "geometry": {"type": "Point", "coordinates": [-118.50044367682, 34.0526202249339]}}, {"type": "Feature", "properties": {"hydrant_id": "38204", "operator": "LADWP", "size_code": "2 1/2 X 4D", "make": "Jones", "main_size_in": 6.0, "corner": "NW", "street": "BECKWITH AVE", "cross_street": "PONTOON PL", "source": "LADWP Fire Hydrants (DWP) - ArcGIS Online copy of LA GeoHub layer; IDs verified against City BOE Palisades layer", "in_perimeter": false, "elev_m": 101.1, "elev_ft": 332.0, "pressure_zone_est": 529, "static_psi_est": 85.3}, "geometry": {"type": "Point", "coordinates": [-118.495723414814, 34.0518789116367]}}, {"type": "Feature", "properties": {"hydrant_id": "41870", "operator": "LADWP", "size_code": "2 1/2 S BU", "make": "Jones Angle Valve 6", "main_size_in": 16.0, "corner": "W", "street": "LOS LIONES DR", "cross_street": "1900 NN TRAMONTO DR", "source": "LADWP Fire Hydrants (DWP) - ArcGIS Online copy of LA GeoHub layer; IDs verified against City BOE Palisades layer", "in_perimeter": true, "elev_m": 71.3, "elev_ft": 234.0, "pressure_zone_est": 529, "static_psi_est": 127.7}, "geometry": {"type": "Point", "coordinates": [-118.559845853568, 34.0458804977545]}}, {"type": "Feature", "properties": {"hydrant_id": "44478", "operator": "LADWP", "size_code": "2 1/2 X 4D", "make": "Clow", "main_size_in": 6.0, "corner": "E", "street": "TRANQUILLO RD", "cross_street": "318'NN TRAMONTO DR", "source": "LADWP Fire Hydrants (DWP) - ArcGIS Online copy of LA GeoHub layer; IDs verified against City BOE Palisades layer", "in_perimeter": false, "elev_m": 94.7, "elev_ft": 311.0, "pressure_zone_est": 529, "static_psi_est": 94.4}, "geometry": {"type": "Point", "coordinates": [-118.562166043742, 34.0436872792818]}}, {"type": "Feature", "properties": {"hydrant_id": "33579", "operator": "LADWP", "size_code": "2 1/2 S BU", "make": "Jones Angle Valve 4", "main_size_in": 8.0, "corner": "SE", "street": "PASEO MIRAMAR", "cross_street": "ESPERA AVE", "source": "LADWP Fire Hydrants (DWP) - ArcGIS Online copy of LA GeoHub layer; IDs verified against City BOE Palisades layer", "in_perimeter": true, "elev_m": 106.4, "elev_ft": 349.0, "pressure_zone_est": 529, "static_psi_est": 77.9}, "geometry": {"type": "Point", "coordinates": [-118.556833830977, 34.0456902556552]}}, {"type": "Feature", "properties": {"hydrant_id": "41962", "operator": "LADWP", "size_code": "2 1/2 S BU", "make": "Jones Angle Valve 6", "main_size_in": 8.0, "corner": "NW", "street": "VEREDA DE MONTURA", "cross_street": "PALISADES DR", "source": "LADWP Fire Hydrants (DWP) - ArcGIS Online copy of LA GeoHub layer; IDs verified against City BOE Palisades layer", "in_perimeter": true, "elev_m": 216.2, "elev_ft": 709.0, "pressure_zone_est": 1137, "static_psi_est": 185.3}, "geometry": {"type": "Point", "coordinates": [-118.564815547483, 34.0770861997659]}}, {"type": "Feature", "properties": {"hydrant_id": "42514", "operator": "LADWP", "size_code": "2 1/2 S BU", "make": "Jones Angle Valve 6", "main_size_in": 8.0, "corner": "E", "street": "CALLE DEL JONELLA", "cross_street": "1092 SS CAMINO YATASTO", "source": "LADWP Fire Hydrants (DWP) - ArcGIS Online copy of LA GeoHub layer; IDs verified against City BOE Palisades layer", "in_perimeter": true, "elev_m": 214.6, "elev_ft": 704.0, "pressure_zone_est": 1137, "static_psi_est": 187.5}, "geometry": {"type": "Point", "coordinates": [-118.569890684979, 34.0759519886927]}}, {"type": "Feature", "properties": {"hydrant_id": "41967", "operator": "LADWP", "size_code": "2 1/2 X 4D", "make": "Mueller", "main_size_in": 24.0, "corner": "S", "street": "PALISADES DR", "cross_street": "861 NN VEREDA MONTURA", "source": "LADWP Fire Hydrants (DWP) - ArcGIS Online copy of LA GeoHub layer; IDs verified against City BOE Palisades layer", "in_perimeter": true, "elev_m": 240.2, "elev_ft": 788.0, "pressure_zone_est": 1137, "static_psi_est": 151.1}, "geometry": {"type": "Point", "coordinates": [-118.562192686346, 34.077347478118]}}, {"type": "Feature", "properties": {"hydrant_id": "41966", "operator": "LADWP", "size_code": "2 1/2 S BU", "make": "Jones Angle Valve 6", "main_size_in": 24.0, "corner": "S", "street": "PALISADES DR", "cross_street": "533 NN VEREDA MONTURA", "source": "LADWP Fire Hydrants (DWP) - ArcGIS Online copy of LA GeoHub layer; IDs verified against City BOE Palisades layer", "in_perimeter": true, "elev_m": 230.0, "elev_ft": 754.0, "pressure_zone_est": 1137, "static_psi_est": 165.8}, "geometry": {"type": "Point", "coordinates": [-118.563148877458, 34.0775144389826]}}, {"type": "Feature", "properties": {"hydrant_id": "41969", "operator": "LADWP", "size_code": "2 1/2 S BU", "make": "Jones Angle Valve 6", "main_size_in": 8.0, "corner": "N", "street": "PALISADES CIR", "cross_street": "506 EE PALISADES DR", "source": "LADWP Fire Hydrants (DWP) - ArcGIS Online copy of LA GeoHub layer; IDs verified against City BOE Palisades layer", "in_perimeter": true, "elev_m": 213.2, "elev_ft": 699.0, "pressure_zone_est": 1137, "static_psi_est": 189.7}, "geometry": {"type": "Point", "coordinates": [-118.563337182072, 34.0757795765367]}}, {"type": "Feature", "properties": {"hydrant_id": "42193", "operator": "LADWP", "size_code": "2 1/2 X 4D", "make": "Mueller", "main_size_in": 6.0, "corner": "N", "street": "AVE DE HERRADURA", "cross_street": "837 SS MICHAEL LN (LE)", "source": "LADWP Fire Hydrants (DWP) - ArcGIS Online copy of LA GeoHub layer; IDs verified against City BOE Palisades layer", "in_perimeter": true, "elev_m": 273.7, "elev_ft": 898.0, "pressure_zone_est": 1137, "static_psi_est": 103.5}, "geometry": {"type": "Point", "coordinates": [-118.560255315334, 34.077309049906]}}, {"type": "Feature", "properties": {"hydrant_id": "43321", "operator": "LADWP", "size_code": "2 1/2 X 4D", "make": "Long Beach Iron Works", "main_size_in": 8.0, "corner": "NE", "street": "CHASTAIN PKWY WEST", "cross_street": "CALLE ARBOLADA", "source": "LADWP Fire Hydrants (DWP) - ArcGIS Online copy of LA GeoHub layer; IDs verified against City BOE Palisades layer", "in_perimeter": true, "elev_m": 390.9, "elev_ft": 1282.0, "pressure_zone_est": 1645, "static_psi_est": 157.2}, "geometry": {"type": "Point", "coordinates": [-118.552597963686, 34.0764821394353]}}, {"type": "Feature", "properties": {"hydrant_id": "40558", "operator": "LADWP", "size_code": "4S", "make": "Rich", "main_size_in": 6.0, "corner": "W", "street": "PAS MIRAMR 1 NN", "cross_street": "VSTA PACIFICA PV ST", "source": "LADWP Fire Hydrants (DWP) - ArcGIS Online copy of LA GeoHub layer; IDs verified against City BOE Palisades layer", "in_perimeter": true, "elev_m": 194.8, "elev_ft": 639.0, "pressure_zone_est": 1137, "static_psi_est": 215.6}, "geometry": {"type": "Point", "coordinates": [-118.557195318437, 34.0508486546685]}}, {"type": "Feature", "properties": {"hydrant_id": "44078", "operator": "LADWP", "size_code": "2 1/2 X 4D", "make": "Clow", "main_size_in": 6.0, "corner": "W", "street": "PASEO MIRAMAR", "cross_street": "287'NS ALONDRA DR", "source": "LADWP Fire Hydrants (DWP) - ArcGIS Online copy of LA GeoHub layer; IDs verified against City BOE Palisades layer", "in_perimeter": true, "elev_m": 181.9, "elev_ft": 597.0, "pressure_zone_est": 720, "static_psi_est": 53.3}, "geometry": {"type": "Point", "coordinates": [-118.557822105928, 34.0499333751901]}}, {"type": "Feature", "properties": {"hydrant_id": "33596", "operator": "LADWP", "size_code": "2 1/2 X 4D", "make": "Clow", "main_size_in": 6.0, "corner": "W", "street": "PASEO  MIRAMAR", "cross_street": "100'NS ALONDRA DR", "source": "LADWP Fire Hydrants (DWP) - ArcGIS Online copy of LA GeoHub layer; IDs verified against City BOE Palisades layer", "in_perimeter": true, "elev_m": 176.3, "elev_ft": 578.0, "pressure_zone_est": 720, "static_psi_est": 61.5}, "geometry": {"type": "Point", "coordinates": [-118.557696347152, 34.0494210873405]}}, {"type": "Feature", "properties": {"hydrant_id": "41721", "operator": "LADWP", "size_code": "2 1/2 X 4D", "make": "Mueller", "main_size_in": 36.0, "corner": "E", "street": "PALISADES DR", "cross_street": "748 SS AVE DE SANTA YNEZ", "source": "LADWP Fire Hydrants (DWP) - ArcGIS Online copy of LA GeoHub layer; IDs verified against City BOE Palisades layer", "in_perimeter": true, "elev_m": 162.5, "elev_ft": 533.0, "pressure_zone_est": 720, "static_psi_est": 81.0}, "geometry": {"type": "Point", "coordinates": [-118.559928556048, 34.0688991421855]}}, {"type": "Feature", "properties": {"hydrant_id": "44389", "operator": "LADWP", "size_code": "2 1/2 X 4D", "make": "Clow", "main_size_in": 8.0, "corner": "W", "street": "AMALFI DR", "cross_street": "405'SS TOULON DR", "source": "LADWP Fire Hydrants (DWP) - ArcGIS Online copy of LA GeoHub layer; IDs verified against City BOE Palisades layer", "in_perimeter": false, "elev_m": 96.3, "elev_ft": 316.0, "pressure_zone_est": 529, "static_psi_est": 92.2}, "geometry": {"type": "Point", "coordinates": [-118.510780733548, 34.0431496568323]}}, {"type": "Feature", "properties": {"hydrant_id": "33341", "operator": "LADWP", "size_code": "2 1/2 S", "make": "Van De Venter", "main_size_in": 6.0, "corner": "E", "street": "RAVOLI DR", "cross_street": "1010 N W AMALFI DR", "source": "LADWP Fire Hydrants (DWP) - ArcGIS Online copy of LA GeoHub layer; IDs verified against City BOE Palisades layer", "in_perimeter": false, "elev_m": 104.8, "elev_ft": 344.0, "pressure_zone_est": 529, "static_psi_est": 80.1}, "geometry": {"type": "Point", "coordinates": [-118.508635975447, 34.0495435827545]}}, {"type": "Feature", "properties": {"hydrant_id": "33340", "operator": "LADWP", "size_code": "2 1/2 X 4D", "make": "Clow", "main_size_in": 6.0, "corner": "NW", "street": "AMALFI DR", "cross_street": "PAVIA PL", "source": "LADWP Fire Hydrants (DWP) - ArcGIS Online copy of LA GeoHub layer; IDs verified against City BOE Palisades layer", "in_perimeter": false, "elev_m": 138.8, "elev_ft": 456.0, "pressure_zone_est": 720, "static_psi_est": 114.3}, "geometry": {"type": "Point", "coordinates": [-118.505171762216, 34.0532710800478]}}, {"type": "Feature", "properties": {"hydrant_id": "38339", "operator": "LADWP", "size_code": "2 1/2 S", "make": "Van De Venter", "main_size_in": 6.0, "corner": "SE", "street": "LONGWORTH DR", "cross_street": "DOBBINS PL", "source": "LADWP Fire Hydrants (DWP) - ArcGIS Online copy of LA GeoHub layer; IDs verified against City BOE Palisades layer", "in_perimeter": false, "elev_m": 101.7, "elev_ft": 334.0, "pressure_zone_est": 529, "static_psi_est": 84.4}, "geometry": {"type": "Point", "coordinates": [-118.497261989145, 34.052683819077]}}, {"type": "Feature", "properties": {"hydrant_id": "38199", "operator": "LADWP", "size_code": "2 1/2 X 4D", "make": "Jones", "main_size_in": 8.0, "corner": "W", "street": "ALLENFORD AVE", "cross_street": "389' NN PONTOON PL", "source": "LADWP Fire Hydrants (DWP) - ArcGIS Online copy of LA GeoHub layer; IDs verified against City BOE Palisades layer", "in_perimeter": false, "elev_m": 103.7, "elev_ft": 340.0, "pressure_zone_est": 529, "static_psi_est": 81.8}, "geometry": {"type": "Point", "coordinates": [-118.494417700526, 34.0528545459829]}}, {"type": "Feature", "properties": {"hydrant_id": "30811", "operator": "LADWP", "size_code": "2 1/2 X 4D", "make": "Long Beach Iron Works", "main_size_in": 6.0, "corner": null, "street": null, "cross_street": null, "source": "LADWP Fire Hydrants (DWP) - ArcGIS Online copy of LA GeoHub layer; IDs verified against City BOE Palisades layer", "in_perimeter": false, "elev_m": 110.6, "elev_ft": 363.0, "pressure_zone_est": 529, "static_psi_est": 71.9}, "geometry": {"type": "Point", "coordinates": [-118.491912257561, 34.0496570789102]}}, {"type": "Feature", "properties": {"hydrant_id": "31071", "operator": "LADWP", "size_code": "2 1/2 S", "make": "Van De Venter", "main_size_in": 6.0, "corner": null, "street": null, "cross_street": null, "source": "LADWP Fire Hydrants (DWP) - ArcGIS Online copy of LA GeoHub layer; IDs verified against City BOE Palisades layer", "in_perimeter": false, "elev_m": 110.4, "elev_ft": 362.0, "pressure_zone_est": 529, "static_psi_est": 72.3}, "geometry": {"type": "Point", "coordinates": [-118.490613269345, 34.0500641599553]}}, {"type": "Feature", "properties": {"hydrant_id": "41747", "operator": "LADWP", "size_code": "2 1/2 S BU", "make": "Jones Angle Valve 6", "main_size_in": 8.0, "corner": "NE", "street": "CHARMEL PL", "cross_street": "CHARMEL LN", "source": "LADWP Fire Hydrants (DWP) - ArcGIS Online copy of LA GeoHub layer; IDs verified against City BOE Palisades layer", "in_perimeter": true, "elev_m": 332.6, "elev_ft": 1091.0, "pressure_zone_est": 1345, "static_psi_est": 110.0}, "geometry": {"type": "Point", "coordinates": [-118.551267880797, 34.0622445923538]}}, {"type": "Feature", "properties": {"hydrant_id": "39619", "operator": "LADWP", "size_code": "4 S BU", "make": "Jones Angle Valve 6", "main_size_in": 8.0, "corner": "E", "street": "JACON WAY", "cross_street": "1127 NN LACHMAN LN", "source": "LADWP Fire Hydrants (DWP) - ArcGIS Online copy of LA GeoHub layer; IDs verified against City BOE Palisades layer", "in_perimeter": true, "elev_m": 120.3, "elev_ft": 395.0, "pressure_zone_est": 529, "static_psi_est": 58.0}, "geometry": {"type": "Point", "coordinates": [-118.546515017309, 34.0502886096454]}}, {"type": "Feature", "properties": {"hydrant_id": "37972", "operator": "LADWP", "size_code": "4S", "make": "Rich", "main_size_in": 6.0, "corner": "E", "street": "ENCHANTED WAY", "cross_street": "541 NN SCENIC PL", "source": "LADWP Fire Hydrants (DWP) - ArcGIS Online copy of LA GeoHub layer; IDs verified against City BOE Palisades layer", "in_perimeter": true, "elev_m": 169.0, "elev_ft": 554.0, "pressure_zone_est": 720, "static_psi_est": 71.9}, "geometry": {"type": "Point", "coordinates": [-118.548731464718, 34.0538446209066]}}, {"type": "Feature", "properties": {"hydrant_id": "42792", "operator": "LADWP", "size_code": "2 1/2 X 4D", "make": "Clow", "main_size_in": 12.0, "corner": "S", "street": "VIA FLORESTA", "cross_street": "292 EE FLORESTA PL", "source": "LADWP Fire Hydrants (DWP) - ArcGIS Online copy of LA GeoHub layer; IDs verified against City BOE Palisades layer", "in_perimeter": true, "elev_m": 224.8, "elev_ft": 738.0, "pressure_zone_est": 1137, "static_psi_est": 172.8}, "geometry": {"type": "Point", "coordinates": [-118.545242026157, 34.0614952517217]}}, {"type": "Feature", "properties": {"hydrant_id": "32507", "operator": "LADWP", "size_code": "2 1/2 X 4D", "make": "Clow", "main_size_in": 6.0, "corner": "S", "street": "ENTRADA DR", "cross_street": "195'EW OCEAN WAY", "source": "LADWP Fire Hydrants (DWP) - ArcGIS Online copy of LA GeoHub layer; IDs verified against City BOE Palisades layer", "in_perimeter": false, "elev_m": 14.4, "elev_ft": 47.0, "pressure_zone_est": 529, "static_psi_est": 208.7}, "geometry": {"type": "Point", "coordinates": [-118.516120540299, 34.0292283454723]}}, {"type": "Feature", "properties": {"hydrant_id": "32867", "operator": "LADWP", "size_code": "4S", "make": "Rich", "main_size_in": 6.0, "corner": "NW", "street": "EARLHAM ST", "cross_street": "VIA DE LAPAZ", "source": "LADWP Fire Hydrants (DWP) - ArcGIS Online copy of LA GeoHub layer; IDs verified against City BOE Palisades layer", "in_perimeter": true, "elev_m": 88.5, "elev_ft": 290.0, "pressure_zone_est": 529, "static_psi_est": 103.5}, "geometry": {"type": "Point", "coordinates": [-118.529486117367, 34.0383283542957]}}, {"type": "Feature", "properties": {"hydrant_id": "32871", "operator": "LADWP", "size_code": "2 1/2 X 4D", "make": "Jones", "main_size_in": 6.0, "corner": "NW", "street": "DE PAUW ST", "cross_street": "LOMBARD AVE ", "source": "LADWP Fire Hydrants (DWP) - ArcGIS Online copy of LA GeoHub layer; IDs verified against City BOE Palisades layer", "in_perimeter": true, "elev_m": 93.3, "elev_ft": 306.0, "pressure_zone_est": 529, "static_psi_est": 96.6}, "geometry": {"type": "Point", "coordinates": [-118.526194511895, 34.0391581546393]}}, {"type": "Feature", "properties": {"hydrant_id": "40723", "operator": "LADWP", "size_code": "4S", "make": "Rich", "main_size_in": 6.0, "corner": "NE", "street": "EL CERCO PL", "cross_street": "ALMA REAL DR", "source": "LADWP Fire Hydrants (DWP) - ArcGIS Online copy of LA GeoHub layer; IDs verified against City BOE Palisades layer", "in_perimeter": true, "elev_m": 87.5, "elev_ft": 287.0, "pressure_zone_est": 529, "static_psi_est": 104.8}, "geometry": {"type": "Point", "coordinates": [-118.523456075183, 34.0400001145371]}}, {"type": "Feature", "properties": {"hydrant_id": "32885", "operator": "LADWP", "size_code": "2 1/2 X 4D", "make": "Clow", "main_size_in": 6.0, "corner": "W", "street": "OCAMPO DR", "cross_street": "634'SS PAMPAS RICAS BLVD", "source": "LADWP Fire Hydrants (DWP) - ArcGIS Online copy of LA GeoHub layer; IDs verified against City BOE Palisades layer", "in_perimeter": true, "elev_m": 84.8, "elev_ft": 278.0, "pressure_zone_est": 529, "static_psi_est": 108.7}, "geometry": {"type": "Point", "coordinates": [-118.520259220844, 34.0386013210351]}}, {"type": "Feature", "properties": {"hydrant_id": "44492", "operator": "LADWP", "size_code": "2 1/2 X 4D", "make": "Clow", "main_size_in": 6.0, "corner": "NE", "street": "TOYOPA DR", "cross_street": "PAMPAS RICAS BLVD", "source": "LADWP Fire Hydrants (DWP) - ArcGIS Online copy of LA GeoHub layer; IDs verified against City BOE Palisades layer", "in_perimeter": true, "elev_m": 88.6, "elev_ft": 291.0, "pressure_zone_est": 529, "static_psi_est": 103.1}, "geometry": {"type": "Point", "coordinates": [-118.519524589729, 34.0409715762904]}}, {"type": "Feature", "properties": {"hydrant_id": "32890", "operator": "LADWP", "size_code": "2 1/2 X 4D", "make": "Clow", "main_size_in": 6.0, "corner": "E", "street": "TOYOPA DR", "cross_street": "319'NN PAMPAS RICAS BLVD", "source": "LADWP Fire Hydrants (DWP) - ArcGIS Online copy of LA GeoHub layer; IDs verified against City BOE Palisades layer", "in_perimeter": true, "elev_m": 90.2, "elev_ft": 296.0, "pressure_zone_est": 529, "static_psi_est": 100.9}, "geometry": {"type": "Point", "coordinates": [-118.520070121853, 34.0416504315351]}}, {"type": "Feature", "properties": {"hydrant_id": "32900", "operator": "LADWP", "size_code": "2 1/2 S", "make": "Van De Venter", "main_size_in": 6.0, "corner": "W", "street": "BROOKTREE RD", "cross_street": "532 SE BROOKTREE RD", "source": "LADWP Fire Hydrants (DWP) - ArcGIS Online copy of LA GeoHub layer; IDs verified against City BOE Palisades layer", "in_perimeter": false, "elev_m": 50.9, "elev_ft": 167.0, "pressure_zone_est": 529, "static_psi_est": 156.7}, "geometry": {"type": "Point", "coordinates": [-118.514594863985, 34.0422569935894]}}, {"type": "Feature", "properties": {"hydrant_id": "37422", "operator": "LADWP", "size_code": "2 1/2 S BU", "make": "Jones Angle Valve 4", "main_size_in": 12.0, "corner": null, "street": null, "cross_street": null, "source": "LADWP Fire Hydrants (DWP) - ArcGIS Online copy of LA GeoHub layer; IDs verified against City BOE Palisades layer", "in_perimeter": false, "elev_m": 231.0, "elev_ft": 758.0, "pressure_zone_est": 1137, "static_psi_est": 164.1}, "geometry": {"type": "Point", "coordinates": [-118.504153848651, 34.08903012763]}}, {"type": "Feature", "properties": {"hydrant_id": "38338", "operator": "LADWP", "size_code": "2 1/2 S", "make": "Van De Venter", "main_size_in": 8.0, "corner": "E", "street": "JONESBORO DR", "cross_street": "592 WW LONGWORTH DR", "source": "LADWP Fire Hydrants (DWP) - ArcGIS Online copy of LA GeoHub layer; IDs verified against City BOE Palisades layer", "in_perimeter": false, "elev_m": 103.5, "elev_ft": 340.0, "pressure_zone_est": 529, "static_psi_est": 81.8}, "geometry": {"type": "Point", "coordinates": [-118.498426047261, 34.0536266047743]}}, {"type": "Feature", "properties": {"hydrant_id": "42990", "operator": "LADWP", "size_code": "2 1/2 S BU", "make": "Jones Angle Valve 6", "main_size_in": 6.0, "corner": "N", "street": "VIA CRESTA (PVT)", "cross_street": "457 EE SHADOW MTN DR", "source": "LADWP Fire Hydrants (DWP) - ArcGIS Online copy of LA GeoHub layer; IDs verified against City BOE Palisades layer", "in_perimeter": true, "elev_m": 196.7, "elev_ft": 645.0, "pressure_zone_est": 1137, "static_psi_est": 213.0}, "geometry": {"type": "Point", "coordinates": [-118.5370782693, 34.0571589587568]}}, {"type": "Feature", "properties": {"hydrant_id": "41259", "operator": "LADWP", "size_code": "2 1/2 X 4D", "make": "Rich", "main_size_in": 6.0, "corner": "E", "street": "SUNSET BL", "cross_street": "12 NS CASTELLAMMARE", "source": "LADWP Fire Hydrants (DWP) - ArcGIS Online copy of LA GeoHub layer; IDs verified against City BOE Palisades layer", "in_perimeter": false, "elev_m": 10.4, "elev_ft": 34.0, "pressure_zone_est": 529, "static_psi_est": 214.3}, "geometry": {"type": "Point", "coordinates": [-118.554441374491, 34.0395428332454]}}, {"type": "Feature", "properties": {"hydrant_id": "32845", "operator": "LADWP", "size_code": "2 1/2 S BU", "make": "Jones Angle Valve 6", "main_size_in": 6.0, "corner": "S", "street": "REVELLO DR", "cross_street": "930 E E POSETANO RD", "source": "LADWP Fire Hydrants (DWP) - ArcGIS Online copy of LA GeoHub layer; IDs verified against City BOE Palisades layer", "in_perimeter": true, "elev_m": 60.5, "elev_ft": 198.0, "pressure_zone_est": 529, "static_psi_est": 143.3}, "geometry": {"type": "Point", "coordinates": [-118.558161563858, 34.0405643725888]}}, {"type": "Feature", "properties": {"hydrant_id": "32859", "operator": "LADWP", "size_code": "4 S BU", "make": "Jones Angle Valve 6", "main_size_in": 6.0, "corner": "E", "street": "LAS CASAS AVE", "cross_street": "681 SS MARQUETTE ST", "source": "LADWP Fire Hydrants (DWP) - ArcGIS Online copy of LA GeoHub layer; IDs verified against City BOE Palisades layer", "in_perimeter": true, "elev_m": 76.1, "elev_ft": 250.0, "pressure_zone_est": 529, "static_psi_est": 120.8}, "geometry": {"type": "Point", "coordinates": [-118.543277880316, 34.0417539221583]}}, {"type": "Feature", "properties": {"hydrant_id": "38352", "operator": "LADWP", "size_code": "2 1/2 S", "make": "Van De Venter", "main_size_in": 6.0, "corner": "N", "street": "SAN ONOFRE DR", "cross_street": "353 WW ALTA MURA RD", "source": "LADWP Fire Hydrants (DWP) - ArcGIS Online copy of LA GeoHub layer; IDs verified against City BOE Palisades layer", "in_perimeter": false, "elev_m": 209.6, "elev_ft": 688.0, "pressure_zone_est": 1137, "static_psi_est": 194.4}, "geometry": {"type": "Point", "coordinates": [-118.502469621016, 34.0623515366322]}}, {"type": "Feature", "properties": {"hydrant_id": "39864", "operator": "LADWP", "size_code": "2 1/2 X 4D", "make": "Clow", "main_size_in": 6.0, "corner": null, "street": null, "cross_street": null, "source": "LADWP Fire Hydrants (DWP) - ArcGIS Online copy of LA GeoHub layer; IDs verified against City BOE Palisades layer", "in_perimeter": false, "elev_m": 199.8, "elev_ft": 655.0, "pressure_zone_est": 1137, "static_psi_est": 208.7}, "geometry": {"type": "Point", "coordinates": [-118.490848899674, 34.072267071604]}}, {"type": "Feature", "properties": {"hydrant_id": "39905", "operator": "LADWP", "size_code": "2 1/2 X 4D", "make": "Clow", "main_size_in": 6.0, "corner": null, "street": null, "cross_street": null, "source": "LADWP Fire Hydrants (DWP) - ArcGIS Online copy of LA GeoHub layer; IDs verified against City BOE Palisades layer", "in_perimeter": false, "elev_m": 272.3, "elev_ft": 893.0, "pressure_zone_est": 1137, "static_psi_est": 105.7}, "geometry": {"type": "Point", "coordinates": [-118.50451190937, 34.0754316986466]}}, {"type": "Feature", "properties": {"hydrant_id": "32870", "operator": "LADWP", "size_code": "4S", "make": "Darling", "main_size_in": 6.0, "corner": "NW", "street": "DE PAUW ST", "cross_street": "SWARTHMORE LS AVE", "source": "LADWP Fire Hydrants (DWP) - ArcGIS Online copy of LA GeoHub layer; IDs verified against City BOE Palisades layer", "in_perimeter": true, "elev_m": 95.4, "elev_ft": 313.0, "pressure_zone_est": 529, "static_psi_est": 93.5}, "geometry": {"type": "Point", "coordinates": [-118.527849072499, 34.040287353577]}}, {"type": "Feature", "properties": {"hydrant_id": "42833", "operator": "LADWP", "size_code": "2 1/2 X 4D", "make": "Clow", "main_size_in": 6.0, "corner": "NW", "street": "CUMBRE ALTA CT", "cross_street": "MONTE HERMOSO DR", "source": "LADWP Fire Hydrants (DWP) - ArcGIS Online copy of LA GeoHub layer; IDs verified against City BOE Palisades layer", "in_perimeter": true, "elev_m": 311.2, "elev_ft": 1021.0, "pressure_zone_est": 1137, "static_psi_est": 50.2}, "geometry": {"type": "Point", "coordinates": [-118.554067448064, 34.070055779844]}}, {"type": "Feature", "properties": {"hydrant_id": "34261", "operator": "LADWP", "size_code": "4S", "make": "Rich", "main_size_in": 20.0, "corner": null, "street": null, "cross_street": null, "source": "LADWP Fire Hydrants (DWP) - ArcGIS Online copy of LA GeoHub layer; IDs verified against City BOE Palisades layer", "in_perimeter": false, "elev_m": 197.0, "elev_ft": 646.0, "pressure_zone_est": 1137, "static_psi_est": 212.6}, "geometry": {"type": "Point", "coordinates": [-118.495401594635, 34.0671710049358]}}, {"type": "Feature", "properties": {"hydrant_id": "37006", "operator": "LADWP", "size_code": "4 S BU", "make": "Jones Angle Valve 6", "main_size_in": 6.0, "corner": "SE", "street": "NORTHFIELD ST", "cross_street": "PALMERA AVE", "source": "LADWP Fire Hydrants (DWP) - ArcGIS Online copy of LA GeoHub layer; IDs verified against City BOE Palisades layer", "in_perimeter": true, "elev_m": 87.2, "elev_ft": 286.0, "pressure_zone_est": 529, "static_psi_est": 105.2}, "geometry": {"type": "Point", "coordinates": [-118.538022093464, 34.0479668785918]}}, {"type": "Feature", "properties": {"hydrant_id": "37433", "operator": "LADWP", "size_code": "2 1/2 S BU", "make": "Jones Angle Valve 6", "main_size_in": 6.0, "corner": "S", "street": "RW N SUNSET BL", "cross_street": "1313 EE CHAUTAUQUA", "source": "LADWP Fire Hydrants (DWP) - ArcGIS Online copy of LA GeoHub layer; IDs verified against City BOE Palisades layer", "in_perimeter": true, "elev_m": 116.8, "elev_ft": 383.0, "pressure_zone_est": 529, "static_psi_est": 63.2}, "geometry": {"type": "Point", "coordinates": [-118.513781664746, 34.0527809964406]}}, {"type": "Feature", "properties": {"hydrant_id": "34262", "operator": "LADWP", "size_code": "2 1/2 X 4D", "make": "Jones", "main_size_in": 12.0, "corner": null, "street": null, "cross_street": null, "source": "LADWP Fire Hydrants (DWP) - ArcGIS Online copy of LA GeoHub layer; IDs verified against City BOE Palisades layer", "in_perimeter": false, "elev_m": 145.2, "elev_ft": 476.0, "pressure_zone_est": 720, "static_psi_est": 105.7}, "geometry": {"type": "Point", "coordinates": [-118.493231393226, 34.0664793378612]}}, {"type": "Feature", "properties": {"hydrant_id": "32666", "operator": "LADWP", "size_code": "2 1/2 X 4D", "make": "Clow", "main_size_in": 6.0, "corner": "SE", "street": "AMALFI DR", "cross_street": "SUMAC LN (S)", "source": "LADWP Fire Hydrants (DWP) - ArcGIS Online copy of LA GeoHub layer; IDs verified against City BOE Palisades layer", "in_perimeter": false, "elev_m": 36.6, "elev_ft": 120.0, "pressure_zone_est": 529, "static_psi_est": 177.1}, "geometry": {"type": "Point", "coordinates": [-118.514669944592, 34.0320951782429]}}, {"type": "Feature", "properties": {"hydrant_id": "42977", "operator": "LADWP", "size_code": "2 1/2 S BU", "make": "Jones Angle Valve 6", "main_size_in": 36.0, "corner": "E", "street": "PALISADES DR", "cross_street": "346 NN SUNSET BL", "source": "LADWP Fire Hydrants (DWP) - ArcGIS Online copy of LA GeoHub layer; IDs verified against City BOE Palisades layer", "in_perimeter": false, "elev_m": 45.8, "elev_ft": 150.0, "pressure_zone_est": 529, "static_psi_est": 164.1}, "geometry": {"type": "Point", "coordinates": [-118.55182226913, 34.0455156604663]}}, {"type": "Feature", "properties": {"hydrant_id": "33120", "operator": "LADWP", "size_code": "2 1/2 X 4D", "make": "Clow", "main_size_in": 6.0, "corner": "SE", "street": "GALLOWAY ST", "cross_street": "BASHFORD ST", "source": "LADWP Fire Hydrants (DWP) - ArcGIS Online copy of LA GeoHub layer; IDs verified against City BOE Palisades layer", "in_perimeter": true, "elev_m": 106.4, "elev_ft": 349.0, "pressure_zone_est": 529, "static_psi_est": 77.9}, "geometry": {"type": "Point", "coordinates": [-118.520983532713, 34.0472832544956]}}, {"type": "Feature", "properties": {"hydrant_id": "32828", "operator": "LADWP", "size_code": "2 1/2 X 4D", "make": "Long Beach Iron Works", "main_size_in": 6.0, "corner": "E", "street": "PORTO MARINA WAY", "cross_street": "338'SW CASTELLAMARE DR", "source": "LADWP Fire Hydrants (DWP) - ArcGIS Online copy of LA GeoHub layer; IDs verified against City BOE Palisades layer", "in_perimeter": true, "elev_m": 45.0, "elev_ft": 148.0, "pressure_zone_est": 529, "static_psi_est": 165.0}, "geometry": {"type": "Point", "coordinates": [-118.566168922094, 34.042460516109]}}, {"type": "Feature", "properties": {"hydrant_id": "43332", "operator": "LADWP", "size_code": "2 1/2 X 4D", "make": "Long Beach Iron Works", "main_size_in": 8.0, "corner": "S", "street": "CHASTAIN PKWY WEST", "cross_street": "2'EE CALLE DE SARAH PVT", "source": "LADWP Fire Hydrants (DWP) - ArcGIS Online copy of LA GeoHub layer; IDs verified against City BOE Palisades layer", "in_perimeter": true, "elev_m": 404.8, "elev_ft": 1328.0, "pressure_zone_est": 1645, "static_psi_est": 137.3}, "geometry": {"type": "Point", "coordinates": [-118.552033950075, 34.0771302835997]}}, {"type": "Feature", "properties": {"hydrant_id": "43809", "operator": "LADWP", "size_code": "2 1/2 X 4D", "make": "Long Beach Iron Works", "main_size_in": 8.0, "corner": "N", "street": "AVENIDA ASHLEY PVT", "cross_street": "136'WW CALLE DEL CIELO", "source": "LADWP Fire Hydrants (DWP) - ArcGIS Online copy of LA GeoHub layer; IDs verified against City BOE Palisades layer", "in_perimeter": true, "elev_m": 456.7, "elev_ft": 1498.0, "pressure_zone_est": 1645, "static_psi_est": 63.7}, "geometry": {"type": "Point", "coordinates": [-118.548117113849, 34.0784069353339]}}, {"type": "Feature", "properties": {"hydrant_id": "43810", "operator": "LADWP", "size_code": "2 1/2 X 4D", "make": "Long Beach Iron Works", "main_size_in": 12.0, "corner": "N", "street": "CALLE ALICANTE PVT", "cross_street": "321'WW CALLE DEBORAH PVT", "source": "LADWP Fire Hydrants (DWP) - ArcGIS Online copy of LA GeoHub layer; IDs verified against City BOE Palisades layer", "in_perimeter": true, "elev_m": 467.7, "elev_ft": 1534.0, "pressure_zone_est": 1645, "static_psi_est": 48.1}, "geometry": {"type": "Point", "coordinates": [-118.547165386421, 34.0767989165577]}}, {"type": "Feature", "properties": {"hydrant_id": "40894", "operator": "LADWP", "size_code": "2 1/2 X 4D", "make": "Rich", "main_size_in": 16.0, "corner": null, "street": null, "cross_street": null, "source": "LADWP Fire Hydrants (DWP) - ArcGIS Online copy of LA GeoHub layer; IDs verified against City BOE Palisades layer", "in_perimeter": false, "elev_m": 259.2, "elev_ft": 851.0, "pressure_zone_est": 1137, "static_psi_est": 123.8}, "geometry": {"type": "Point", "coordinates": [-118.509971440339, 34.0796665604782]}}, {"type": "Feature", "properties": {"hydrant_id": "40713", "operator": "LADWP", "size_code": "2 1/2 S BU", "make": "Jones Angle Valve 6", "main_size_in": 6.0, "corner": null, "street": null, "cross_street": null, "source": "LADWP Fire Hydrants (DWP) - ArcGIS Online copy of LA GeoHub layer; IDs verified against City BOE Palisades layer", "in_perimeter": false, "elev_m": 222.1, "elev_ft": 729.0, "pressure_zone_est": 1137, "static_psi_est": 176.7}, "geometry": {"type": "Point", "coordinates": [-118.503268754853, 34.0804549587964]}}, {"type": "Feature", "properties": {"hydrant_id": "39903", "operator": "LADWP", "size_code": "2 1/2 S BU", "make": "Jones Angle Valve 6", "main_size_in": 6.0, "corner": null, "street": null, "cross_street": null, "source": "LADWP Fire Hydrants (DWP) - ArcGIS Online copy of LA GeoHub layer; IDs verified against City BOE Palisades layer", "in_perimeter": false, "elev_m": 210.1, "elev_ft": 689.0, "pressure_zone_est": 1137, "static_psi_est": 194.0}, "geometry": {"type": "Point", "coordinates": [-118.502391648729, 34.0766705221768]}}, {"type": "Feature", "properties": {"hydrant_id": "38321", "operator": "LADWP", "size_code": "2 1/2 S BU", "make": "Jones Angle Valve 6", "main_size_in": 8.0, "corner": null, "street": null, "cross_street": null, "source": "LADWP Fire Hydrants (DWP) - ArcGIS Online copy of LA GeoHub layer; IDs verified against City BOE Palisades layer", "in_perimeter": false, "elev_m": 221.2, "elev_ft": 726.0, "pressure_zone_est": 1137, "static_psi_est": 178.0}, "geometry": {"type": "Point", "coordinates": [-118.490444439646, 34.0775862240748]}}, {"type": "Feature", "properties": {"hydrant_id": "32515", "operator": "LADWP", "size_code": "2 1/2 X 4D", "make": "Clow", "main_size_in": 6.0, "corner": "SW", "street": "CHAUTAUQUA BLVD", "cross_street": "VANCE ST (S)", "source": "LADWP Fire Hydrants (DWP) - ArcGIS Online copy of LA GeoHub layer; IDs verified against City BOE Palisades layer", "in_perimeter": false, "elev_m": 30.8, "elev_ft": 101.0, "pressure_zone_est": 529, "static_psi_est": 185.3}, "geometry": {"type": "Point", "coordinates": [-118.51815332472, 34.030297747149]}}, {"type": "Feature", "properties": {"hydrant_id": "44371", "operator": "LADWP", "size_code": "2 1/2 X 4D", "make": "Clow", "main_size_in": 6.0, "corner": "W", "street": "CHAUTAUQUA BLVD", "cross_street": "217'NN WEST CHANNEL RD", "source": "LADWP Fire Hydrants (DWP) - ArcGIS Online copy of LA GeoHub layer; IDs verified against City BOE Palisades layer", "in_perimeter": false, "elev_m": 17.9, "elev_ft": 59.0, "pressure_zone_est": 529, "static_psi_est": 203.5}, "geometry": {"type": "Point", "coordinates": [-118.519204356291, 34.0291271351581]}}, {"type": "Feature", "properties": {"hydrant_id": "43324", "operator": "LADWP", "size_code": "2 1/2 X 4D", "make": "Long Beach Iron Works", "main_size_in": 6.0, "corner": "SE", "street": "CALLE ARBOLADA", "cross_street": "CALLE PATRICIA", "source": "LADWP Fire Hydrants (DWP) - ArcGIS Online copy of LA GeoHub layer; IDs verified against City BOE Palisades layer", "in_perimeter": true, "elev_m": 397.9, "elev_ft": 1305.0, "pressure_zone_est": 1645, "static_psi_est": 147.2}, "geometry": {"type": "Point", "coordinates": [-118.550281760528, 34.0742071152699]}}, {"type": "Feature", "properties": {"hydrant_id": "40008", "operator": "LADWP", "size_code": "2 1/2 X 4D", "make": "Clow", "main_size_in": 6.0, "corner": "NW", "street": "MUSKINGUM AVE", "cross_street": "SUNSET BL", "source": "LADWP Fire Hydrants (DWP) - ArcGIS Online copy of LA GeoHub layer; IDs verified against City BOE Palisades layer", "in_perimeter": true, "elev_m": 90.8, "elev_ft": 298.0, "pressure_zone_est": 529, "static_psi_est": 100.0}, "geometry": {"type": "Point", "coordinates": [-118.535758525142, 34.0490764599339]}}, {"type": "Feature", "properties": {"hydrant_id": "32834", "operator": "LADWP", "size_code": "2 1/2 X 4D", "make": "Clow", "main_size_in": 6.0, "corner": "NE", "street": "CASTELLAMMARE DR", "cross_street": "REVELLO DR", "source": "LADWP Fire Hydrants (DWP) - ArcGIS Online copy of LA GeoHub layer; IDs verified against City BOE Palisades layer", "in_perimeter": true, "elev_m": 34.9, "elev_ft": 114.0, "pressure_zone_est": 529, "static_psi_est": 179.7}, "geometry": {"type": "Point", "coordinates": [-118.562332523902, 34.0418322469515]}}, {"type": "Feature", "properties": {"hydrant_id": "32865", "operator": "LADWP", "size_code": "2 1/2 X 4D", "make": "Rich", "main_size_in": 6.0, "corner": "SW", "street": "ALMAR AV", "cross_street": "PUERTO DEL MAR", "source": "LADWP Fire Hydrants (DWP) - ArcGIS Online copy of LA GeoHub layer; IDs verified against City BOE Palisades layer", "in_perimeter": true, "elev_m": 83.6, "elev_ft": 274.0, "pressure_zone_est": 529, "static_psi_est": 110.4}, "geometry": {"type": "Point", "coordinates": [-118.538005741035, 34.0416091647442]}}, {"type": "Feature", "properties": {"hydrant_id": "31278", "operator": "LADWP", "size_code": "2 1/2 X 4D", "make": "Rich", "main_size_in": 6.0, "corner": null, "street": null, "cross_street": null, "source": "LADWP Fire Hydrants (DWP) - ArcGIS Online copy of LA GeoHub layer; IDs verified against City BOE Palisades layer", "in_perimeter": false, "elev_m": 146.0, "elev_ft": 479.0, "pressure_zone_est": 720, "static_psi_est": 104.4}, "geometry": {"type": "Point", "coordinates": [-118.491155465814, 34.0583255325327]}}, {"type": "Feature", "properties": {"hydrant_id": "40353", "operator": "LADWP", "size_code": "4S", "make": "Rich", "main_size_in": 6.0, "corner": null, "street": null, "cross_street": null, "source": "LADWP Fire Hydrants (DWP) - ArcGIS Online copy of LA GeoHub layer; IDs verified against City BOE Palisades layer", "in_perimeter": false, "elev_m": 144.0, "elev_ft": 473.0, "pressure_zone_est": 720, "static_psi_est": 107.0}, "geometry": {"type": "Point", "coordinates": [-118.49192035969, 34.0579696176718]}}, {"type": "Feature", "properties": {"hydrant_id": "32524", "operator": "LADWP", "size_code": "2 1/2 X 4D", "make": "Clow", "main_size_in": 4.0, "corner": "SW", "street": "WEST CHANNEL RD", "cross_street": "SAGE LN", "source": "LADWP Fire Hydrants (DWP) - ArcGIS Online copy of LA GeoHub layer; IDs verified against City BOE Palisades layer", "in_perimeter": false, "elev_m": 21.6, "elev_ft": 71.0, "pressure_zone_est": 529, "static_psi_est": 198.3}, "geometry": {"type": "Point", "coordinates": [-118.512874511964, 34.0318193461937]}}, {"type": "Feature", "properties": {"hydrant_id": "33325", "operator": "LADWP", "size_code": "2 1/2 S", "make": "Van De Venter", "main_size_in": 6.0, "corner": "N", "street": "MUSKINGUM AVE", "cross_street": "540 WW EL MEDIO AVE", "source": "LADWP Fire Hydrants (DWP) - ArcGIS Online copy of LA GeoHub layer; IDs verified against City BOE Palisades layer", "in_perimeter": true, "elev_m": 102.2, "elev_ft": 335.0, "pressure_zone_est": 529, "static_psi_est": 84.0}, "geometry": {"type": "Point", "coordinates": [-118.533711233613, 34.0504405420951]}}, {"type": "Feature", "properties": {"hydrant_id": "37143", "operator": "LADWP", "size_code": "2 1/2 S", "make": "Van De Venter", "main_size_in": 6.0, "corner": "NE", "street": "BOLLINGER DR", "cross_street": "MARQUEZ AVE", "source": "LADWP Fire Hydrants (DWP) - ArcGIS Online copy of LA GeoHub layer; IDs verified against City BOE Palisades layer", "in_perimeter": true, "elev_m": 81.3, "elev_ft": 267.0, "pressure_zone_est": 529, "static_psi_est": 113.4}, "geometry": {"type": "Point", "coordinates": [-118.548659829982, 34.0439279624949]}}, {"type": "Feature", "properties": {"hydrant_id": "33094", "operator": "LADWP", "size_code": "4S", "make": "Rich", "main_size_in": 8.0, "corner": "SW", "street": "ALMAR AVE", "cross_street": "TEMECULA ST", "source": "LADWP Fire Hydrants (DWP) - ArcGIS Online copy of LA GeoHub layer; IDs verified against City BOE Palisades layer", "in_perimeter": true, "elev_m": 93.0, "elev_ft": 305.0, "pressure_zone_est": 529, "static_psi_est": 97.0}, "geometry": {"type": "Point", "coordinates": [-118.535824350332, 34.0451276835219]}}, {"type": "Feature", "properties": {"hydrant_id": "33116", "operator": "LADWP", "size_code": "2 1/2 X 4D", "make": "Jones", "main_size_in": 8.0, "corner": "S", "street": "SUNSET BLVD", "cross_street": "27' WW FISKE ST", "source": "LADWP Fire Hydrants (DWP) - ArcGIS Online copy of LA GeoHub layer; IDs verified against City BOE Palisades layer", "in_perimeter": true, "elev_m": 93.8, "elev_ft": 308.0, "pressure_zone_est": 529, "static_psi_est": 95.7}, "geometry": {"type": "Point", "coordinates": [-118.521892894589, 34.0439222219943]}}, {"type": "Feature", "properties": {"hydrant_id": "40797", "operator": "LADWP", "size_code": "2 1/2 X 4D", "make": "Rich", "main_size_in": 8.0, "corner": "NE", "street": "FISKE ST", "cross_street": "BASHFORD ST", "source": "LADWP Fire Hydrants (DWP) - ArcGIS Online copy of LA GeoHub layer; IDs verified against City BOE Palisades layer", "in_perimeter": true, "elev_m": 104.9, "elev_ft": 344.0, "pressure_zone_est": 529, "static_psi_est": 80.1}, "geometry": {"type": "Point", "coordinates": [-118.522040703294, 34.047322683013]}}, {"type": "Feature", "properties": {"hydrant_id": "33109", "operator": "LADWP", "size_code": "2 1/2 X 4D", "make": "Clow", "main_size_in": 6.0, "corner": "SW", "street": "EL MEDIO AVE", "cross_street": "JUNALUSKA WAY", "source": "LADWP Fire Hydrants (DWP) - ArcGIS Online copy of LA GeoHub layer; IDs verified against City BOE Palisades layer", "in_perimeter": true, "elev_m": 100.6, "elev_ft": 330.0, "pressure_zone_est": 529, "static_psi_est": 86.2}, "geometry": {"type": "Point", "coordinates": [-118.533502225556, 34.0468623000109]}}, {"type": "Feature", "properties": {"hydrant_id": "33106", "operator": "LADWP", "size_code": "2 1/2 X 4D", "make": "Clow", "main_size_in": 6.0, "corner": null, "street": null, "cross_street": null, "source": "LADWP Fire Hydrants (DWP) - ArcGIS Online copy of LA GeoHub layer; IDs verified against City BOE Palisades layer", "in_perimeter": true, "elev_m": 91.4, "elev_ft": 300.0, "pressure_zone_est": 529, "static_psi_est": 99.2}, "geometry": {"type": "Point", "coordinates": [-118.534734540241, 34.0432320128802]}}, {"type": "Feature", "properties": {"hydrant_id": "33103", "operator": "LADWP", "size_code": "2 1/2 X 4D", "make": "Rich", "main_size_in": 6.0, "corner": "SE", "street": "HAVERFORD AVE", "cross_street": "BOWDOIN ST", "source": "LADWP Fire Hydrants (DWP) - ArcGIS Online copy of LA GeoHub layer; IDs verified against City BOE Palisades layer", "in_perimeter": true, "elev_m": 86.6, "elev_ft": 284.0, "pressure_zone_est": 529, "static_psi_est": 106.1}, "geometry": {"type": "Point", "coordinates": [-118.528798532234, 34.0449152751937]}}, {"type": "Feature", "properties": {"hydrant_id": "43422", "operator": "LADWP", "size_code": "2 1/2 X 4D", "make": "Long Beach Iron Works", "main_size_in": 8.0, "corner": "E", "street": "PATTERSON PL", "cross_street": "51'SS BOWDOIN ST", "source": "LADWP Fire Hydrants (DWP) - ArcGIS Online copy of LA GeoHub layer; IDs verified against City BOE Palisades layer", "in_perimeter": true, "elev_m": 86.0, "elev_ft": 282.0, "pressure_zone_est": 529, "static_psi_est": 107.0}, "geometry": {"type": "Point", "coordinates": [-118.525614186457, 34.0439965691929]}}, {"type": "Feature", "properties": {"hydrant_id": "40834", "operator": "LADWP", "size_code": "4S", "make": "Rich", "main_size_in": 8.0, "corner": null, "street": null, "cross_street": null, "source": "LADWP Fire Hydrants (DWP) - ArcGIS Online copy of LA GeoHub layer; IDs verified against City BOE Palisades layer", "in_perimeter": false, "elev_m": 312.7, "elev_ft": 1026.0, "pressure_zone_est": 1137, "static_psi_est": 48.1}, "geometry": {"type": "Point", "coordinates": [-118.507215413081, 34.0815126885483]}}, {"type": "Feature", "properties": {"hydrant_id": "33318", "operator": "LADWP", "size_code": "2 1/2 S BU", "make": "Jones Angle Valve 6", "main_size_in": 36.0, "corner": "S", "street": "RW N SUNSET BL", "cross_street": "1034 WW ROMANY DR", "source": "LADWP Fire Hydrants (DWP) - ArcGIS Online copy of LA GeoHub layer; IDs verified against City BOE Palisades layer", "in_perimeter": true, "elev_m": 98.4, "elev_ft": 323.0, "pressure_zone_est": 529, "static_psi_est": 89.2}, "geometry": {"type": "Point", "coordinates": [-118.508899221141, 34.0536913294206]}}, {"type": "Feature", "properties": {"hydrant_id": "40281", "operator": "LADWP", "size_code": "2 1/2 S BU", "make": "Jones Angle Valve 6", "main_size_in": 20.0, "corner": null, "street": null, "cross_street": null, "source": "LADWP Fire Hydrants (DWP) - ArcGIS Online copy of LA GeoHub layer; IDs verified against City BOE Palisades layer", "in_perimeter": false, "elev_m": 234.9, "elev_ft": 771.0, "pressure_zone_est": 1137, "static_psi_est": 158.5}, "geometry": {"type": "Point", "coordinates": [-118.499157847344, 34.0704289447214]}}, {"type": "Feature", "properties": {"hydrant_id": "39868", "operator": "LADWP", "size_code": "2 1/2 S BU", "make": "Jones Angle Valve 6", "main_size_in": 6.0, "corner": null, "street": null, "cross_street": null, "source": "LADWP Fire Hydrants (DWP) - ArcGIS Online copy of LA GeoHub layer; IDs verified against City BOE Palisades layer", "in_perimeter": false, "elev_m": 219.7, "elev_ft": 721.0, "pressure_zone_est": 1137, "static_psi_est": 180.1}, "geometry": {"type": "Point", "coordinates": [-118.492609592155, 34.0725143588165]}}, {"type": "Feature", "properties": {"hydrant_id": "43265", "operator": "LADWP", "size_code": "2 1/2 X 4D", "make": "Long Beach Iron Works", "main_size_in": 8.0, "corner": "N", "street": "SUNSET BL", "cross_street": "276 WW MUSKINGUM AVE", "source": "LADWP Fire Hydrants (DWP) - ArcGIS Online copy of LA GeoHub layer; IDs verified against City BOE Palisades layer", "in_perimeter": true, "elev_m": 89.5, "elev_ft": 294.0, "pressure_zone_est": 529, "static_psi_est": 101.8}, "geometry": {"type": "Point", "coordinates": [-118.536793231037, 34.0489645040444]}}, {"type": "Feature", "properties": {"hydrant_id": "39902", "operator": "LADWP", "size_code": "2 1/2 S BU", "make": "Jones Angle Valve 6", "main_size_in": 6.0, "corner": null, "street": null, "cross_street": null, "source": "LADWP Fire Hydrants (DWP) - ArcGIS Online copy of LA GeoHub layer; IDs verified against City BOE Palisades layer", "in_perimeter": false, "elev_m": 224.8, "elev_ft": 738.0, "pressure_zone_est": 1137, "static_psi_est": 172.8}, "geometry": {"type": "Point", "coordinates": [-118.50169204905, 34.0752210829569]}}, {"type": "Feature", "properties": {"hydrant_id": "32656", "operator": "LADWP", "size_code": "2 1/2 X 4D", "make": "Clow", "main_size_in": 8.0, "corner": "W", "street": "CHAUTAUQUA BLVD", "cross_street": "262'SS LA CUMBRE DR", "source": "LADWP Fire Hydrants (DWP) - ArcGIS Online copy of LA GeoHub layer; IDs verified against City BOE Palisades layer", "in_perimeter": true, "elev_m": 64.3, "elev_ft": 211.0, "pressure_zone_est": 529, "static_psi_est": 137.7}, "geometry": {"type": "Point", "coordinates": [-118.519532156449, 34.0331628771014]}}, {"type": "Feature", "properties": {"hydrant_id": "44372", "operator": "LADWP", "size_code": "2 1/2 X 4D", "make": "Clow", "main_size_in": 8.0, "corner": "E", "street": "CHAUTAUQUA BLVD", "cross_street": "204'SS LA CUMBRE DR", "source": "LADWP Fire Hydrants (DWP) - ArcGIS Online copy of LA GeoHub layer; IDs verified against City BOE Palisades layer", "in_perimeter": false, "elev_m": 59.5, "elev_ft": 195.0, "pressure_zone_est": 529, "static_psi_est": 144.6}, "geometry": {"type": "Point", "coordinates": [-118.519351559582, 34.0334251435378]}}, {"type": "Feature", "properties": {"hydrant_id": "44503", "operator": "LADWP", "size_code": "2 1/2 X 4D", "make": "Clow", "main_size_in": 4.0, "corner": "W", "street": "ALMA REAL DR", "cross_street": "67'SS LA CUMBRE DR", "source": "LADWP Fire Hydrants (DWP) - ArcGIS Online copy of LA GeoHub layer; IDs verified against City BOE Palisades layer", "in_perimeter": false, "elev_m": 72.2, "elev_ft": 237.0, "pressure_zone_est": 529, "static_psi_est": 126.4}, "geometry": {"type": "Point", "coordinates": [-118.524404945285, 34.0335861447785]}}, {"type": "Feature", "properties": {"hydrant_id": "41449", "operator": "LADWP", "size_code": "2 1/2 X 4D", "make": "Rich", "main_size_in": 6.0, "corner": "NE", "street": "MCKENDREE AVE", "cross_street": "WHITFIELD AVE", "source": "LADWP Fire Hydrants (DWP) - ArcGIS Online copy of LA GeoHub layer; IDs verified against City BOE Palisades layer", "in_perimeter": true, "elev_m": 136.3, "elev_ft": 447.0, "pressure_zone_est": 720, "static_psi_est": 118.2}, "geometry": {"type": "Point", "coordinates": [-118.519998071959, 34.0519195227091]}}, {"type": "Feature", "properties": {"hydrant_id": "41960", "operator": "LADWP", "size_code": "2 1/2 S BU", "make": "Jones Angle Valve 6", "main_size_in": 24.0, "corner": "W", "street": "PALISADES DR", "cross_street": "119 NN PALISADES CIR(N)", "source": "LADWP Fire Hydrants (DWP) - ArcGIS Online copy of LA GeoHub layer; IDs verified against City BOE Palisades layer", "in_perimeter": true, "elev_m": 205.8, "elev_ft": 675.0, "pressure_zone_est": 1137, "static_psi_est": 200.0}, "geometry": {"type": "Point", "coordinates": [-118.565240012706, 34.0761016456126]}}, {"type": "Feature", "properties": {"hydrant_id": "41730", "operator": "LADWP", "size_code": "2 1/2 S BU", "make": "Jones Angle Valve 6", "main_size_in": 24.0, "corner": "W", "street": "PALISADES DR", "cross_street": "494 NN PALISADES CIR", "source": "LADWP Fire Hydrants (DWP) - ArcGIS Online copy of LA GeoHub layer; IDs verified against City BOE Palisades layer", "in_perimeter": true, "elev_m": 198.2, "elev_ft": 650.0, "pressure_zone_est": 1137, "static_psi_est": 210.9}, "geometry": {"type": "Point", "coordinates": [-118.564373199747, 34.0735816086803]}}, {"type": "Feature", "properties": {"hydrant_id": "41711", "operator": "LADWP", "size_code": "2 1/2 X 4D", "make": "Mueller", "main_size_in": 8.0, "corner": "NE", "street": "AVE DE SANTA YNEZ", "cross_street": "PALISADES DR", "source": "LADWP Fire Hydrants (DWP) - ArcGIS Online copy of LA GeoHub layer; IDs verified against City BOE Palisades layer", "in_perimeter": true, "elev_m": 180.5, "elev_ft": 592.0, "pressure_zone_est": 720, "static_psi_est": 55.4}, "geometry": {"type": "Point", "coordinates": [-118.561582577953, 34.0706629286218]}}, {"type": "Feature", "properties": {"hydrant_id": "38482", "operator": "LADWP", "size_code": "2 1/2 X 4D", "make": "Mueller", "main_size_in": 12.0, "corner": null, "street": null, "cross_street": null, "source": "LADWP Fire Hydrants (DWP) - ArcGIS Online copy of LA GeoHub layer; IDs verified against City BOE Palisades layer", "in_perimeter": false, "elev_m": 268.8, "elev_ft": 882.0, "pressure_zone_est": 1137, "static_psi_est": 110.4}, "geometry": {"type": "Point", "coordinates": [-118.503414763307, 34.0973223875352]}}, {"type": "Feature", "properties": {"hydrant_id": "43339", "operator": "LADWP", "size_code": "2 1/2 X 4D", "make": "Long Beach Iron Works", "main_size_in": 8.0, "corner": "N", "street": "CALLE JERMAINE", "cross_street": "421'WW CHASTAIN PKWY E", "source": "LADWP Fire Hydrants (DWP) - ArcGIS Online copy of LA GeoHub layer; IDs verified against City BOE Palisades layer", "in_perimeter": true, "elev_m": 407.2, "elev_ft": 1336.0, "pressure_zone_est": 1645, "static_psi_est": 133.8}, "geometry": {"type": "Point", "coordinates": [-118.548726262494, 34.0732565748218]}}, {"type": "Feature", "properties": {"hydrant_id": "42830", "operator": "LADWP", "size_code": "2 1/2 X 4D", "make": "Clow", "main_size_in": 6.0, "corner": "N", "street": "CUMBRE VERDE CT", "cross_street": "380 EE PIEDRA MORADA", "source": "LADWP Fire Hydrants (DWP) - ArcGIS Online copy of LA GeoHub layer; IDs verified against City BOE Palisades layer", "in_perimeter": true, "elev_m": 377.0, "elev_ft": 1237.0, "pressure_zone_est": 1345, "static_psi_est": 46.8}, "geometry": {"type": "Point", "coordinates": [-118.55072324907, 34.0713659689691]}}, {"type": "Feature", "properties": {"hydrant_id": "82486", "operator": "LADWP", "size_code": "2 1/2 X 4D", "make": "Jones", "main_size_in": 6.0, "corner": "E", "street": "ANOKA DR", "cross_street": "443' SS EL MEDIO AVE", "source": "LADWP Fire Hydrants (DWP) - ArcGIS Online copy of LA GeoHub layer; IDs verified against City BOE Palisades layer", "in_perimeter": true, "elev_m": 157.1, "elev_ft": 515.0, "pressure_zone_est": 720, "static_psi_est": 88.8}, "geometry": {"type": "Point", "coordinates": [-118.534214729149, 34.0537320581681]}}, {"type": "Feature", "properties": {"hydrant_id": "33959", "operator": "LADWP", "size_code": "2 1/2 X 4D", "make": "Clow", "main_size_in": 6.0, "corner": "SW", "street": "CAPRI DR", "cross_street": "AMALFI DR", "source": "LADWP Fire Hydrants (DWP) - ArcGIS Online copy of LA GeoHub layer; IDs verified against City BOE Palisades layer", "in_perimeter": false, "elev_m": 173.1, "elev_ft": 568.0, "pressure_zone_est": 720, "static_psi_est": 65.8}, "geometry": {"type": "Point", "coordinates": [-118.502922124056, 34.0600616175311]}}, {"type": "Feature", "properties": {"hydrant_id": "37124", "operator": "LADWP", "size_code": "2 1/2 S", "make": "Van De Venter", "main_size_in": 6.0, "corner": "S", "street": "UMEO RD", "cross_street": "402 W W CAPR  DR", "source": "LADWP Fire Hydrants (DWP) - ArcGIS Online copy of LA GeoHub layer; IDs verified against City BOE Palisades layer", "in_perimeter": false, "elev_m": 173.1, "elev_ft": 568.0, "pressure_zone_est": 720, "static_psi_est": 65.8}, "geometry": {"type": "Point", "coordinates": [-118.504223640389, 34.0600249749501]}}, {"type": "Feature", "properties": {"hydrant_id": "37022", "operator": "LADWP", "size_code": "2 1/2 X 4D", "make": "Clow", "main_size_in": 4.0, "corner": null, "street": null, "cross_street": null, "source": "LADWP Fire Hydrants (DWP) - ArcGIS Online copy of LA GeoHub layer; IDs verified against City BOE Palisades layer", "in_perimeter": false, "elev_m": 124.6, "elev_ft": 409.0, "pressure_zone_est": 529, "static_psi_est": 52.0}, "geometry": {"type": "Point", "coordinates": [-118.492493354137, 34.0552735488874]}}, {"type": "Feature", "properties": {"hydrant_id": "37021", "operator": "LADWP", "size_code": "2 1/2 X 4D", "make": "Clow", "main_size_in": 8.0, "corner": null, "street": null, "cross_street": null, "source": "LADWP Fire Hydrants (DWP) - ArcGIS Online copy of LA GeoHub layer; IDs verified against City BOE Palisades layer", "in_perimeter": false, "elev_m": 132.7, "elev_ft": 436.0, "pressure_zone_est": 720, "static_psi_est": 123.0}, "geometry": {"type": "Point", "coordinates": [-118.492819099679, 34.058125029127]}}, {"type": "Feature", "properties": {"hydrant_id": "41143", "operator": "LADWP", "size_code": "2 1/2 S BU", "make": "Jones Angle Valve 6", "main_size_in": 12.0, "corner": null, "street": null, "cross_street": null, "source": "LADWP Fire Hydrants (DWP) - ArcGIS Online copy of LA GeoHub layer; IDs verified against City BOE Palisades layer", "in_perimeter": false, "elev_m": 350.8, "elev_ft": 1151.0, "pressure_zone_est": 1345, "static_psi_est": 84.0}, "geometry": {"type": "Point", "coordinates": [-118.507001839175, 34.0847101890697]}}, {"type": "Feature", "properties": {"hydrant_id": "31493", "operator": "LADWP", "size_code": "2 1/2 X 4D", "make": "Clow", "main_size_in": 4.0, "corner": "E", "street": "EAST RUSTIC RD", "cross_street": "415'NN SYCAMORE RD", "source": "LADWP Fire Hydrants (DWP) - ArcGIS Online copy of LA GeoHub layer; IDs verified against City BOE Palisades layer", "in_perimeter": false, "elev_m": 25.0, "elev_ft": 82.0, "pressure_zone_est": 529, "static_psi_est": 193.6}, "geometry": {"type": "Point", "coordinates": [-118.517613754843, 34.035125529763]}}, {"type": "Feature", "properties": {"hydrant_id": "32649", "operator": "LADWP", "size_code": "2 1/2 X 4D", "make": "Clow", "main_size_in": 4.0, "corner": "NE", "street": "OCAMPO DR", "cross_street": "ALMA REAL DR", "source": "LADWP Fire Hydrants (DWP) - ArcGIS Online copy of LA GeoHub layer; IDs verified against City BOE Palisades layer", "in_perimeter": false, "elev_m": 81.3, "elev_ft": 267.0, "pressure_zone_est": 529, "static_psi_est": 113.4}, "geometry": {"type": "Point", "coordinates": [-118.522270359694, 34.036464557918]}}, {"type": "Feature", "properties": {"hydrant_id": "32648", "operator": "LADWP", "size_code": "2 1/2 X 4D", "make": "Clow", "main_size_in": 4.0, "corner": "N", "street": "ALVA DR", "cross_street": "457'EE ALMA REAL DR", "source": "LADWP Fire Hydrants (DWP) - ArcGIS Online copy of LA GeoHub layer; IDs verified against City BOE Palisades layer", "in_perimeter": false, "elev_m": 79.9, "elev_ft": 262.0, "pressure_zone_est": 529, "static_psi_est": 115.6}, "geometry": {"type": "Point", "coordinates": [-118.521301415246, 34.0358041940713]}}, {"type": "Feature", "properties": {"hydrant_id": "33131", "operator": "LADWP", "size_code": "2 1/2 X 4D", "make": "Clow", "main_size_in": 8.0, "corner": "SE", "street": "SUNSET BLVD", "cross_street": "SPEZIA PL", "source": "LADWP Fire Hydrants (DWP) - ArcGIS Online copy of LA GeoHub layer; IDs verified against City BOE Palisades layer", "in_perimeter": false, "elev_m": 108.9, "elev_ft": 357.0, "pressure_zone_est": 529, "static_psi_est": 74.5}, "geometry": {"type": "Point", "coordinates": [-118.50808032455, 34.0464194209282]}}, {"type": "Feature", "properties": {"hydrant_id": "33078", "operator": "LADWP", "size_code": "2 1/2 S BU", "make": "Jones Angle Valve 6", "main_size_in": 8.0, "corner": "SE", "street": "TRAMANTO DR", "cross_street": "VICINO WAY", "source": "LADWP Fire Hydrants (DWP) - ArcGIS Online copy of LA GeoHub layer; IDs verified against City BOE Palisades layer", "in_perimeter": false, "elev_m": 59.3, "elev_ft": 194.0, "pressure_zone_est": 529, "static_psi_est": 145.1}, "geometry": {"type": "Point", "coordinates": [-118.564946886958, 34.0434840077705]}}, {"type": "Feature", "properties": {"hydrant_id": "40958", "operator": "LADWP", "size_code": "2 1/2 X 4D", "make": "Rich", "main_size_in": 16.0, "corner": "S", "street": "LOS LIONES DR", "cross_street": "2371 WW TRAMONTO DR", "source": "LADWP Fire Hydrants (DWP) - ArcGIS Online copy of LA GeoHub layer; IDs verified against City BOE Palisades layer", "in_perimeter": true, "elev_m": 77.3, "elev_ft": 254.0, "pressure_zone_est": 529, "static_psi_est": 119.1}, "geometry": {"type": "Point", "coordinates": [-118.560215886332, 34.047159496451]}}, {"type": "Feature", "properties": {"hydrant_id": "33575", "operator": "LADWP", "size_code": "2 1/2 X 4D", "make": "Clow", "main_size_in": 6.0, "corner": "NE", "street": "SABBIADORO WAY", "cross_street": "MONTE GRIGIO DR", "source": "LADWP Fire Hydrants (DWP) - ArcGIS Online copy of LA GeoHub layer; IDs verified against City BOE Palisades layer", "in_perimeter": false, "elev_m": 95.2, "elev_ft": 312.0, "pressure_zone_est": 529, "static_psi_est": 94.0}, "geometry": {"type": "Point", "coordinates": [-118.562452536881, 34.0449983978555]}}, {"type": "Feature", "properties": {"hydrant_id": "43034", "operator": "LADWP", "size_code": "2 1/2 X 4D", "make": "Long Beach Iron Works", "main_size_in": 6.0, "corner": "E", "street": "CUESTA LINDA DR", "cross_street": "470 NN PALISADES DR", "source": "LADWP Fire Hydrants (DWP) - ArcGIS Online copy of LA GeoHub layer; IDs verified against City BOE Palisades layer", "in_perimeter": true, "elev_m": 346.4, "elev_ft": 1136.0, "pressure_zone_est": 1345, "static_psi_est": 90.5}, "geometry": {"type": "Point", "coordinates": [-118.554841536709, 34.0757245073676]}}, {"type": "Feature", "properties": {"hydrant_id": "42189", "operator": "LADWP", "size_code": "2 1/2 X 4D", "make": "Rich", "main_size_in": 8.0, "corner": "NE", "street": "PALISADES CT", "cross_street": "PALISADES DR", "source": "LADWP Fire Hydrants (DWP) - ArcGIS Online copy of LA GeoHub layer; IDs verified against City BOE Palisades layer", "in_perimeter": true, "elev_m": 282.7, "elev_ft": 927.0, "pressure_zone_est": 1137, "static_psi_est": 90.9}, "geometry": {"type": "Point", "coordinates": [-118.558680736122, 34.0756236879432]}}, {"type": "Feature", "properties": {"hydrant_id": "42184", "operator": "LADWP", "size_code": "2 1/2 X 4D", "make": "Mueller", "main_size_in": 6.0, "corner": "SW", "street": "AVE DE HERRADURA", "cross_street": "MICHAEL LN", "source": "LADWP Fire Hydrants (DWP) - ArcGIS Online copy of LA GeoHub layer; IDs verified against City BOE Palisades layer", "in_perimeter": true, "elev_m": 294.5, "elev_ft": 966.0, "pressure_zone_est": 1137, "static_psi_est": 74.0}, "geometry": {"type": "Point", "coordinates": [-118.558271287547, 34.0771473436618]}}, {"type": "Feature", "properties": {"hydrant_id": "32868", "operator": "LADWP", "size_code": "2 1/2 S", "make": "Keystone", "main_size_in": 6.0, "corner": "NW", "street": "EARLHAM ST", "cross_street": "MT HOLYOKE AVE", "source": "LADWP Fire Hydrants (DWP) - ArcGIS Online copy of LA GeoHub layer; IDs verified against City BOE Palisades layer", "in_perimeter": true, "elev_m": 89.3, "elev_ft": 293.0, "pressure_zone_est": 529, "static_psi_est": 102.2}, "geometry": {"type": "Point", "coordinates": [-118.531050144208, 34.0385962205351]}}, {"type": "Feature", "properties": {"hydrant_id": "32886", "operator": "LADWP", "size_code": "2 1/2 X 4D", "make": "Clow", "main_size_in": 6.0, "corner": "SW", "street": "OCAMPO DR", "cross_street": "PAMPAS RICAS BLVD", "source": "LADWP Fire Hydrants (DWP) - ArcGIS Online copy of LA GeoHub layer; IDs verified against City BOE Palisades layer", "in_perimeter": false, "elev_m": 87.8, "elev_ft": 288.0, "pressure_zone_est": 529, "static_psi_est": 104.4}, "geometry": {"type": "Point", "coordinates": [-118.520475985246, 34.0400928789933]}}, {"type": "Feature", "properties": {"hydrant_id": "40079", "operator": "LADWP", "size_code": "4 S BU", "make": "Jones Angle Valve 6", "main_size_in": 8.0, "corner": "S", "street": "SUNSET BLVD", "cross_street": "380 EE CHAUTAUQUA", "source": "LADWP Fire Hydrants (DWP) - ArcGIS Online copy of LA GeoHub layer; IDs verified against City BOE Palisades layer", "in_perimeter": false, "elev_m": 89.6, "elev_ft": 294.0, "pressure_zone_est": 529, "static_psi_est": 101.8}, "geometry": {"type": "Point", "coordinates": [-118.517052574088, 34.0417758622932]}}, {"type": "Feature", "properties": {"hydrant_id": "41741", "operator": "LADWP", "size_code": "2 1/2 X 4D", "make": "Mueller", "main_size_in": 12.0, "corner": null, "street": null, "cross_street": null, "source": "LADWP Fire Hydrants (DWP) - ArcGIS Online copy of LA GeoHub layer; IDs verified against City BOE Palisades layer", "in_perimeter": false, "elev_m": 275.7, "elev_ft": 905.0, "pressure_zone_est": 1137, "static_psi_est": 100.5}, "geometry": {"type": "Point", "coordinates": [-118.502944798123, 34.0990579950437]}}, {"type": "Feature", "properties": {"hydrant_id": "32647", "operator": "LADWP", "size_code": "2 1/2 X 4D", "make": "Clow", "main_size_in": 6.0, "corner": "N", "street": "CAMAROSA DR", "cross_street": "388' WW TOYOPA DR", "source": "LADWP Fire Hydrants (DWP) - ArcGIS Online copy of LA GeoHub layer; IDs verified against City BOE Palisades layer", "in_perimeter": false, "elev_m": 76.5, "elev_ft": 251.0, "pressure_zone_est": 529, "static_psi_est": 120.4}, "geometry": {"type": "Point", "coordinates": [-118.521963855375, 34.0346969534494]}}, {"type": "Feature", "properties": {"hydrant_id": "41715", "operator": "LADWP", "size_code": "2 1/2 S BU", "make": "Jones Angle Valve 6", "main_size_in": 6.0, "corner": "NE", "street": "AVENIDA DE CORTEZ", "cross_street": "PALISADES CIR", "source": "LADWP Fire Hydrants (DWP) - ArcGIS Online copy of LA GeoHub layer; IDs verified against City BOE Palisades layer", "in_perimeter": true, "elev_m": 201.1, "elev_ft": 660.0, "pressure_zone_est": 1137, "static_psi_est": 206.5}, "geometry": {"type": "Point", "coordinates": [-118.562659858894, 34.0729379083508]}}, {"type": "Feature", "properties": {"hydrant_id": "31277", "operator": "LADWP", "size_code": "2 1/2 X 4D", "make": "Clow", "main_size_in": 4.0, "corner": null, "street": null, "cross_street": null, "source": "LADWP Fire Hydrants (DWP) - ArcGIS Online copy of LA GeoHub layer; IDs verified against City BOE Palisades layer", "in_perimeter": false, "elev_m": 129.8, "elev_ft": 426.0, "pressure_zone_est": 529, "static_psi_est": 44.6}, "geometry": {"type": "Point", "coordinates": [-118.492954745138, 34.0572538878248]}}, {"type": "Feature", "properties": {"hydrant_id": "38318", "operator": "LADWP", "size_code": "2 1/2 S", "make": "Van De Venter", "main_size_in": 6.0, "corner": null, "street": null, "cross_street": null, "source": "LADWP Fire Hydrants (DWP) - ArcGIS Online copy of LA GeoHub layer; IDs verified against City BOE Palisades layer", "in_perimeter": false, "elev_m": 235.3, "elev_ft": 772.0, "pressure_zone_est": 1137, "static_psi_est": 158.0}, "geometry": {"type": "Point", "coordinates": [-118.490204280581, 34.0754202344137]}}, {"type": "Feature", "properties": {"hydrant_id": "37232", "operator": "LADWP", "size_code": "2 1/2 X 4D", "make": "Rich", "main_size_in": 8.0, "corner": null, "street": null, "cross_street": null, "source": "LADWP Fire Hydrants (DWP) - ArcGIS Online copy of LA GeoHub layer; IDs verified against City BOE Palisades layer", "in_perimeter": false, "elev_m": 172.1, "elev_ft": 565.0, "pressure_zone_est": 720, "static_psi_est": 67.1}, "geometry": {"type": "Point", "coordinates": [-118.494614760633, 34.0721208549895]}}, {"type": "Feature", "properties": {"hydrant_id": "42994", "operator": "LADWP", "size_code": "2 1/2 S BU", "make": "Jones Angle Valve 6", "main_size_in": 6.0, "corner": "E", "street": "BIENVENEDA AVE", "cross_street": "401 NN VIA FLORESTA", "source": "LADWP Fire Hydrants (DWP) - ArcGIS Online copy of LA GeoHub layer; IDs verified against City BOE Palisades layer", "in_perimeter": true, "elev_m": 220.6, "elev_ft": 724.0, "pressure_zone_est": 1137, "static_psi_est": 178.8}, "geometry": {"type": "Point", "coordinates": [-118.542455764937, 34.0632129538119]}}, {"type": "Feature", "properties": {"hydrant_id": "37330", "operator": "LADWP", "size_code": "2 1/2 S", "make": "Van De Venter", "main_size_in": 8.0, "corner": null, "street": null, "cross_street": null, "source": "LADWP Fire Hydrants (DWP) - ArcGIS Online copy of LA GeoHub layer; IDs verified against City BOE Palisades layer", "in_perimeter": false, "elev_m": 155.4, "elev_ft": 510.0, "pressure_zone_est": 720, "static_psi_est": 90.9}, "geometry": {"type": "Point", "coordinates": [-118.503518899646, 34.0685431247324]}}, {"type": "Feature", "properties": {"hydrant_id": "37329", "operator": "LADWP", "size_code": "2 1/2 X 4D", "make": "Rich", "main_size_in": 8.0, "corner": null, "street": null, "cross_street": null, "source": "LADWP Fire Hydrants (DWP) - ArcGIS Online copy of LA GeoHub layer; IDs verified against City BOE Palisades layer", "in_perimeter": false, "elev_m": 147.6, "elev_ft": 484.0, "pressure_zone_est": 720, "static_psi_est": 102.2}, "geometry": {"type": "Point", "coordinates": [-118.500968727604, 34.0666145107915]}}, {"type": "Feature", "properties": {"hydrant_id": "34257", "operator": "LADWP", "size_code": "2 1/2 S BU", "make": "Jones Angle Valve 6", "main_size_in": 20.0, "corner": null, "street": null, "cross_street": null, "source": "LADWP Fire Hydrants (DWP) - ArcGIS Online copy of LA GeoHub layer; IDs verified against City BOE Palisades layer", "in_perimeter": false, "elev_m": 228.8, "elev_ft": 751.0, "pressure_zone_est": 1137, "static_psi_est": 167.1}, "geometry": {"type": "Point", "coordinates": [-118.49861489228, 34.0681467231614]}}, {"type": "Feature", "properties": {"hydrant_id": "32660", "operator": "LADWP", "size_code": "2 1/2 X 4D", "make": "Clow", "main_size_in": 6.0, "corner": "NE", "street": "EAST RUSTIC RD", "cross_street": "WEST RUSTIC RD", "source": "LADWP Fire Hydrants (DWP) - ArcGIS Online copy of LA GeoHub layer; IDs verified against City BOE Palisades layer", "in_perimeter": false, "elev_m": 16.2, "elev_ft": 53.0, "pressure_zone_est": 529, "static_psi_est": 206.1}, "geometry": {"type": "Point", "coordinates": [-118.517407703361, 34.0322067473631]}}, {"type": "Feature", "properties": {"hydrant_id": "44377", "operator": "LADWP", "size_code": "2 1/2 X 4D", "make": "Clow", "main_size_in": 6.0, "corner": "W", "street": "MESA RD", "cross_street": "360'NN SYCAMORE RD", "source": "LADWP Fire Hydrants (DWP) - ArcGIS Online copy of LA GeoHub layer; IDs verified against City BOE Palisades layer", "in_perimeter": false, "elev_m": 19.8, "elev_ft": 65.0, "pressure_zone_est": 529, "static_psi_est": 200.9}, "geometry": {"type": "Point", "coordinates": [-118.515733872736, 34.0320416160929]}}, {"type": "Feature", "properties": {"hydrant_id": "42827", "operator": "LADWP", "size_code": "2 1/2 X 4D", "make": "Clow", "main_size_in": 12.0, "corner": "E", "street": "PIEDRA MORADA DR", "cross_street": "523 NN MONTE HERMOSO", "source": "LADWP Fire Hydrants (DWP) - ArcGIS Online copy of LA GeoHub layer; IDs verified against City BOE Palisades layer", "in_perimeter": true, "elev_m": 357.2, "elev_ft": 1172.0, "pressure_zone_est": 1345, "static_psi_est": 74.9}, "geometry": {"type": "Point", "coordinates": [-118.551581466961, 34.0693134347736]}}, {"type": "Feature", "properties": {"hydrant_id": "41716", "operator": "LADWP", "size_code": "2 1/2 S BU", "make": "Jones Angle Valve 6", "main_size_in": 6.0, "corner": "E", "street": "AVENIDA DE CORTEZ", "cross_street": "452 NN PALISADES CIR", "source": "LADWP Fire Hydrants (DWP) - ArcGIS Online copy of LA GeoHub layer; IDs verified against City BOE Palisades layer", "in_perimeter": true, "elev_m": 202.8, "elev_ft": 665.0, "pressure_zone_est": 1137, "static_psi_est": 204.4}, "geometry": {"type": "Point", "coordinates": [-118.563265648927, 34.0740035253701]}}, {"type": "Feature", "properties": {"hydrant_id": "42787", "operator": "LADWP", "size_code": "2 1/2 X 4D", "make": "Clow", "main_size_in": 20.0, "corner": "NW", "street": "PALISADES DR", "cross_street": "MONTE GRANDE PL", "source": "LADWP Fire Hydrants (DWP) - ArcGIS Online copy of LA GeoHub layer; IDs verified against City BOE Palisades layer", "in_perimeter": true, "elev_m": 289.6, "elev_ft": 950.0, "pressure_zone_est": 1137, "static_psi_est": 81.0}, "geometry": {"type": "Point", "coordinates": [-118.558214950256, 34.0752423433118]}}, {"type": "Feature", "properties": {"hydrant_id": "81797", "operator": "LADWP", "size_code": "2 1/2 X 4D", "make": "Clow", "main_size_in": 8.0, "corner": null, "street": null, "cross_street": null, "source": "LADWP Fire Hydrants (DWP) - ArcGIS Online copy of LA GeoHub layer; IDs verified against City BOE Palisades layer", "in_perimeter": false, "elev_m": 128.7, "elev_ft": 422.0, "pressure_zone_est": 529, "static_psi_est": 46.3}, "geometry": {"type": "Point", "coordinates": [-118.493192565439, 34.0595463369388]}}, {"type": "Feature", "properties": {"hydrant_id": "42394", "operator": "LADWP", "size_code": "2 1/2 X 4D", "make": "Rich", "main_size_in": 6.0, "corner": "E", "street": "SUNSET BL", "cross_street": "362 NN CASTELLAMARE DR", "source": "LADWP Fire Hydrants (DWP) - ArcGIS Online copy of LA GeoHub layer; IDs verified against City BOE Palisades layer", "in_perimeter": true, "elev_m": 15.2, "elev_ft": 50.0, "pressure_zone_est": 529, "static_psi_est": 207.4}, "geometry": {"type": "Point", "coordinates": [-118.55355378005, 34.040271417017]}}, {"type": "Feature", "properties": {"hydrant_id": "32854", "operator": "LADWP", "size_code": "4 S BU", "make": "Jones Angle Valve 6", "main_size_in": 6.0, "corner": "NW", "street": "ADERNO WAY", "cross_street": "TRINO WALK", "source": "LADWP Fire Hydrants (DWP) - ArcGIS Online copy of LA GeoHub layer; IDs verified against City BOE Palisades layer", "in_perimeter": true, "elev_m": 73.3, "elev_ft": 240.0, "pressure_zone_est": 529, "static_psi_est": 125.1}, "geometry": {"type": "Point", "coordinates": [-118.545244933025, 34.0418097141545]}}, {"type": "Feature", "properties": {"hydrant_id": "44489", "operator": "LADWP", "size_code": "2 1/2 X 4D", "make": "Clow", "main_size_in": 8.0, "corner": "N", "street": "BAY CLUB DR(PVT)", "cross_street": "366'SS ARNO WAY", "source": "LADWP Fire Hydrants (DWP) - ArcGIS Online copy of LA GeoHub layer; IDs verified against City BOE Palisades layer", "in_perimeter": true, "elev_m": 33.1, "elev_ft": 109.0, "pressure_zone_est": 529, "static_psi_est": 181.9}, "geometry": {"type": "Point", "coordinates": [-118.545481523349, 34.0407180317376]}}, {"type": "Feature", "properties": {"hydrant_id": "38305", "operator": "LADWP", "size_code": "2 1/2 X 4D", "make": "Van De Venter", "main_size_in": 6.0, "corner": "S", "street": "R/W E TRINO WAY", "cross_street": "PACIFIC COAST HWY", "source": "LADWP Fire Hydrants (DWP) - ArcGIS Online copy of LA GeoHub layer; IDs verified against City BOE Palisades layer", "in_perimeter": false, "elev_m": 4.3, "elev_ft": 14.0, "pressure_zone_est": 529, "static_psi_est": 223.0}, "geometry": {"type": "Point", "coordinates": [-118.543936914238, 34.0391344606271]}}, {"type": "Feature", "properties": {"hydrant_id": "38300", "operator": "LADWP", "size_code": "2 1/2 X 4D", "make": "Clow", "main_size_in": 6.0, "corner": "E", "street": "MARQUEZ TER", "cross_street": "371' NN JACON WY", "source": "LADWP Fire Hydrants (DWP) - ArcGIS Online copy of LA GeoHub layer; IDs verified against City BOE Palisades layer", "in_perimeter": true, "elev_m": 100.1, "elev_ft": 328.0, "pressure_zone_est": 529, "static_psi_est": 87.0}, "geometry": {"type": "Point", "coordinates": [-118.545676484221, 34.047624052791]}}, {"type": "Feature", "properties": {"hydrant_id": "39581", "operator": "LADWP", "size_code": "2 1/2 X 4D", "make": "Jones", "main_size_in": 6.0, "corner": "W", "street": "ALTA MURA RD", "cross_street": "556 NN SAN ONOFRE", "source": "LADWP Fire Hydrants (DWP) - ArcGIS Online copy of LA GeoHub layer; IDs verified against City BOE Palisades layer", "in_perimeter": false, "elev_m": 213.3, "elev_ft": 700.0, "pressure_zone_est": 1137, "static_psi_est": 189.2}, "geometry": {"type": "Point", "coordinates": [-118.502109601496, 34.0633254321051]}}, {"type": "Feature", "properties": {"hydrant_id": "32680", "operator": "LADWP", "size_code": "2 1/2 X 4D", "make": "Clow", "main_size_in": 6.0, "corner": "NE", "street": "SAN LORENZO ST", "cross_street": "ENTRADA DR", "source": "LADWP Fire Hydrants (DWP) - ArcGIS Online copy of LA GeoHub layer; IDs verified against City BOE Palisades layer", "in_perimeter": false, "elev_m": 48.5, "elev_ft": 159.0, "pressure_zone_est": 529, "static_psi_est": 160.2}, "geometry": {"type": "Point", "coordinates": [-118.509306249421, 34.0345473093801]}}, {"type": "Feature", "properties": {"hydrant_id": "32683", "operator": "LADWP", "size_code": "2 1/2 X 4D", "make": "Clow", "main_size_in": 6.0, "corner": "NE", "street": "KINGMAN AVE", "cross_street": "MESITA WAY", "source": "LADWP Fire Hydrants (DWP) - ArcGIS Online copy of LA GeoHub layer; IDs verified against City BOE Palisades layer", "in_perimeter": false, "elev_m": 54.7, "elev_ft": 179.0, "pressure_zone_est": 529, "static_psi_est": 151.6}, "geometry": {"type": "Point", "coordinates": [-118.50829990327, 34.0369191625069]}}, {"type": "Feature", "properties": {"hydrant_id": "32679", "operator": "LADWP", "size_code": "2 1/2 S", "make": "Van De Venter", "main_size_in": 6.0, "corner": "SE", "street": "STASSI LANE", "cross_street": "ENTRADA DR", "source": "LADWP Fire Hydrants (DWP) - ArcGIS Online copy of LA GeoHub layer; IDs verified against City BOE Palisades layer", "in_perimeter": false, "elev_m": 39.1, "elev_ft": 128.0, "pressure_zone_est": 529, "static_psi_est": 173.6}, "geometry": {"type": "Point", "coordinates": [-118.510156316533, 34.0337170992974]}}, {"type": "Feature", "properties": {"hydrant_id": "40381", "operator": "LADWP", "size_code": "4S", "make": "Rich", "main_size_in": 8.0, "corner": "SE", "street": "ENTRADA DR", "cross_street": "EAST CHANNEL RD", "source": "LADWP Fire Hydrants (DWP) - ArcGIS Online copy of LA GeoHub layer; IDs verified against City BOE Palisades layer", "in_perimeter": false, "elev_m": 21.7, "elev_ft": 71.0, "pressure_zone_est": 529, "static_psi_est": 198.3}, "geometry": {"type": "Point", "coordinates": [-118.51233686553, 34.0309905280148]}}, {"type": "Feature", "properties": {"hydrant_id": "82339", "operator": "LADWP", "size_code": "2 1/2 X 4D", "make": "Jones", "main_size_in": 6.0, "corner": "W", "street": "VIA DE LA PAZ", "cross_street": "308' SS DE PAUW ST", "source": "LADWP Fire Hydrants (DWP) - ArcGIS Online copy of LA GeoHub layer; IDs verified against City BOE Palisades layer", "in_perimeter": true, "elev_m": 92.8, "elev_ft": 305.0, "pressure_zone_est": 529, "static_psi_est": 97.0}, "geometry": {"type": "Point", "coordinates": [-118.52922779425, 34.0394185056745]}}, {"type": "Feature", "properties": {"hydrant_id": "36861", "operator": "LADWP", "size_code": "2 1/2 X 4D", "make": "Clow", "main_size_in": 6.0, "corner": null, "street": null, "cross_street": null, "source": "LADWP Fire Hydrants (DWP) - ArcGIS Online copy of LA GeoHub layer; IDs verified against City BOE Palisades layer", "in_perimeter": false, "elev_m": 120.9, "elev_ft": 397.0, "pressure_zone_est": 529, "static_psi_est": 57.2}, "geometry": {"type": "Point", "coordinates": [-118.491635953011, 34.0538045834459]}}, {"type": "Feature", "properties": {"hydrant_id": "81144", "operator": "LADWP", "size_code": "2 1/2 S BU", "make": "Jones Angle Valve 6", "main_size_in": 4.0, "corner": null, "street": null, "cross_street": null, "source": "LADWP Fire Hydrants (DWP) - ArcGIS Online copy of LA GeoHub layer; IDs verified against City BOE Palisades layer", "in_perimeter": false, "elev_m": 222.7, "elev_ft": 731.0, "pressure_zone_est": 1137, "static_psi_est": 175.8}, "geometry": {"type": "Point", "coordinates": [-118.496764766529, 34.0680898261291]}}, {"type": "Feature", "properties": {"hydrant_id": "34265", "operator": "LADWP", "size_code": "2 1/2 X 4D", "make": "Long Beach Iron Works", "main_size_in": 6.0, "corner": null, "street": null, "cross_street": null, "source": "LADWP Fire Hydrants (DWP) - ArcGIS Online copy of LA GeoHub layer; IDs verified against City BOE Palisades layer", "in_perimeter": false, "elev_m": 170.8, "elev_ft": 560.0, "pressure_zone_est": 720, "static_psi_est": 69.3}, "geometry": {"type": "Point", "coordinates": [-118.490537527418, 34.0657102360727]}}, {"type": "Feature", "properties": {"hydrant_id": "34264", "operator": "LADWP", "size_code": "2 1/2 X 4D", "make": "Jones", "main_size_in": 12.0, "corner": null, "street": null, "cross_street": null, "source": "LADWP Fire Hydrants (DWP) - ArcGIS Online copy of LA GeoHub layer; IDs verified against City BOE Palisades layer", "in_perimeter": false, "elev_m": 149.3, "elev_ft": 490.0, "pressure_zone_est": 720, "static_psi_est": 99.6}, "geometry": {"type": "Point", "coordinates": [-118.494344716001, 34.0680703523408]}}, {"type": "Feature", "properties": {"hydrant_id": "34255", "operator": "LADWP", "size_code": "4 S BU", "make": "Jones Angle Valve 6", "main_size_in": 20.0, "corner": null, "street": null, "cross_street": null, "source": "LADWP Fire Hydrants (DWP) - ArcGIS Online copy of LA GeoHub layer; IDs verified against City BOE Palisades layer", "in_perimeter": false, "elev_m": 180.7, "elev_ft": 593.0, "pressure_zone_est": 720, "static_psi_est": 55.0}, "geometry": {"type": "Point", "coordinates": [-118.494387088766, 34.0662058416102]}}, {"type": "Feature", "properties": {"hydrant_id": "40001", "operator": "LADWP", "size_code": "4S", "make": "Rich", "main_size_in": 6.0, "corner": "NW", "street": "EDGAR ST", "cross_street": "IDA ST", "source": "LADWP Fire Hydrants (DWP) - ArcGIS Online copy of LA GeoHub layer; IDs verified against City BOE Palisades layer", "in_perimeter": true, "elev_m": 92.0, "elev_ft": 302.0, "pressure_zone_est": 529, "static_psi_est": 98.3}, "geometry": {"type": "Point", "coordinates": [-118.546431851419, 34.0456066452923]}}, {"type": "Feature", "properties": {"hydrant_id": "37181", "operator": "LADWP", "size_code": "2 1/2 X 4D", "make": "Van De Venter", "main_size_in": 16.0, "corner": "SE", "street": "MARQUEZ AVE", "cross_street": "IDA ST", "source": "LADWP Fire Hydrants (DWP) - ArcGIS Online copy of LA GeoHub layer; IDs verified against City BOE Palisades layer", "in_perimeter": true, "elev_m": 96.8, "elev_ft": 318.0, "pressure_zone_est": 529, "static_psi_est": 91.4}, "geometry": {"type": "Point", "coordinates": [-118.546641036833, 34.046177042509]}}, {"type": "Feature", "properties": {"hydrant_id": "43073", "operator": "LADWP", "size_code": "2 1/2 S BU", "make": "Jones Angle Valve 6", "main_size_in": 8.0, "corner": "W", "street": "PALISADES DR", "cross_street": "298'NN SUNSET BLVD", "source": "LADWP Fire Hydrants (DWP) - ArcGIS Online copy of LA GeoHub layer; IDs verified against City BOE Palisades layer", "in_perimeter": false, "elev_m": 42.9, "elev_ft": 141.0, "pressure_zone_est": 529, "static_psi_est": 168.0}, "geometry": {"type": "Point", "coordinates": [-118.552252526642, 34.0452749835319]}}, {"type": "Feature", "properties": {"hydrant_id": "41554", "operator": "LADWP", "size_code": "2 1/2 S BU", "make": "Jones Angle Valve 6", "main_size_in": 36.0, "corner": "E", "street": "PALISADES DR", "cross_street": "879'NN SUNSET BLVD", "source": "LADWP Fire Hydrants (DWP) - ArcGIS Online copy of LA GeoHub layer; IDs verified against City BOE Palisades layer", "in_perimeter": false, "elev_m": 47.9, "elev_ft": 157.0, "pressure_zone_est": 529, "static_psi_est": 161.1}, "geometry": {"type": "Point", "coordinates": [-118.55242573477, 34.0469551102582]}}, {"type": "Feature", "properties": {"hydrant_id": "43060", "operator": "LADWP", "size_code": "2 1/2 S BU", "make": "Jones Angle Valve 6", "main_size_in": 36.0, "corner": "W", "street": "PALISADES DR", "cross_street": "1481 NN SUNSET BLVD", "source": "LADWP Fire Hydrants (DWP) - ArcGIS Online copy of LA GeoHub layer; IDs verified against City BOE Palisades layer", "in_perimeter": false, "elev_m": 54.6, "elev_ft": 179.0, "pressure_zone_est": 529, "static_psi_est": 151.6}, "geometry": {"type": "Point", "coordinates": [-118.552916691661, 34.0484858071148]}}, {"type": "Feature", "properties": {"hydrant_id": "43333", "operator": "LADWP", "size_code": "2 1/2 X 4D", "make": "Long Beach Iron Works", "main_size_in": 8.0, "corner": "N", "street": "CHASTAIN PKWY WEST", "cross_street": "385'WW CALLE PATRICIA", "source": "LADWP Fire Hydrants (DWP) - ArcGIS Online copy of LA GeoHub layer; IDs verified against City BOE Palisades layer", "in_perimeter": true, "elev_m": 422.5, "elev_ft": 1386.0, "pressure_zone_est": 1645, "static_psi_est": 112.1}, "geometry": {"type": "Point", "coordinates": [-118.55067380195, 34.0771018959606]}}, {"type": "Feature", "properties": {"hydrant_id": "40836", "operator": "LADWP", "size_code": "4S", "make": "Rich", "main_size_in": 8.0, "corner": null, "street": null, "cross_street": null, "source": "LADWP Fire Hydrants (DWP) - ArcGIS Online copy of LA GeoHub layer; IDs verified against City BOE Palisades layer", "in_perimeter": false, "elev_m": 274.8, "elev_ft": 901.0, "pressure_zone_est": 1137, "static_psi_est": 102.2}, "geometry": {"type": "Point", "coordinates": [-118.505278946588, 34.080842128017]}}, {"type": "Feature", "properties": {"hydrant_id": "42932", "operator": "LADWP", "size_code": "2 1/2 S BU", "make": "Jones Angle Valve 6", "main_size_in": 6.0, "corner": null, "street": null, "cross_street": null, "source": "LADWP Fire Hydrants (DWP) - ArcGIS Online copy of LA GeoHub layer; IDs verified against City BOE Palisades layer", "in_perimeter": false, "elev_m": 196.9, "elev_ft": 646.0, "pressure_zone_est": 1137, "static_psi_est": 212.6}, "geometry": {"type": "Point", "coordinates": [-118.495442606455, 34.0762196323322]}}, {"type": "Feature", "properties": {"hydrant_id": "37162", "operator": "LADWP", "size_code": "2 1/2 S BU", "make": "Jones Angle Valve 6", "main_size_in": 12.0, "corner": null, "street": null, "cross_street": null, "source": "LADWP Fire Hydrants (DWP) - ArcGIS Online copy of LA GeoHub layer; IDs verified against City BOE Palisades layer", "in_perimeter": false, "elev_m": 214.8, "elev_ft": 705.0, "pressure_zone_est": 1137, "static_psi_est": 187.1}, "geometry": {"type": "Point", "coordinates": [-118.490265960802, 34.0803884291373]}}, {"type": "Feature", "properties": {"hydrant_id": "38322", "operator": "LADWP", "size_code": "2 1/2 S", "make": "Van De Venter", "main_size_in": 8.0, "corner": null, "street": null, "cross_street": null, "source": "LADWP Fire Hydrants (DWP) - ArcGIS Online copy of LA GeoHub layer; IDs verified against City BOE Palisades layer", "in_perimeter": false, "elev_m": 244.6, "elev_ft": 802.0, "pressure_zone_est": 1137, "static_psi_est": 145.1}, "geometry": {"type": "Point", "coordinates": [-118.490874932615, 34.0766636551822]}}, {"type": "Feature", "properties": {"hydrant_id": "43745", "operator": "LADWP", "size_code": "2 1/2 X 4D", "make": "Long Beach Iron Works", "main_size_in": 16.0, "corner": null, "street": null, "cross_street": null, "source": "LADWP Fire Hydrants (DWP) - ArcGIS Online copy of LA GeoHub layer; IDs verified against City BOE Palisades layer", "in_perimeter": false, "elev_m": 309.2, "elev_ft": 1014.0, "pressure_zone_est": 1137, "static_psi_est": 53.3}, "geometry": {"type": "Point", "coordinates": [-118.498357317092, 34.0833900987815]}}, {"type": "Feature", "properties": {"hydrant_id": "32513", "operator": "LADWP", "size_code": "2 1/2 X 4D", "make": "Clow", "main_size_in": 6.0, "corner": "E", "street": "EAST RUSTIC RD", "cross_street": "398'NN WEST CHANNEL RD", "source": "LADWP Fire Hydrants (DWP) - ArcGIS Online copy of LA GeoHub layer; IDs verified against City BOE Palisades layer", "in_perimeter": false, "elev_m": 13.9, "elev_ft": 46.0, "pressure_zone_est": 529, "static_psi_est": 209.1}, "geometry": {"type": "Point", "coordinates": [-118.516734804879, 34.0313861947933]}}, {"type": "Feature", "properties": {"hydrant_id": "43319", "operator": "LADWP", "size_code": "2 1/2 X 4D", "make": "Long Beach Iron Works", "main_size_in": 6.0, "corner": "SE", "street": "CALLE DE NANCY PVT", "cross_street": "CALLE DEBORAH (PVT)", "source": "LADWP Fire Hydrants (DWP) - ArcGIS Online copy of LA GeoHub layer; IDs verified against City BOE Palisades layer", "in_perimeter": true, "elev_m": 452.7, "elev_ft": 1485.0, "pressure_zone_est": 1645, "static_psi_est": 69.3}, "geometry": {"type": "Point", "coordinates": [-118.547416536535, 34.0755591604844]}}, {"type": "Feature", "properties": {"hydrant_id": "42329", "operator": "LADWP", "size_code": "2 1/2 X 4D", "make": "Mueller", "main_size_in": 6.0, "corner": "SE", "street": "ILIFF ST", "cross_street": "ALBRIGHT ST", "source": "LADWP Fire Hydrants (DWP) - ArcGIS Online copy of LA GeoHub layer; IDs verified against City BOE Palisades layer", "in_perimeter": true, "elev_m": 118.8, "elev_ft": 390.0, "pressure_zone_est": 529, "static_psi_est": 60.2}, "geometry": {"type": "Point", "coordinates": [-118.519362715078, 34.0493850683294]}}, {"type": "Feature", "properties": {"hydrant_id": "41798", "operator": "LADWP", "size_code": "2 1/2 X 4D", "make": "Clow", "main_size_in": 6.0, "corner": "SE", "street": "GALLOWAY ST", "cross_street": "ALBRIGHT ST", "source": "LADWP Fire Hydrants (DWP) - ArcGIS Online copy of LA GeoHub layer; IDs verified against City BOE Palisades layer", "in_perimeter": true, "elev_m": 112.8, "elev_ft": 370.0, "pressure_zone_est": 529, "static_psi_est": 68.8}, "geometry": {"type": "Point", "coordinates": [-118.521348923713, 34.0490774004272]}}, {"type": "Feature", "properties": {"hydrant_id": "33304", "operator": "LADWP", "size_code": "2 1/2 X 4D", "make": "Clow", "main_size_in": 8.0, "corner": "SW", "street": "MUSKINGUM AVE", "cross_street": "SUNSET BLVD", "source": "LADWP Fire Hydrants (DWP) - ArcGIS Online copy of LA GeoHub layer; IDs verified against City BOE Palisades layer", "in_perimeter": true, "elev_m": 89.4, "elev_ft": 293.0, "pressure_zone_est": 529, "static_psi_est": 102.2}, "geometry": {"type": "Point", "coordinates": [-118.535939366568, 34.0487572028772]}}, {"type": "Feature", "properties": {"hydrant_id": "40003", "operator": "LADWP", "size_code": "2 1/2 X 4D", "make": "Clow", "main_size_in": 6.0, "corner": "SW", "street": "CARTHAGE ST", "cross_street": "HAVERFORD AVE", "source": "LADWP Fire Hydrants (DWP) - ArcGIS Online copy of LA GeoHub layer; IDs verified against City BOE Palisades layer", "in_perimeter": true, "elev_m": 81.7, "elev_ft": 268.0, "pressure_zone_est": 529, "static_psi_est": 113.0}, "geometry": {"type": "Point", "coordinates": [-118.529600534036, 34.0427841451991]}}, {"type": "Feature", "properties": {"hydrant_id": "82304", "operator": "LADWP", "size_code": "2 1/2 X 4D", "make": "Jones", "main_size_in": 4.0, "corner": null, "street": null, "cross_street": null, "source": "LADWP Fire Hydrants (DWP) - ArcGIS Online copy of LA GeoHub layer; IDs verified against City BOE Palisades layer", "in_perimeter": false, "elev_m": 150.2, "elev_ft": 493.0, "pressure_zone_est": 720, "static_psi_est": 98.3}, "geometry": {"type": "Point", "coordinates": [-118.493235628914, 34.0680937367854]}}, {"type": "Feature", "properties": {"hydrant_id": "82161", "operator": "LADWP", "size_code": "2 1/2 X 4D", "make": "Jones", "main_size_in": 8.0, "corner": "NW", "street": "ALTA MURA RD", "cross_street": "SAN ONOFRE DR", "source": "LADWP Fire Hydrants (DWP) - ArcGIS Online copy of LA GeoHub layer; IDs verified against City BOE Palisades layer", "in_perimeter": false, "elev_m": 197.4, "elev_ft": 648.0, "pressure_zone_est": 1137, "static_psi_est": 211.7}, "geometry": {"type": "Point", "coordinates": [-118.501633459057, 34.0625334333378]}}, {"type": "Feature", "properties": {"hydrant_id": "42754", "operator": "LADWP", "size_code": "2 1/2 X 4D", "make": "Clow", "main_size_in": 8.0, "corner": "W", "street": "CHARMEL LN", "cross_street": "6 SN GLYNN DR", "source": "LADWP Fire Hydrants (DWP) - ArcGIS Online copy of LA GeoHub layer; IDs verified against City BOE Palisades layer", "in_perimeter": true, "elev_m": 338.9, "elev_ft": 1112.0, "pressure_zone_est": 1345, "static_psi_est": 100.9}, "geometry": {"type": "Point", "coordinates": [-118.5517969567, 34.0628061562153]}}, {"type": "Feature", "properties": {"hydrant_id": "32908", "operator": "LADWP", "size_code": "2 1/2 X 4D", "make": "Mueller", "main_size_in": 6.0, "corner": "W", "street": "LATIMER RD", "cross_street": "1796 EE SUNSET BL", "source": "LADWP Fire Hydrants (DWP) - ArcGIS Online copy of LA GeoHub layer; IDs verified against City BOE Palisades layer", "in_perimeter": false, "elev_m": 51.2, "elev_ft": 168.0, "pressure_zone_est": 529, "static_psi_est": 156.3}, "geometry": {"type": "Point", "coordinates": [-118.51330791511, 34.0424054716571]}}, {"type": "Feature", "properties": {"hydrant_id": "32910", "operator": "LADWP", "size_code": "2 1/2 X 4D", "make": "Clow", "main_size_in": 6.0, "corner": "W", "street": "AMALFI DR", "cross_street": "673'SS NAPOLI DR", "source": "LADWP Fire Hydrants (DWP) - ArcGIS Online copy of LA GeoHub layer; IDs verified against City BOE Palisades layer", "in_perimeter": false, "elev_m": 84.6, "elev_ft": 277.0, "pressure_zone_est": 529, "static_psi_est": 109.1}, "geometry": {"type": "Point", "coordinates": [-118.512221438261, 34.0389536462467]}}, {"type": "Feature", "properties": {"hydrant_id": "28604", "operator": "LADWP", "size_code": "2 1/2 S", "make": "Van De Venter", "main_size_in": 6.0, "corner": null, "street": null, "cross_street": null, "source": "LADWP Fire Hydrants (DWP) - ArcGIS Online copy of LA GeoHub layer; IDs verified against City BOE Palisades layer", "in_perimeter": false, "elev_m": 76.9, "elev_ft": 252.0, "pressure_zone_est": 529, "static_psi_est": 119.9}, "geometry": {"type": "Point", "coordinates": [-118.50770480828, 34.0380440443952]}}, {"type": "Feature", "properties": {"hydrant_id": "40686", "operator": "LADWP", "size_code": "2 1/2 X 4D", "make": "Clow", "main_size_in": 16.0, "corner": null, "street": null, "cross_street": null, "source": "LADWP Fire Hydrants (DWP) - ArcGIS Online copy of LA GeoHub layer; IDs verified against City BOE Palisades layer", "in_perimeter": false, "elev_m": 290.6, "elev_ft": 953.0, "pressure_zone_est": 1137, "static_psi_est": 79.7}, "geometry": {"type": "Point", "coordinates": [-118.506367362015, 34.0773770585772]}}, {"type": "Feature", "properties": {"hydrant_id": "41992", "operator": "LADWP", "size_code": "2 1/2 S BU", "make": "Jones Angle Valve 6", "main_size_in": 6.0, "corner": "NE", "street": "EL HITO CIR", "cross_street": "EL HITO PL", "source": "LADWP Fire Hydrants (DWP) - ArcGIS Online copy of LA GeoHub layer; IDs verified against City BOE Palisades layer", "in_perimeter": true, "elev_m": 177.5, "elev_ft": 582.0, "pressure_zone_est": 720, "static_psi_est": 59.8}, "geometry": {"type": "Point", "coordinates": [-118.542406439733, 34.0594451420611]}}, {"type": "Feature", "properties": {"hydrant_id": "41141", "operator": "LADWP", "size_code": "2 1/2 S BU", "make": "Jones Angle Valve 6", "main_size_in": 12.0, "corner": null, "street": null, "cross_street": null, "source": "LADWP Fire Hydrants (DWP) - ArcGIS Online copy of LA GeoHub layer; IDs verified against City BOE Palisades layer", "in_perimeter": false, "elev_m": 371.6, "elev_ft": 1219.0, "pressure_zone_est": 1345, "static_psi_est": 54.6}, "geometry": {"type": "Point", "coordinates": [-118.50913478251, 34.0851363760228]}}, {"type": "Feature", "properties": {"hydrant_id": "33338", "operator": "LADWP", "size_code": "2 1/2 X 4D", "make": "Clow", "main_size_in": 6.0, "corner": "SW", "street": "AMALFI DR", "cross_street": "MINORCA DR", "source": "LADWP Fire Hydrants (DWP) - ArcGIS Online copy of LA GeoHub layer; IDs verified against City BOE Palisades layer", "in_perimeter": false, "elev_m": 122.5, "elev_ft": 402.0, "pressure_zone_est": 529, "static_psi_est": 55.0}, "geometry": {"type": "Point", "coordinates": [-118.507985328281, 34.049270294736]}}, {"type": "Feature", "properties": {"hydrant_id": "44739", "operator": "LADWP", "size_code": "2 1/2 S BU", "make": "Jones Angle Valve 6", "main_size_in": 6.0, "corner": "S", "street": "CALLE DE PALERMO", "cross_street": "141'WW CAMINO DE YATASTO", "source": "LADWP Fire Hydrants (DWP) - ArcGIS Online copy of LA GeoHub layer; IDs verified against City BOE Palisades layer", "in_perimeter": true, "elev_m": 235.6, "elev_ft": 773.0, "pressure_zone_est": 1137, "static_psi_est": 157.6}, "geometry": {"type": "Point", "coordinates": [-118.571827088129, 34.0795622178653]}}, {"type": "Feature", "properties": {"hydrant_id": "32869", "operator": "LADWP", "size_code": "4S", "make": "Darling", "main_size_in": 6.0, "corner": "NW", "street": "DE PAUW ST", "cross_street": "VIA DE LA PAZ", "source": "LADWP Fire Hydrants (DWP) - ArcGIS Online copy of LA GeoHub layer; IDs verified against City BOE Palisades layer", "in_perimeter": true, "elev_m": 93.9, "elev_ft": 308.0, "pressure_zone_est": 529, "static_psi_est": 95.7}, "geometry": {"type": "Point", "coordinates": [-118.528956418029, 34.0404500739941]}}, {"type": "Feature", "properties": {"hydrant_id": "32874", "operator": "LADWP", "size_code": "2 1/2 S", "make": "Greenberg", "main_size_in": 6.0, "corner": "NW", "street": "HAMPDEN PL", "cross_street": "HAMPDEN PL LW", "source": "LADWP Fire Hydrants (DWP) - ArcGIS Online copy of LA GeoHub layer; IDs verified against City BOE Palisades layer", "in_perimeter": true, "elev_m": 89.2, "elev_ft": 293.0, "pressure_zone_est": 529, "static_psi_est": 102.2}, "geometry": {"type": "Point", "coordinates": [-118.526780746166, 34.0419963195955]}}, {"type": "Feature", "properties": {"hydrant_id": "32881", "operator": "LADWP", "size_code": "2 1/2 S", "make": "Van De Venter", "main_size_in": 6.0, "corner": "SE", "street": "FRONTERA DR", "cross_street": "ALMA REAL DR", "source": "LADWP Fire Hydrants (DWP) - ArcGIS Online copy of LA GeoHub layer; IDs verified against City BOE Palisades layer", "in_perimeter": true, "elev_m": 86.8, "elev_ft": 285.0, "pressure_zone_est": 529, "static_psi_est": 105.7}, "geometry": {"type": "Point", "coordinates": [-118.523276136693, 34.0403945587104]}}, {"type": "Feature", "properties": {"hydrant_id": "32876", "operator": "LADWP", "size_code": "2 1/2 X 4D", "make": "Clow", "main_size_in": 6.0, "corner": "E", "street": "ALMOLOYA DR", "cross_street": "18'SS EL CERCO PL", "source": "LADWP Fire Hydrants (DWP) - ArcGIS Online copy of LA GeoHub layer; IDs verified against City BOE Palisades layer", "in_perimeter": true, "elev_m": 86.9, "elev_ft": 285.0, "pressure_zone_est": 529, "static_psi_est": 105.7}, "geometry": {"type": "Point", "coordinates": [-118.522616157493, 34.0387555487609]}}, {"type": "Feature", "properties": {"hydrant_id": "32511", "operator": "LADWP", "size_code": "2 1/2 X 4D", "make": "Clow", "main_size_in": 6.0, "corner": "NE", "street": "WEST CHANNEL RD", "cross_street": "CHAUTAUQUA BLVD", "source": "LADWP Fire Hydrants (DWP) - ArcGIS Online copy of LA GeoHub layer; IDs verified against City BOE Palisades layer", "in_perimeter": false, "elev_m": 6.6, "elev_ft": 22.0, "pressure_zone_est": 529, "static_psi_est": 219.5}, "geometry": {"type": "Point", "coordinates": [-118.51904884922, 34.0286443944989]}}, {"type": "Feature", "properties": {"hydrant_id": "81255", "operator": "LADWP", "size_code": "2 1/2 S", "make": "Van De Venter", "main_size_in": 6.0, "corner": "SE", "street": "FRIENDS ST", "cross_street": "LOMBARD AV", "source": "LADWP Fire Hydrants (DWP) - ArcGIS Online copy of LA GeoHub layer; IDs verified against City BOE Palisades layer", "in_perimeter": true, "elev_m": 83.4, "elev_ft": 274.0, "pressure_zone_est": 529, "static_psi_est": 110.4}, "geometry": {"type": "Point", "coordinates": [-118.527103001495, 34.0362350192986]}}, {"type": "Feature", "properties": {"hydrant_id": "32640", "operator": "LADWP", "size_code": "2 1/2 X 4D", "make": "Jones", "main_size_in": 6.0, "corner": "NW", "street": "FRIENDS ST", "cross_street": "SWARTHMORE AVE", "source": "LADWP Fire Hydrants (DWP) - ArcGIS Online copy of LA GeoHub layer; IDs verified against City BOE Palisades layer", "in_perimeter": true, "elev_m": 85.1, "elev_ft": 279.0, "pressure_zone_est": 529, "static_psi_est": 108.2}, "geometry": {"type": "Point", "coordinates": [-118.528644007079, 34.0369886247043]}}, {"type": "Feature", "properties": {"hydrant_id": "32637", "operator": "LADWP", "size_code": "2 1/2 S", "make": "Greenberg", "main_size_in": 6.0, "corner": "NE", "street": "MT HOLYOKE AVE", "cross_street": "FRIENDS ST", "source": "LADWP Fire Hydrants (DWP) - ArcGIS Online copy of LA GeoHub layer; IDs verified against City BOE Palisades layer", "in_perimeter": true, "elev_m": 87.8, "elev_ft": 288.0, "pressure_zone_est": 529, "static_psi_est": 104.4}, "geometry": {"type": "Point", "coordinates": [-118.531529058138, 34.0374792904353]}}, {"type": "Feature", "properties": {"hydrant_id": "32653", "operator": "LADWP", "size_code": "2 1/2 X 4D", "make": "Clow", "main_size_in": 6.0, "corner": "SE", "street": "TOYOPA DR", "cross_street": "LA CUMBRE DR", "source": "LADWP Fire Hydrants (DWP) - ArcGIS Online copy of LA GeoHub layer; IDs verified against City BOE Palisades layer", "in_perimeter": true, "elev_m": 66.6, "elev_ft": 218.0, "pressure_zone_est": 529, "static_psi_est": 134.7}, "geometry": {"type": "Point", "coordinates": [-118.520244871752, 34.0337874547397]}}, {"type": "Feature", "properties": {"hydrant_id": "44009", "operator": "LADWP", "size_code": "2 1/2 X 4D", "make": "Long Beach Iron Works", "main_size_in": 6.0, "corner": "NW", "street": "CASTELLAMMARE DR", "cross_street": "BREVE WAY", "source": "LADWP Fire Hydrants (DWP) - ArcGIS Online copy of LA GeoHub layer; IDs verified against City BOE Palisades layer", "in_perimeter": false, "elev_m": 32.6, "elev_ft": 107.0, "pressure_zone_est": 529, "static_psi_est": 182.7}, "geometry": {"type": "Point", "coordinates": [-118.561665717257, 34.0411212255246]}}, {"type": "Feature", "properties": {"hydrant_id": "32832", "operator": "LADWP", "size_code": "2 1/2 X 4D", "make": "Long Beach Iron Works", "main_size_in": 6.0, "corner": "SE", "street": "BREVE WAY", "cross_street": "PORTO MARINA WAY", "source": "LADWP Fire Hydrants (DWP) - ArcGIS Online copy of LA GeoHub layer; IDs verified against City BOE Palisades layer", "in_perimeter": true, "elev_m": 18.5, "elev_ft": 61.0, "pressure_zone_est": 529, "static_psi_est": 202.6}, "geometry": {"type": "Point", "coordinates": [-118.562132866845, 34.0409551117863]}}, {"type": "Feature", "properties": {"hydrant_id": "42619", "operator": "LADWP", "size_code": "2 1/2 S BU", "make": "Jones Angle Valve 6", "main_size_in": 8.0, "corner": "N", "street": "PALISADES LN CIR", "cross_street": "240 EE PALISADES DR", "source": "LADWP Fire Hydrants (DWP) - ArcGIS Online copy of LA GeoHub layer; IDs verified against City BOE Palisades layer", "in_perimeter": true, "elev_m": 208.2, "elev_ft": 683.0, "pressure_zone_est": 1137, "static_psi_est": 196.6}, "geometry": {"type": "Point", "coordinates": [-118.564106797329, 34.0757729620479]}}, {"type": "Feature", "properties": {"hydrant_id": "41959", "operator": "LADWP", "size_code": "2 1/2 S BU", "make": "Jones Angle Valve 6", "main_size_in": 24.0, "corner": "NE", "street": "PALISADES DR", "cross_street": "PALISADES CIR", "source": "LADWP Fire Hydrants (DWP) - ArcGIS Online copy of LA GeoHub layer; IDs verified against City BOE Palisades layer", "in_perimeter": true, "elev_m": 202.7, "elev_ft": 665.0, "pressure_zone_est": 1137, "static_psi_est": 204.4}, "geometry": {"type": "Point", "coordinates": [-118.564834624041, 34.0757739027656]}}, {"type": "Feature", "properties": {"hydrant_id": "35582", "operator": "LADWP", "size_code": "2 1/2 X 4D", "make": "Rich", "main_size_in": 6.0, "corner": "N", "street": "MONUMENT ST", "cross_street": "1352NN MCKENDREE AV", "source": "LADWP Fire Hydrants (DWP) - ArcGIS Online copy of LA GeoHub layer; IDs verified against City BOE Palisades layer", "in_perimeter": true, "elev_m": 162.8, "elev_ft": 534.0, "pressure_zone_est": 720, "static_psi_est": 80.5}, "geometry": {"type": "Point", "coordinates": [-118.525139071396, 34.0538741966047]}}, {"type": "Feature", "properties": {"hydrant_id": "39724", "operator": "LADWP", "size_code": "4S", "make": "Rich", "main_size_in": 6.0, "corner": "S", "street": "ORACLE PL", "cross_street": "563 EE MARINETTE RD", "source": "LADWP Fire Hydrants (DWP) - ArcGIS Online copy of LA GeoHub layer; IDs verified against City BOE Palisades layer", "in_perimeter": true, "elev_m": 170.2, "elev_ft": 558.0, "pressure_zone_est": 720, "static_psi_est": 70.1}, "geometry": {"type": "Point", "coordinates": [-118.519098671944, 34.0553906344041]}}, {"type": "Feature", "properties": {"hydrant_id": "81018", "operator": "LADWP", "size_code": "2 1/2 X 4D", "make": "Jones", "main_size_in": 8.0, "corner": "W", "street": "CHAUTAUQUA BL", "cross_street": "1317' NN BEREA PL", "source": "LADWP Fire Hydrants (DWP) - ArcGIS Online copy of LA GeoHub layer; IDs verified against City BOE Palisades layer", "in_perimeter": true, "elev_m": 212.7, "elev_ft": 698.0, "pressure_zone_est": 1137, "static_psi_est": 190.1}, "geometry": {"type": "Point", "coordinates": [-118.522497826684, 34.0576652221051]}}, {"type": "Feature", "properties": {"hydrant_id": "33115", "operator": "LADWP", "size_code": "2 1/2 X 4D", "make": "Clow", "main_size_in": 6.0, "corner": "E", "street": "TOYOPA DR", "cross_street": "407'EE CAREY ST", "source": "LADWP Fire Hydrants (DWP) - ArcGIS Online copy of LA GeoHub layer; IDs verified against City BOE Palisades layer", "in_perimeter": true, "elev_m": 92.7, "elev_ft": 304.0, "pressure_zone_est": 529, "static_psi_est": 97.4}, "geometry": {"type": "Point", "coordinates": [-118.522336008926, 34.043523701792]}}, {"type": "Feature", "properties": {"hydrant_id": "40252", "operator": "LADWP", "size_code": "2 1/2 X 4D", "make": "Rich", "main_size_in": 8.0, "corner": null, "street": null, "cross_street": null, "source": "LADWP Fire Hydrants (DWP) - ArcGIS Online copy of LA GeoHub layer; IDs verified against City BOE Palisades layer", "in_perimeter": false, "elev_m": 106.3, "elev_ft": 349.0, "pressure_zone_est": 529, "static_psi_est": 77.9}, "geometry": {"type": "Point", "coordinates": [-118.491569910528, 34.0482336354807]}}, {"type": "Feature", "properties": {"hydrant_id": "33602", "operator": "LADWP", "size_code": "2 1/2 X 4D", "make": "Clow", "main_size_in": 16.0, "corner": "W", "street": "CHAUTAUQUA BLVD", "cross_street": "480' NN BEREA PL", "source": "LADWP Fire Hydrants (DWP) - ArcGIS Online copy of LA GeoHub layer; IDs verified against City BOE Palisades layer", "in_perimeter": true, "elev_m": 196.1, "elev_ft": 644.0, "pressure_zone_est": 1137, "static_psi_est": 213.5}, "geometry": {"type": "Point", "coordinates": [-118.522126446241, 34.0555719953152]}}, {"type": "Feature", "properties": {"hydrant_id": "81017", "operator": "LADWP", "size_code": "2 1/2 X 4D", "make": "Jones", "main_size_in": 6.0, "corner": "W", "street": "CHAUTAUQUA BL", "cross_street": "975' NN BEREA PL", "source": "LADWP Fire Hydrants (DWP) - ArcGIS Online copy of LA GeoHub layer; IDs verified against City BOE Palisades layer", "in_perimeter": true, "elev_m": 204.6, "elev_ft": 671.0, "pressure_zone_est": 1137, "static_psi_est": 201.8}, "geometry": {"type": "Point", "coordinates": [-118.522288531333, 34.0567538530601]}}, {"type": "Feature", "properties": {"hydrant_id": "42988", "operator": "LADWP", "size_code": "2 1/2 S BU", "make": "Jones Angle Valve 6", "main_size_in": 6.0, "corner": "NE", "street": "VIA ANITA (PVT)", "cross_street": "SHADOW MTN DR (PVT)", "source": "LADWP Fire Hydrants (DWP) - ArcGIS Online copy of LA GeoHub layer; IDs verified against City BOE Palisades layer", "in_perimeter": true, "elev_m": 198.3, "elev_ft": 651.0, "pressure_zone_est": 1137, "static_psi_est": 210.4}, "geometry": {"type": "Point", "coordinates": [-118.539147416741, 34.0583956654983]}}, {"type": "Feature", "properties": {"hydrant_id": "33088", "operator": "LADWP", "size_code": "4 S BU", "make": "Jones Angle Valve 6", "main_size_in": 6.0, "corner": "SW", "street": "MUSKINGUM AVE", "cross_street": "MIAMI WAY", "source": "LADWP Fire Hydrants (DWP) - ArcGIS Online copy of LA GeoHub layer; IDs verified against City BOE Palisades layer", "in_perimeter": true, "elev_m": 84.1, "elev_ft": 276.0, "pressure_zone_est": 529, "static_psi_est": 109.5}, "geometry": {"type": "Point", "coordinates": [-118.537810561396, 34.0459391566013]}}, {"type": "Feature", "properties": {"hydrant_id": "34260", "operator": "LADWP", "size_code": "2 1/2 X 4D", "make": "Jones", "main_size_in": 12.0, "corner": null, "street": null, "cross_street": null, "source": "LADWP Fire Hydrants (DWP) - ArcGIS Online copy of LA GeoHub layer; IDs verified against City BOE Palisades layer", "in_perimeter": false, "elev_m": 155.6, "elev_ft": 510.0, "pressure_zone_est": 720, "static_psi_est": 90.9}, "geometry": {"type": "Point", "coordinates": [-118.495826053752, 34.0694881305706]}}, {"type": "Feature", "properties": {"hydrant_id": "43312", "operator": "LADWP", "size_code": "2 1/2 X 4D", "make": "Long Beach Iron Works", "main_size_in": 8.0, "corner": "W", "street": "CALLE DE SARAH PVT", "cross_street": "410'NN CHASTAIN PKWY W", "source": "LADWP Fire Hydrants (DWP) - ArcGIS Online copy of LA GeoHub layer; IDs verified against City BOE Palisades layer", "in_perimeter": true, "elev_m": 414.5, "elev_ft": 1360.0, "pressure_zone_est": 1645, "static_psi_est": 123.4}, "geometry": {"type": "Point", "coordinates": [-118.552324917814, 34.0781756032041]}}, {"type": "Feature", "properties": {"hydrant_id": "43313", "operator": "LADWP", "size_code": "2 1/2 X 4D", "make": "Long Beach Iron Works", "main_size_in": 8.0, "corner": "N", "street": "CALLE DE SARAH PVT", "cross_street": "650'WW CALLE DEL CIELO", "source": "LADWP Fire Hydrants (DWP) - ArcGIS Online copy of LA GeoHub layer; IDs verified against City BOE Palisades layer", "in_perimeter": true, "elev_m": 430.6, "elev_ft": 1413.0, "pressure_zone_est": 1645, "static_psi_est": 100.5}, "geometry": {"type": "Point", "coordinates": [-118.551138384972, 34.0781111981207]}}, {"type": "Feature", "properties": {"hydrant_id": "40685", "operator": "LADWP", "size_code": "4S", "make": "Mueller", "main_size_in": 16.0, "corner": null, "street": null, "cross_street": null, "source": "LADWP Fire Hydrants (DWP) - ArcGIS Online copy of LA GeoHub layer; IDs verified against City BOE Palisades layer", "in_perimeter": false, "elev_m": 284.8, "elev_ft": 934.0, "pressure_zone_est": 1137, "static_psi_est": 87.9}, "geometry": {"type": "Point", "coordinates": [-118.506143328271, 34.0764102973301]}}, {"type": "Feature", "properties": {"hydrant_id": "40682", "operator": "LADWP", "size_code": "4S", "make": "Mueller", "main_size_in": 6.0, "corner": null, "street": null, "cross_street": null, "source": "LADWP Fire Hydrants (DWP) - ArcGIS Online copy of LA GeoHub layer; IDs verified against City BOE Palisades layer", "in_perimeter": false, "elev_m": 262.7, "elev_ft": 862.0, "pressure_zone_est": 1137, "static_psi_est": 119.1}, "geometry": {"type": "Point", "coordinates": [-118.508154437633, 34.0770113110825]}}, {"type": "Feature", "properties": {"hydrant_id": "40897", "operator": "LADWP", "size_code": "4S", "make": "Rich", "main_size_in": 8.0, "corner": null, "street": null, "cross_street": null, "source": "LADWP Fire Hydrants (DWP) - ArcGIS Online copy of LA GeoHub layer; IDs verified against City BOE Palisades layer", "in_perimeter": false, "elev_m": 281.4, "elev_ft": 923.0, "pressure_zone_est": 1137, "static_psi_est": 92.7}, "geometry": {"type": "Point", "coordinates": [-118.508715511272, 34.0801787332992]}}, {"type": "Feature", "properties": {"hydrant_id": "40716", "operator": "LADWP", "size_code": "2 1/2 X 4D", "make": "Clow", "main_size_in": 6.0, "corner": null, "street": null, "cross_street": null, "source": "LADWP Fire Hydrants (DWP) - ArcGIS Online copy of LA GeoHub layer; IDs verified against City BOE Palisades layer", "in_perimeter": false, "elev_m": 272.8, "elev_ft": 895.0, "pressure_zone_est": 1137, "static_psi_est": 104.8}, "geometry": {"type": "Point", "coordinates": [-118.504400236847, 34.0762929992356]}}, {"type": "Feature", "properties": {"hydrant_id": "40376", "operator": "LADWP", "size_code": "4S", "make": "Rich", "main_size_in": 8.0, "corner": "E", "street": "LACHMAN LANE", "cross_street": "373 SS TELLEM DR", "source": "LADWP Fire Hydrants (DWP) - ArcGIS Online copy of LA GeoHub layer; IDs verified against City BOE Palisades layer", "in_perimeter": true, "elev_m": 224.4, "elev_ft": 736.0, "pressure_zone_est": 1137, "static_psi_est": 173.6}, "geometry": {"type": "Point", "coordinates": [-118.546108184587, 34.0573817954739]}}, {"type": "Feature", "properties": {"hydrant_id": "39667", "operator": "LADWP", "size_code": "4S", "make": "Rich", "main_size_in": 6.0, "corner": "E", "street": "JACON WAY", "cross_street": "646 NN EL ORO LANE", "source": "LADWP Fire Hydrants (DWP) - ArcGIS Online copy of LA GeoHub layer; IDs verified against City BOE Palisades layer", "in_perimeter": true, "elev_m": 164.6, "elev_ft": 540.0, "pressure_zone_est": 720, "static_psi_est": 77.9}, "geometry": {"type": "Point", "coordinates": [-118.548232556678, 34.0541417916657]}}, {"type": "Feature", "properties": {"hydrant_id": "41696", "operator": "LADWP", "size_code": "2 1/2 X 4D", "make": "Mueller", "main_size_in": 16.0, "corner": "E", "street": "BIENVENEDA AV", "cross_street": "704 SS EL HITO CIR", "source": "LADWP Fire Hydrants (DWP) - ArcGIS Online copy of LA GeoHub layer; IDs verified against City BOE Palisades layer", "in_perimeter": true, "elev_m": 123.8, "elev_ft": 406.0, "pressure_zone_est": 529, "static_psi_est": 53.3}, "geometry": {"type": "Point", "coordinates": [-118.540078021331, 34.0549828457503]}}, {"type": "Feature", "properties": {"hydrant_id": "38471", "operator": "LADWP", "size_code": "2 1/2 X 4D", "make": "Long Beach Iron Works", "main_size_in": 8.0, "corner": "SE", "street": "LAS PULGAS RD", "cross_street": "LAS CANDAS RD", "source": "LADWP Fire Hydrants (DWP) - ArcGIS Online copy of LA GeoHub layer; IDs verified against City BOE Palisades layer", "in_perimeter": true, "elev_m": 151.0, "elev_ft": 495.0, "pressure_zone_est": 720, "static_psi_est": 97.4}, "geometry": {"type": "Point", "coordinates": [-118.537801243749, 34.0549360425147]}}, {"type": "Feature", "properties": {"hydrant_id": "34845", "operator": "LADWP", "size_code": "4S", "make": "Rich", "main_size_in": 8.0, "corner": "N", "street": "LAS LOMAS AVE", "cross_street": "380 EE LAS PULGAS", "source": "LADWP Fire Hydrants (DWP) - ArcGIS Online copy of LA GeoHub layer; IDs verified against City BOE Palisades layer", "in_perimeter": true, "elev_m": 149.0, "elev_ft": 489.0, "pressure_zone_est": 720, "static_psi_est": 100.0}, "geometry": {"type": "Point", "coordinates": [-118.536193877615, 34.0548493494473]}}, {"type": "Feature", "properties": {"hydrant_id": "42790", "operator": "LADWP", "size_code": "2 1/2 X 4D", "make": "Clow", "main_size_in": 12.0, "corner": "S", "street": "VIA FLORESTA", "cross_street": "403 WW FLORESTA PL", "source": "LADWP Fire Hydrants (DWP) - ArcGIS Online copy of LA GeoHub layer; IDs verified against City BOE Palisades layer", "in_perimeter": true, "elev_m": 239.3, "elev_ft": 785.0, "pressure_zone_est": 1137, "static_psi_est": 152.4}, "geometry": {"type": "Point", "coordinates": [-118.546888495669, 34.0602241020134]}}, {"type": "Feature", "properties": {"hydrant_id": "41712", "operator": "LADWP", "size_code": "2 1/2 S BU", "make": "Jones Angle Valve 6", "main_size_in": 6.0, "corner": "NE", "street": "AVENIDA DE CORTEZ", "cross_street": "AVENIDA DE SANTA YNEZ", "source": "LADWP Fire Hydrants (DWP) - ArcGIS Online copy of LA GeoHub layer; IDs verified against City BOE Palisades layer", "in_perimeter": true, "elev_m": 209.3, "elev_ft": 687.0, "pressure_zone_est": 1137, "static_psi_est": 194.8}, "geometry": {"type": "Point", "coordinates": [-118.558421057134, 34.0709758163319]}}, {"type": "Feature", "properties": {"hydrant_id": "34263", "operator": "LADWP", "size_code": "2 1/2 S", "make": "Van De Venter", "main_size_in": 6.0, "corner": null, "street": null, "cross_street": null, "source": "LADWP Fire Hydrants (DWP) - ArcGIS Online copy of LA GeoHub layer; IDs verified against City BOE Palisades layer", "in_perimeter": false, "elev_m": 147.4, "elev_ft": 484.0, "pressure_zone_est": 720, "static_psi_est": 102.2}, "geometry": {"type": "Point", "coordinates": [-118.493674594015, 34.0675403305632]}}, {"type": "Feature", "properties": {"hydrant_id": "33592", "operator": "LADWP", "size_code": "2 1/2 S", "make": "Van De Venter", "main_size_in": 6.0, "corner": "S", "street": "LIVORNO DR", "cross_street": "182  W W IDA ST", "source": "LADWP Fire Hydrants (DWP) - ArcGIS Online copy of LA GeoHub layer; IDs verified against City BOE Palisades layer", "in_perimeter": true, "elev_m": 77.9, "elev_ft": 256.0, "pressure_zone_est": 529, "static_psi_est": 118.2}, "geometry": {"type": "Point", "coordinates": [-118.54509493307, 34.0441802349463]}}, {"type": "Feature", "properties": {"hydrant_id": "44474", "operator": "LADWP", "size_code": "2 1/2 X 4D", "make": "Clow", "main_size_in": 8.0, "corner": "S", "street": "SUNSET BLVD", "cross_street": "269'EE ARNO WAY", "source": "LADWP Fire Hydrants (DWP) - ArcGIS Online copy of LA GeoHub layer; IDs verified against City BOE Palisades layer", "in_perimeter": true, "elev_m": 72.3, "elev_ft": 237.0, "pressure_zone_est": 529, "static_psi_est": 126.4}, "geometry": {"type": "Point", "coordinates": [-118.543814729458, 34.0442763037919]}}, {"type": "Feature", "properties": {"hydrant_id": "39687", "operator": "LADWP", "size_code": "4S", "make": "Rich", "main_size_in": 8.0, "corner": "W", "street": "EL ORO LN", "cross_street": "525 WW JACON WAY", "source": "LADWP Fire Hydrants (DWP) - ArcGIS Online copy of LA GeoHub layer; IDs verified against City BOE Palisades layer", "in_perimeter": true, "elev_m": 154.2, "elev_ft": 506.0, "pressure_zone_est": 720, "static_psi_est": 92.7}, "geometry": {"type": "Point", "coordinates": [-118.547743174564, 34.0516434763322]}}, {"type": "Feature", "properties": {"hydrant_id": "42101", "operator": "LADWP", "size_code": "2 1/2 X 4D", "make": "Mueller", "main_size_in": 6.0, "corner": "S", "street": "LINDA TER", "cross_street": "502 EE LACHMAN LN", "source": "LADWP Fire Hydrants (DWP) - ArcGIS Online copy of LA GeoHub layer; IDs verified against City BOE Palisades layer", "in_perimeter": true, "elev_m": 111.2, "elev_ft": 365.0, "pressure_zone_est": 529, "static_psi_est": 71.0}, "geometry": {"type": "Point", "coordinates": [-118.544541531204, 34.049046790774]}}, {"type": "Feature", "properties": {"hydrant_id": "32520", "operator": "LADWP", "size_code": "2 1/2 S", "make": "Van De Venter", "main_size_in": 6.0, "corner": "S", "street": "CORONA DEL MAR", "cross_street": "669 WW ALTATA S DR", "source": "LADWP Fire Hydrants (DWP) - ArcGIS Online copy of LA GeoHub layer; IDs verified against City BOE Palisades layer", "in_perimeter": false, "elev_m": 58.6, "elev_ft": 192.0, "pressure_zone_est": 529, "static_psi_est": 145.9}, "geometry": {"type": "Point", "coordinates": [-118.522792223355, 34.0314699233521]}}, {"type": "Feature", "properties": {"hydrant_id": "32516", "operator": "LADWP", "size_code": "2 1/2 X 4D", "make": "Clow", "main_size_in": 8.0, "corner": "NW", "street": "CHAUTAUQUA BLVD", "cross_street": "VANCE ST (N)", "source": "LADWP Fire Hydrants (DWP) - ArcGIS Online copy of LA GeoHub layer; IDs verified against City BOE Palisades layer", "in_perimeter": false, "elev_m": 50.7, "elev_ft": 166.0, "pressure_zone_est": 529, "static_psi_est": 157.2}, "geometry": {"type": "Point", "coordinates": [-118.519297295654, 34.0316324035463]}}, {"type": "Feature", "properties": {"hydrant_id": "44326", "operator": "LADWP", "size_code": "2 1/2 X 4D", "make": "Clow", "main_size_in": 6.0, "corner": "N", "street": "CALLE BRITTANY", "cross_street": "448'WW CHASTAIN PKWY E", "source": "LADWP Fire Hydrants (DWP) - ArcGIS Online copy of LA GeoHub layer; IDs verified against City BOE Palisades layer", "in_perimeter": true, "elev_m": 428.3, "elev_ft": 1405.0, "pressure_zone_est": 1645, "static_psi_est": 103.9}, "geometry": {"type": "Point", "coordinates": [-118.548282397085, 34.0744472234367]}}, {"type": "Feature", "properties": {"hydrant_id": "43323", "operator": "LADWP", "size_code": "2 1/2 X 4D", "make": "Long Beach Iron Works", "main_size_in": 8.0, "corner": "N", "street": "CALLE ARBOLADA", "cross_street": "287'WW CALLE PATRICIA", "source": "LADWP Fire Hydrants (DWP) - ArcGIS Online copy of LA GeoHub layer; IDs verified against City BOE Palisades layer", "in_perimeter": true, "elev_m": 403.0, "elev_ft": 1322.0, "pressure_zone_est": 1645, "static_psi_est": 139.9}, "geometry": {"type": "Point", "coordinates": [-118.550829161179, 34.0750688094049]}}, {"type": "Feature", "properties": {"hydrant_id": "37419", "operator": "LADWP", "size_code": "2 1/2 S BU", "make": "Jones Angle Valve 4", "main_size_in": 12.0, "corner": null, "street": null, "cross_street": null, "source": "LADWP Fire Hydrants (DWP) - ArcGIS Online copy of LA GeoHub layer; IDs verified against City BOE Palisades layer", "in_perimeter": false, "elev_m": 221.8, "elev_ft": 728.0, "pressure_zone_est": 1137, "static_psi_est": 177.1}, "geometry": {"type": "Point", "coordinates": [-118.503994323508, 34.0841249956577]}}, {"type": "Feature", "properties": {"hydrant_id": "37420", "operator": "LADWP", "size_code": "2 1/2 S BU", "make": "Jones Angle Valve 4", "main_size_in": 12.0, "corner": null, "street": null, "cross_street": null, "source": "LADWP Fire Hydrants (DWP) - ArcGIS Online copy of LA GeoHub layer; IDs verified against City BOE Palisades layer", "in_perimeter": false, "elev_m": 212.4, "elev_ft": 697.0, "pressure_zone_est": 1137, "static_psi_est": 190.5}, "geometry": {"type": "Point", "coordinates": [-118.50388015178, 34.085824030873]}}, {"type": "Feature", "properties": {"hydrant_id": "37441", "operator": "LADWP", "size_code": "2 1/2 S", "make": "Van De Venter", "main_size_in": 8.0, "corner": "SE", "street": "BIENVENIDA AVE", "cross_street": "LAS PULGAS RD", "source": "LADWP Fire Hydrants (DWP) - ArcGIS Online copy of LA GeoHub layer; IDs verified against City BOE Palisades layer", "in_perimeter": true, "elev_m": 93.6, "elev_ft": 307.0, "pressure_zone_est": 529, "static_psi_est": 96.1}, "geometry": {"type": "Point", "coordinates": [-118.538863800461, 34.0504233483316]}}, {"type": "Feature", "properties": {"hydrant_id": "34846", "operator": "LADWP", "size_code": "4S", "make": "Rich", "main_size_in": 8.0, "corner": "SW", "street": "LAS PULGAS RD", "cross_street": "LAS PULGAS PL", "source": "LADWP Fire Hydrants (DWP) - ArcGIS Online copy of LA GeoHub layer; IDs verified against City BOE Palisades layer", "in_perimeter": true, "elev_m": 121.2, "elev_ft": 398.0, "pressure_zone_est": 529, "static_psi_est": 56.7}, "geometry": {"type": "Point", "coordinates": [-118.539426212071, 34.05273915816]}}, {"type": "Feature", "properties": {"hydrant_id": "39700", "operator": "LADWP", "size_code": "2 1/2 S", "make": "Greenberg", "main_size_in": 6.0, "corner": "E", "street": "ANOKA DR", "cross_street": "353 EE ANOKA PL", "source": "LADWP Fire Hydrants (DWP) - ArcGIS Online copy of LA GeoHub layer; IDs verified against City BOE Palisades layer", "in_perimeter": true, "elev_m": 150.2, "elev_ft": 493.0, "pressure_zone_est": 720, "static_psi_est": 98.3}, "geometry": {"type": "Point", "coordinates": [-118.533683059545, 34.0532073343115]}}, {"type": "Feature", "properties": {"hydrant_id": "40556", "operator": "LADWP", "size_code": "2 1/2 X 4D", "make": "Rich", "main_size_in": 8.0, "corner": "N", "street": "SUNSET BLVD", "cross_street": "455 EE HAVERFORD AV", "source": "LADWP Fire Hydrants (DWP) - ArcGIS Online copy of LA GeoHub layer; IDs verified against City BOE Palisades layer", "in_perimeter": true, "elev_m": 100.0, "elev_ft": 328.0, "pressure_zone_est": 529, "static_psi_est": 87.0}, "geometry": {"type": "Point", "coordinates": [-118.528157119818, 34.0487717069154]}}, {"type": "Feature", "properties": {"hydrant_id": "33110", "operator": "LADWP", "size_code": "2 1/2 X 4D", "make": "Clow", "main_size_in": 6.0, "corner": "SW", "street": "ALMAR AVE", "cross_street": "JUNALUSKA WAY", "source": "LADWP Fire Hydrants (DWP) - ArcGIS Online copy of LA GeoHub layer; IDs verified against City BOE Palisades layer", "in_perimeter": true, "elev_m": 98.8, "elev_ft": 324.0, "pressure_zone_est": 529, "static_psi_est": 88.8}, "geometry": {"type": "Point", "coordinates": [-118.534433503047, 34.0468877767829]}}, {"type": "Feature", "properties": {"hydrant_id": "33108", "operator": "LADWP", "size_code": "4S", "make": "Rich", "main_size_in": 6.0, "corner": "SW", "street": "EL MEDIO AVE", "cross_street": "NORTHFIELD ST LW", "source": "LADWP Fire Hydrants (DWP) - ArcGIS Online copy of LA GeoHub layer; IDs verified against City BOE Palisades layer", "in_perimeter": true, "elev_m": 95.1, "elev_ft": 312.0, "pressure_zone_est": 529, "static_psi_est": 94.0}, "geometry": {"type": "Point", "coordinates": [-118.53383919053, 34.0449819622181]}}, {"type": "Feature", "properties": {"hydrant_id": "40250", "operator": "LADWP", "size_code": "4 S BU", "make": "Jones Angle Valve 6", "main_size_in": 6.0, "corner": "S", "street": "ERSKINE DR LE", "cross_street": "363 EE EL MEDIO AVE", "source": "LADWP Fire Hydrants (DWP) - ArcGIS Online copy of LA GeoHub layer; IDs verified against City BOE Palisades layer", "in_perimeter": true, "elev_m": 92.8, "elev_ft": 304.0, "pressure_zone_est": 529, "static_psi_est": 97.4}, "geometry": {"type": "Point", "coordinates": [-118.532750984465, 34.0444558740947]}}, {"type": "Feature", "properties": {"hydrant_id": "33104", "operator": "LADWP", "size_code": "2 1/2 X 4D", "make": "Clow", "main_size_in": 6.0, "corner": "E", "street": "RADCLIFFE AVE", "cross_street": "35'SS BOWDOIN ST(LW)", "source": "LADWP Fire Hydrants (DWP) - ArcGIS Online copy of LA GeoHub layer; IDs verified against City BOE Palisades layer", "in_perimeter": true, "elev_m": 82.7, "elev_ft": 271.0, "pressure_zone_est": 529, "static_psi_est": 111.7}, "geometry": {"type": "Point", "coordinates": [-118.529782577917, 34.0457084014862]}}, {"type": "Feature", "properties": {"hydrant_id": "42713", "operator": "LADWP", "size_code": "2 1/2 X 4D", "make": "Mueller", "main_size_in": 6.0, "corner": "E", "street": "HAVERFORD AVE", "cross_street": "262 NN BOWDOIN ST", "source": "LADWP Fire Hydrants (DWP) - ArcGIS Online copy of LA GeoHub layer; IDs verified against City BOE Palisades layer", "in_perimeter": true, "elev_m": 89.5, "elev_ft": 294.0, "pressure_zone_est": 529, "static_psi_est": 101.8}, "geometry": {"type": "Point", "coordinates": [-118.528583525658, 34.0457341554178]}}, {"type": "Feature", "properties": {"hydrant_id": "40557", "operator": "LADWP", "size_code": "2 1/2 X 4D", "make": "Rich", "main_size_in": 8.0, "corner": "SW", "street": "VIA DE LA PAZ", "cross_street": "SUNSET BLVD", "source": "LADWP Fire Hydrants (DWP) - ArcGIS Online copy of LA GeoHub layer; IDs verified against City BOE Palisades layer", "in_perimeter": true, "elev_m": 102.8, "elev_ft": 337.0, "pressure_zone_est": 529, "static_psi_est": 83.1}, "geometry": {"type": "Point", "coordinates": [-118.527127267032, 34.0478789901455]}}, {"type": "Feature", "properties": {"hydrant_id": "33956", "operator": "LADWP", "size_code": "2 1/2 X 4D", "make": "Mueller", "main_size_in": 6.0, "corner": "W", "street": "SAN REMO DR", "cross_street": "56'SS AMALFI DR", "source": "LADWP Fire Hydrants (DWP) - ArcGIS Online copy of LA GeoHub layer; IDs verified against City BOE Palisades layer", "in_perimeter": false, "elev_m": 172.3, "elev_ft": 565.0, "pressure_zone_est": 720, "static_psi_est": 67.1}, "geometry": {"type": "Point", "coordinates": [-118.49995473408, 34.0611370162776]}}, {"type": "Feature", "properties": {"hydrant_id": "33958", "operator": "LADWP", "size_code": "2 1/2 X 4D", "make": "Clow", "main_size_in": 6.0, "corner": "SW", "street": "CAPRI DR", "cross_street": "SORRENTO DR", "source": "LADWP Fire Hydrants (DWP) - ArcGIS Online copy of LA GeoHub layer; IDs verified against City BOE Palisades layer", "in_perimeter": false, "elev_m": 162.0, "elev_ft": 531.0, "pressure_zone_est": 720, "static_psi_est": 81.8}, "geometry": {"type": "Point", "coordinates": [-118.502218146584, 34.0588786374644]}}, {"type": "Feature", "properties": {"hydrant_id": "32512", "operator": "LADWP", "size_code": "2 1/2 X 4D", "make": "Clow", "main_size_in": 6.0, "corner": "NE", "street": "EAST RUSTIC RD", "cross_street": "WEST CHANNEL RD", "source": "LADWP Fire Hydrants (DWP) - ArcGIS Online copy of LA GeoHub layer; IDs verified against City BOE Palisades layer", "in_perimeter": false, "elev_m": 11.8, "elev_ft": 39.0, "pressure_zone_est": 529, "static_psi_est": 212.2}, "geometry": {"type": "Point", "coordinates": [-118.516269428284, 34.03041702528]}}, {"type": "Feature", "properties": {"hydrant_id": "32638", "operator": "LADWP", "size_code": "2 1/2 S", "make": "Greenberg", "main_size_in": 6.0, "corner": "NE", "street": "FRIENDS ST", "cross_street": "BEIRUT AVE", "source": "LADWP Fire Hydrants (DWP) - ArcGIS Online copy of LA GeoHub layer; IDs verified against City BOE Palisades layer", "in_perimeter": true, "elev_m": 86.1, "elev_ft": 282.0, "pressure_zone_est": 529, "static_psi_est": 107.0}, "geometry": {"type": "Point", "coordinates": [-118.530508952407, 34.0373111546717]}}, {"type": "Feature", "properties": {"hydrant_id": "32652", "operator": "LADWP", "size_code": "2 1/2 X 4D", "make": "Clow", "main_size_in": 6.0, "corner": "SE", "street": "TOYOPA DR", "cross_street": "RAMOS PL", "source": "LADWP Fire Hydrants (DWP) - ArcGIS Online copy of LA GeoHub layer; IDs verified against City BOE Palisades layer", "in_perimeter": false, "elev_m": 63.6, "elev_ft": 209.0, "pressure_zone_est": 529, "static_psi_est": 138.6}, "geometry": {"type": "Point", "coordinates": [-118.519894533093, 34.0328875172546]}}, {"type": "Feature", "properties": {"hydrant_id": "32654", "operator": "LADWP", "size_code": "2 1/2 X 4D", "make": "Clow", "main_size_in": 6.0, "corner": "SE", "street": "TOYOPA DR", "cross_street": "CAMAROSA DR", "source": "LADWP Fire Hydrants (DWP) - ArcGIS Online copy of LA GeoHub layer; IDs verified against City BOE Palisades layer", "in_perimeter": false, "elev_m": 73.5, "elev_ft": 241.0, "pressure_zone_est": 529, "static_psi_est": 124.7}, "geometry": {"type": "Point", "coordinates": [-118.520470709754, 34.0346807292613]}}, {"type": "Feature", "properties": {"hydrant_id": "32646", "operator": "LADWP", "size_code": "2 1/2 X 4D", "make": "Clow", "main_size_in": 4.0, "corner": "N", "street": "LA CUMBRE DR", "cross_street": "495'WW TOYOPA DR", "source": "LADWP Fire Hydrants (DWP) - ArcGIS Online copy of LA GeoHub layer; IDs verified against City BOE Palisades layer", "in_perimeter": false, "elev_m": 70.8, "elev_ft": 232.0, "pressure_zone_est": 529, "static_psi_est": 128.6}, "geometry": {"type": "Point", "coordinates": [-118.522158819557, 34.0337494605475]}}, {"type": "Feature", "properties": {"hydrant_id": "42985", "operator": "LADWP", "size_code": "2 1/2 S BU", "make": "Jones Angle Valve 6", "main_size_in": 8.0, "corner": "NE", "street": "SHADOW MTN DR", "cross_street": "BIENVENEDA AVE", "source": "LADWP Fire Hydrants (DWP) - ArcGIS Online copy of LA GeoHub layer; IDs verified against City BOE Palisades layer", "in_perimeter": true, "elev_m": 203.0, "elev_ft": 666.0, "pressure_zone_est": 1137, "static_psi_est": 203.9}, "geometry": {"type": "Point", "coordinates": [-118.543095571269, 34.0617059043316]}}, {"type": "Feature", "properties": {"hydrant_id": "40829", "operator": "LADWP", "size_code": "2 1/2 X 4D", "make": "Clow", "main_size_in": 8.0, "corner": "SE", "street": "CHARMEL LN", "cross_street": " VISTA GRANDE DR", "source": "LADWP Fire Hydrants (DWP) - ArcGIS Online copy of LA GeoHub layer; IDs verified against City BOE Palisades layer", "in_perimeter": true, "elev_m": 273.0, "elev_ft": 896.0, "pressure_zone_est": 1137, "static_psi_est": 104.4}, "geometry": {"type": "Point", "coordinates": [-118.54982063209, 34.0582205377631]}}, {"type": "Feature", "properties": {"hydrant_id": "33346", "operator": "LADWP", "size_code": "2 1/2 X 4D", "make": "Clow", "main_size_in": 8.0, "corner": "NW", "street": "CAPRI DR", "cross_street": "SUNSET BLVD", "source": "LADWP Fire Hydrants (DWP) - ArcGIS Online copy of LA GeoHub layer; IDs verified against City BOE Palisades layer", "in_perimeter": false, "elev_m": 131.3, "elev_ft": 431.0, "pressure_zone_est": 720, "static_psi_est": 125.1}, "geometry": {"type": "Point", "coordinates": [-118.502769348703, 34.0530281899991]}}, {"type": "Feature", "properties": {"hydrant_id": "33085", "operator": "LADWP", "size_code": "2 1/2 X 4D", "make": "Rich", "main_size_in": 6.0, "corner": "W", "street": "LAS LOMAS AV", "cross_street": "83 SN PALMERA AV", "source": "LADWP Fire Hydrants (DWP) - ArcGIS Online copy of LA GeoHub layer; IDs verified against City BOE Palisades layer", "in_perimeter": true, "elev_m": 82.6, "elev_ft": 271.0, "pressure_zone_est": 529, "static_psi_est": 111.7}, "geometry": {"type": "Point", "coordinates": [-118.539626490217, 34.0458216892695]}}, {"type": "Feature", "properties": {"hydrant_id": "40275", "operator": "LADWP", "size_code": "2 1/2 X 4D", "make": "Clow", "main_size_in": 6.0, "corner": "W", "street": "RIVAS CYN RD (PVT)", "cross_street": "1574' NN SUNSET BLVD", "source": "LADWP Fire Hydrants (DWP) - ArcGIS Online copy of LA GeoHub layer; IDs verified against City BOE Palisades layer", "in_perimeter": true, "elev_m": 85.5, "elev_ft": 280.0, "pressure_zone_est": 529, "static_psi_est": 107.8}, "geometry": {"type": "Point", "coordinates": [-118.515913397525, 34.0501711335076]}}, {"type": "Feature", "properties": {"hydrant_id": "40317", "operator": "LADWP", "size_code": "2 1/2 X 4D", "make": "Van De Venter", "main_size_in": 8.0, "corner": "NW", "street": "LAS CASAS AVE", "cross_street": "SUNSET BLVD", "source": "LADWP Fire Hydrants (DWP) - ArcGIS Online copy of LA GeoHub layer; IDs verified against City BOE Palisades layer", "in_perimeter": true, "elev_m": 91.0, "elev_ft": 299.0, "pressure_zone_est": 529, "static_psi_est": 99.6}, "geometry": {"type": "Point", "coordinates": [-118.541825510249, 34.0486312144004]}}, {"type": "Feature", "properties": {"hydrant_id": "42513", "operator": "LADWP", "size_code": "2 1/2 S BU", "make": "Jones Angle Valve 6", "main_size_in": 8.0, "corner": "W", "street": "CALLE DEL JONELA", "cross_street": "571 SS CAMINO YATASTO", "source": "LADWP Fire Hydrants (DWP) - ArcGIS Online copy of LA GeoHub layer; IDs verified against City BOE Palisades layer", "in_perimeter": true, "elev_m": 198.4, "elev_ft": 651.0, "pressure_zone_est": 1137, "static_psi_est": 210.4}, "geometry": {"type": "Point", "coordinates": [-118.568386540215, 34.0766482229965]}}, {"type": "Feature", "properties": {"hydrant_id": "42756", "operator": "LADWP", "size_code": "2 1/2 X 4D", "make": "Clow", "main_size_in": 12.0, "corner": "W", "street": "LACHMAN LN", "cross_street": "354 NN GLYNN DR", "source": "LADWP Fire Hydrants (DWP) - ArcGIS Online copy of LA GeoHub layer; IDs verified against City BOE Palisades layer", "in_perimeter": true, "elev_m": 364.1, "elev_ft": 1195.0, "pressure_zone_est": 1345, "static_psi_est": 65.0}, "geometry": {"type": "Point", "coordinates": [-118.550188387136, 34.0638322516694]}}, {"type": "Feature", "properties": {"hydrant_id": "40318", "operator": "LADWP", "size_code": "2 1/2 X 4D", "make": "Clow", "main_size_in": 8.0, "corner": "S", "street": "SUNSET BLVD", "cross_street": "300'EE NORFIELD ST", "source": "LADWP Fire Hydrants (DWP) - ArcGIS Online copy of LA GeoHub layer; IDs verified against City BOE Palisades layer", "in_perimeter": true, "elev_m": 89.1, "elev_ft": 292.0, "pressure_zone_est": 529, "static_psi_est": 102.6}, "geometry": {"type": "Point", "coordinates": [-118.537344134653, 34.048532420451]}}, {"type": "Feature", "properties": {"hydrant_id": "41203", "operator": "LADWP", "size_code": "2 1/2 S BU", "make": "Jones Angle Valve 6", "main_size_in": 6.0, "corner": null, "street": null, "cross_street": null, "source": "LADWP Fire Hydrants (DWP) - ArcGIS Online copy of LA GeoHub layer; IDs verified against City BOE Palisades layer", "in_perimeter": false, "elev_m": 203.5, "elev_ft": 668.0, "pressure_zone_est": 1137, "static_psi_est": 203.1}, "geometry": {"type": "Point", "coordinates": [-118.49557563317, 34.07492279403]}}, {"type": "Feature", "properties": {"hydrant_id": "33578", "operator": "LADWP", "size_code": "2 1/2 X 4D", "make": "Long Beach Iron Works", "main_size_in": 6.0, "corner": "E", "street": "BELLINO DR", "cross_street": "81'SS QUADRO VECCHIO DR", "source": "LADWP Fire Hydrants (DWP) - ArcGIS Online copy of LA GeoHub layer; IDs verified against City BOE Palisades layer", "in_perimeter": false, "elev_m": 110.3, "elev_ft": 362.0, "pressure_zone_est": 529, "static_psi_est": 72.3}, "geometry": {"type": "Point", "coordinates": [-118.56035063644, 34.043585553766]}}, {"type": "Feature", "properties": {"hydrant_id": "38327", "operator": "LADWP", "size_code": "2 1/2 X 4D", "make": "Clow", "main_size_in": 6.0, "corner": "NE", "street": "RESOLANO DR", "cross_street": "PASEO MIRAMAR", "source": "LADWP Fire Hydrants (DWP) - ArcGIS Online copy of LA GeoHub layer; IDs verified against City BOE Palisades layer", "in_perimeter": true, "elev_m": 138.8, "elev_ft": 455.0, "pressure_zone_est": 720, "static_psi_est": 114.7}, "geometry": {"type": "Point", "coordinates": [-118.557725177776, 34.0474615890268]}}, {"type": "Feature", "properties": {"hydrant_id": "42267", "operator": "LADWP", "size_code": "2 1/2 X 4D", "make": "Rich", "main_size_in": 8.0, "corner": "N", "street": "CAMINO YATASTO", "cross_street": "579 SS CALLE DE PALERMO", "source": "LADWP Fire Hydrants (DWP) - ArcGIS Online copy of LA GeoHub layer; IDs verified against City BOE Palisades layer", "in_perimeter": true, "elev_m": 256.9, "elev_ft": 843.0, "pressure_zone_est": 1137, "static_psi_est": 127.3}, "geometry": {"type": "Point", "coordinates": [-118.572546351061, 34.0787222646872]}}, {"type": "Feature", "properties": {"hydrant_id": "42292", "operator": "LADWP", "size_code": "2 1/2 S BU", "make": "Jones Angle Valve 6", "main_size_in": 8.0, "corner": "N", "street": "CAMINO YATASTO", "cross_street": "1009 WW VEREDA MONTURA", "source": "LADWP Fire Hydrants (DWP) - ArcGIS Online copy of LA GeoHub layer; IDs verified against City BOE Palisades layer", "in_perimeter": true, "elev_m": 217.8, "elev_ft": 715.0, "pressure_zone_est": 1137, "static_psi_est": 182.7}, "geometry": {"type": "Point", "coordinates": [-118.570797218611, 34.0776107151226]}}, {"type": "Feature", "properties": {"hydrant_id": "42194", "operator": "LADWP", "size_code": "2 1/2 X 4D", "make": "Mueller", "main_size_in": 6.0, "corner": "N", "street": "AVE DE HERRADURA", "cross_street": "1107 SS MICHAEL LN (LE)", "source": "LADWP Fire Hydrants (DWP) - ArcGIS Online copy of LA GeoHub layer; IDs verified against City BOE Palisades layer", "in_perimeter": true, "elev_m": 267.9, "elev_ft": 879.0, "pressure_zone_est": 1137, "static_psi_est": 111.7}, "geometry": {"type": "Point", "coordinates": [-118.560832122302, 34.077888545207]}}, {"type": "Feature", "properties": {"hydrant_id": "32863", "operator": "LADWP", "size_code": "4S", "make": "Rich", "main_size_in": 6.0, "corner": "SW", "street": "EL MEDIO AVE", "cross_street": "SEABEC CIRCLE LE", "source": "LADWP Fire Hydrants (DWP) - ArcGIS Online copy of LA GeoHub layer; IDs verified against City BOE Palisades layer", "in_perimeter": true, "elev_m": 91.2, "elev_ft": 299.0, "pressure_zone_est": 529, "static_psi_est": 99.6}, "geometry": {"type": "Point", "coordinates": [-118.535501063297, 34.0409732232401]}}, {"type": "Feature", "properties": {"hydrant_id": "41561", "operator": "LADWP", "size_code": "4 S BU", "make": "Jones Angle Valve 6", "main_size_in": 36.0, "corner": "W", "street": "STA YNEZ CYN RD", "cross_street": "7934 NN SUNSET BL", "source": "LADWP Fire Hydrants (DWP) - ArcGIS Online copy of LA GeoHub layer; IDs verified against City BOE Palisades layer", "in_perimeter": true, "elev_m": 134.5, "elev_ft": 441.0, "pressure_zone_est": 720, "static_psi_est": 120.8}, "geometry": {"type": "Point", "coordinates": [-118.558972048699, 34.064913642006]}}, {"type": "Feature", "properties": {"hydrant_id": "40901", "operator": "LADWP", "size_code": "2 1/2 X 4D", "make": "Rich", "main_size_in": 16.0, "corner": "N", "street": "LACHMAN LN", "cross_street": "596 WW CHARMEL LN", "source": "LADWP Fire Hydrants (DWP) - ArcGIS Online copy of LA GeoHub layer; IDs verified against City BOE Palisades layer", "in_perimeter": true, "elev_m": 258.1, "elev_ft": 847.0, "pressure_zone_est": 1137, "static_psi_est": 125.6}, "geometry": {"type": "Point", "coordinates": [-118.547704673953, 34.0589043500143]}}, {"type": "Feature", "properties": {"hydrant_id": "44368", "operator": "LADWP", "size_code": "2 1/2 X 4D", "make": "Clow", "main_size_in": 6.0, "corner": "NW", "street": "HARTZELL ST", "cross_street": "BASHFORD ST", "source": "LADWP Fire Hydrants (DWP) - ArcGIS Online copy of LA GeoHub layer; IDs verified against City BOE Palisades layer", "in_perimeter": true, "elev_m": 108.8, "elev_ft": 357.0, "pressure_zone_est": 529, "static_psi_est": 74.5}, "geometry": {"type": "Point", "coordinates": [-118.520321956957, 34.0476079952603]}}, {"type": "Feature", "properties": {"hydrant_id": "42328", "operator": "LADWP", "size_code": "2 1/2 X 4D", "make": "Mueller", "main_size_in": 6.0, "corner": "SE", "street": "ILIFF ST", "cross_street": "CAREY ST", "source": "LADWP Fire Hydrants (DWP) - ArcGIS Online copy of LA GeoHub layer; IDs verified against City BOE Palisades layer", "in_perimeter": true, "elev_m": 103.0, "elev_ft": 338.0, "pressure_zone_est": 529, "static_psi_est": 82.7}, "geometry": {"type": "Point", "coordinates": [-118.518581529625, 34.0457869768636]}}, {"type": "Feature", "properties": {"hydrant_id": "38464", "operator": "LADWP", "size_code": "2 1/2 X 4D", "make": "Jones", "main_size_in": 8.0, "corner": "SW", "street": "CHAUTAUQUA BLVD (LS)", "cross_street": "CHAUTAUQUA LE BLVD (LE)", "source": "LADWP Fire Hydrants (DWP) - ArcGIS Online copy of LA GeoHub layer; IDs verified against City BOE Palisades layer", "in_perimeter": true, "elev_m": 102.0, "elev_ft": 335.0, "pressure_zone_est": 529, "static_psi_est": 84.0}, "geometry": {"type": "Point", "coordinates": [-118.51762437733, 34.0449751511928]}}, {"type": "Feature", "properties": {"hydrant_id": "33124", "operator": "LADWP", "size_code": "2 1/2 X 4D", "make": "Clow", "main_size_in": 6.0, "corner": "SE", "street": "KAGAWA ST", "cross_street": "CAREY ST", "source": "LADWP Fire Hydrants (DWP) - ArcGIS Online copy of LA GeoHub layer; IDs verified against City BOE Palisades layer", "in_perimeter": true, "elev_m": 104.6, "elev_ft": 343.0, "pressure_zone_est": 529, "static_psi_est": 80.5}, "geometry": {"type": "Point", "coordinates": [-118.51757450071, 34.0459466362267]}}, {"type": "Feature", "properties": {"hydrant_id": "42233", "operator": "LADWP", "size_code": "2 1/2 X 4D", "make": "Rich", "main_size_in": 8.0, "corner": "E", "street": "CHAUTAUQUA BL", "cross_street": "119 NN CAREY ST", "source": "LADWP Fire Hydrants (DWP) - ArcGIS Online copy of LA GeoHub layer; IDs verified against City BOE Palisades layer", "in_perimeter": true, "elev_m": 106.8, "elev_ft": 350.0, "pressure_zone_est": 529, "static_psi_est": 77.5}, "geometry": {"type": "Point", "coordinates": [-118.516369309263, 34.0465886205597]}}, {"type": "Feature", "properties": {"hydrant_id": "33132", "operator": "LADWP", "size_code": "2 1/2 X 4D", "make": "Clow", "main_size_in": 8.0, "corner": "E", "street": "SUNSET BLVD", "cross_street": "869' NW AMALFI DR", "source": "LADWP Fire Hydrants (DWP) - ArcGIS Online copy of LA GeoHub layer; IDs verified against City BOE Palisades layer", "in_perimeter": false, "elev_m": 97.3, "elev_ft": 319.0, "pressure_zone_est": 529, "static_psi_est": 90.9}, "geometry": {"type": "Point", "coordinates": [-118.509260419672, 34.0483479519069]}}, {"type": "Feature", "properties": {"hydrant_id": "44376", "operator": "LADWP", "size_code": "2 1/2 X 4D", "make": "Clow", "main_size_in": 6.0, "corner": "W", "street": "MAYBERY RD", "cross_street": "431'WW OCEAN AVE", "source": "LADWP Fire Hydrants (DWP) - ArcGIS Online copy of LA GeoHub layer; IDs verified against City BOE Palisades layer", "in_perimeter": false, "elev_m": 29.1, "elev_ft": 95.0, "pressure_zone_est": 529, "static_psi_est": 187.9}, "geometry": {"type": "Point", "coordinates": [-118.515032092762, 34.0289707624515]}}, {"type": "Feature", "properties": {"hydrant_id": "32522", "operator": "LADWP", "size_code": "2 1/2 X 4D", "make": "Long Beach Iron Works", "main_size_in": 6.0, "corner": "SW", "street": "ENTRADA DR", "cross_street": "OCEAN AVE", "source": "LADWP Fire Hydrants (DWP) - ArcGIS Online copy of LA GeoHub layer; IDs verified against City BOE Palisades layer", "in_perimeter": false, "elev_m": 19.3, "elev_ft": 63.0, "pressure_zone_est": 529, "static_psi_est": 201.8}, "geometry": {"type": "Point", "coordinates": [-118.513236504515, 34.0304831005321]}}, {"type": "Feature", "properties": {"hydrant_id": "33100", "operator": "LADWP", "size_code": "2 1/2 X 4D", "make": "Clow", "main_size_in": 6.0, "corner": "NW", "street": "ANTIOCH ST", "cross_street": "VIA DE LA PAZ", "source": "LADWP Fire Hydrants (DWP) - ArcGIS Online copy of LA GeoHub layer; IDs verified against City BOE Palisades layer", "in_perimeter": true, "elev_m": 101.1, "elev_ft": 332.0, "pressure_zone_est": 529, "static_psi_est": 85.3}, "geometry": {"type": "Point", "coordinates": [-118.52724576039, 34.0472893789465]}}, {"type": "Feature", "properties": {"hydrant_id": "44501", "operator": "LADWP", "size_code": "2 1/2 X 4D", "make": "Clow", "main_size_in": 8.0, "corner": "W", "street": "VIA DE LA PAZ", "cross_street": "202'NN BOWDOIN ST", "source": "LADWP Fire Hydrants (DWP) - ArcGIS Online copy of LA GeoHub layer; IDs verified against City BOE Palisades layer", "in_perimeter": true, "elev_m": 99.3, "elev_ft": 326.0, "pressure_zone_est": 529, "static_psi_est": 87.9}, "geometry": {"type": "Point", "coordinates": [-118.527740162237, 34.0454036453581]}}, {"type": "Feature", "properties": {"hydrant_id": "44500", "operator": "LADWP", "size_code": "2 1/2 X 4D", "make": "Clow", "main_size_in": 6.0, "corner": "W", "street": "EL MEDIO AVE", "cross_street": "290'SS SUNSET BLVD (LE)", "source": "LADWP Fire Hydrants (DWP) - ArcGIS Online copy of LA GeoHub layer; IDs verified against City BOE Palisades layer", "in_perimeter": true, "elev_m": 102.9, "elev_ft": 338.0, "pressure_zone_est": 529, "static_psi_est": 82.7}, "geometry": {"type": "Point", "coordinates": [-118.533471131389, 34.0479034237897]}}, {"type": "Feature", "properties": {"hydrant_id": "37328", "operator": "LADWP", "size_code": "2 1/2 S", "make": "Van De Venter", "main_size_in": 8.0, "corner": null, "street": null, "cross_street": null, "source": "LADWP Fire Hydrants (DWP) - ArcGIS Online copy of LA GeoHub layer; IDs verified against City BOE Palisades layer", "in_perimeter": false, "elev_m": 141.1, "elev_ft": 463.0, "pressure_zone_est": 720, "static_psi_est": 111.3}, "geometry": {"type": "Point", "coordinates": [-118.499729328409, 34.0650779655324]}}, {"type": "Feature", "properties": {"hydrant_id": "38512", "operator": "LADWP", "size_code": "2 1/2 X 4D", "make": "Clow", "main_size_in": 6.0, "corner": "NE", "street": "WALK N/O VANCE ST", "cross_street": "WEST RUSTIC RD", "source": "LADWP Fire Hydrants (DWP) - ArcGIS Online copy of LA GeoHub layer; IDs verified against City BOE Palisades layer", "in_perimeter": false, "elev_m": 16.7, "elev_ft": 55.0, "pressure_zone_est": 529, "static_psi_est": 205.2}, "geometry": {"type": "Point", "coordinates": [-118.517864002965, 34.0326814406611]}}, {"type": "Feature", "properties": {"hydrant_id": "44486", "operator": "LADWP", "size_code": "2 1/2 X 4D", "make": "Clow", "main_size_in": 6.0, "corner": "E", "street": "RADCLIFFE AVE", "cross_street": "359'NN CARTHAGE ST", "source": "LADWP Fire Hydrants (DWP) - ArcGIS Online copy of LA GeoHub layer; IDs verified against City BOE Palisades layer", "in_perimeter": true, "elev_m": 81.0, "elev_ft": 266.0, "pressure_zone_est": 529, "static_psi_est": 113.9}, "geometry": {"type": "Point", "coordinates": [-118.530178472735, 34.0440771879404]}}, {"type": "Feature", "properties": {"hydrant_id": "38324", "operator": "LADWP", "size_code": "2 1/2 X 4D", "make": "Rich", "main_size_in": 8.0, "corner": null, "street": null, "cross_street": null, "source": "LADWP Fire Hydrants (DWP) - ArcGIS Online copy of LA GeoHub layer; IDs verified against City BOE Palisades layer", "in_perimeter": false, "elev_m": 300.9, "elev_ft": 987.0, "pressure_zone_est": 1137, "static_psi_est": 65.0}, "geometry": {"type": "Point", "coordinates": [-118.493070270742, 34.0796453604737]}}, {"type": "Feature", "properties": {"hydrant_id": "40377", "operator": "LADWP", "size_code": "2 1/2 S BU", "make": "Jones Angle Valve 6", "main_size_in": 8.0, "corner": "W", "street": "LACHMAN LANE", "cross_street": "532 NN GLENHAVEN DR", "source": "LADWP Fire Hydrants (DWP) - ArcGIS Online copy of LA GeoHub layer; IDs verified against City BOE Palisades layer", "in_perimeter": true, "elev_m": 206.9, "elev_ft": 679.0, "pressure_zone_est": 1137, "static_psi_est": 198.3}, "geometry": {"type": "Point", "coordinates": [-118.547186147591, 34.0563435402454]}}, {"type": "Feature", "properties": {"hydrant_id": "29170", "operator": "LADWP", "size_code": "4 S BU", "make": "Jones Angle Valve 6", "main_size_in": 12.0, "corner": null, "street": null, "cross_street": null, "source": "LADWP Fire Hydrants (DWP) - ArcGIS Online copy of LA GeoHub layer; IDs verified against City BOE Palisades layer", "in_perimeter": false, "elev_m": 367.9, "elev_ft": 1207.0, "pressure_zone_est": 1345, "static_psi_est": 59.8}, "geometry": {"type": "Point", "coordinates": [-118.495494396547, 34.0851404427779]}}, {"type": "Feature", "properties": {"hydrant_id": "33123", "operator": "LADWP", "size_code": "2 1/2 X 4D", "make": "Mueller", "main_size_in": 6.0, "corner": "SE", "street": "ILIFF ST", "cross_street": "DRUMMOND ST", "source": "LADWP Fire Hydrants (DWP) - ArcGIS Online copy of LA GeoHub layer; IDs verified against City BOE Palisades layer", "in_perimeter": true, "elev_m": 95.3, "elev_ft": 313.0, "pressure_zone_est": 529, "static_psi_est": 93.5}, "geometry": {"type": "Point", "coordinates": [-118.518071840854, 34.0434620536703]}}, {"type": "Feature", "properties": {"hydrant_id": "32835", "operator": "LADWP", "size_code": "2 1/2 S BU", "make": "Jones Angle Valve 6", "main_size_in": 8.0, "corner": "NE", "street": "CASTELLAMMARE", "cross_street": "WLK 1 WO STRETTO WY", "source": "LADWP Fire Hydrants (DWP) - ArcGIS Online copy of LA GeoHub layer; IDs verified against City BOE Palisades layer", "in_perimeter": false, "elev_m": 20.2, "elev_ft": 66.0, "pressure_zone_est": 529, "static_psi_est": 200.5}, "geometry": {"type": "Point", "coordinates": [-118.560195097001, 34.0404945834225]}}, {"type": "Feature", "properties": {"hydrant_id": "32839", "operator": "LADWP", "size_code": "2 1/2 S BU", "make": "Jones Angle Valve 6", "main_size_in": 6.0, "corner": "SE", "street": "STRETTO WAY", "cross_street": "POSETANO RD", "source": "LADWP Fire Hydrants (DWP) - ArcGIS Online copy of LA GeoHub layer; IDs verified against City BOE Palisades layer", "in_perimeter": true, "elev_m": 37.1, "elev_ft": 122.0, "pressure_zone_est": 529, "static_psi_est": 176.2}, "geometry": {"type": "Point", "coordinates": [-118.558426510727, 34.0402357620353]}}, {"type": "Feature", "properties": {"hydrant_id": "32846", "operator": "LADWP", "size_code": "2 1/2 X 4D", "make": "Rich", "main_size_in": 8.0, "corner": "NE", "street": "TRAMONTO DR", "cross_street": "QUADRO VECCHIO DR", "source": "LADWP Fire Hydrants (DWP) - ArcGIS Online copy of LA GeoHub layer; IDs verified against City BOE Palisades layer", "in_perimeter": true, "elev_m": 95.8, "elev_ft": 314.0, "pressure_zone_est": 529, "static_psi_est": 93.1}, "geometry": {"type": "Point", "coordinates": [-118.559421961891, 34.0420147074298]}}, {"type": "Feature", "properties": {"hydrant_id": "32861", "operator": "LADWP", "size_code": "2 1/2 S", "make": "Keystone", "main_size_in": 6.0, "corner": "E", "street": "PUERTO DEL MAR", "cross_street": "735 SW ALMAR AVE", "source": "LADWP Fire Hydrants (DWP) - ArcGIS Online copy of LA GeoHub layer; IDs verified against City BOE Palisades layer", "in_perimeter": true, "elev_m": 76.2, "elev_ft": 250.0, "pressure_zone_est": 529, "static_psi_est": 120.8}, "geometry": {"type": "Point", "coordinates": [-118.539649945974, 34.0405167368468]}}, {"type": "Feature", "properties": {"hydrant_id": "41799", "operator": "LADWP", "size_code": "2 1/2 X 4D", "make": "Clow", "main_size_in": 6.0, "corner": "SE", "street": "GALLOWAY ST", "cross_street": "CAREY ST", "source": "LADWP Fire Hydrants (DWP) - ArcGIS Online copy of LA GeoHub layer; IDs verified against City BOE Palisades layer", "in_perimeter": true, "elev_m": 98.9, "elev_ft": 324.0, "pressure_zone_est": 529, "static_psi_est": 88.8}, "geometry": {"type": "Point", "coordinates": [-118.520592267636, 34.045487707357]}}, {"type": "Feature", "properties": {"hydrant_id": "44367", "operator": "LADWP", "size_code": "2 1/2 X 4D", "make": "Clow", "main_size_in": 6.0, "corner": "W", "street": "HARTZELL ST", "cross_street": "365'SS CAREY ST", "source": "LADWP Fire Hydrants (DWP) - ArcGIS Online copy of LA GeoHub layer; IDs verified against City BOE Palisades layer", "in_perimeter": true, "elev_m": 98.6, "elev_ft": 324.0, "pressure_zone_est": 529, "static_psi_est": 88.8}, "geometry": {"type": "Point", "coordinates": [-118.519648724203, 34.0446372855866]}}, {"type": "Feature", "properties": {"hydrant_id": "32670", "operator": "LADWP", "size_code": "2 1/2 S", "make": "Van De Venter", "main_size_in": 6.0, "corner": "SW", "street": "LATIMER RD", "cross_street": "HILLTREE RD", "source": "LADWP Fire Hydrants (DWP) - ArcGIS Online copy of LA GeoHub layer; IDs verified against City BOE Palisades layer", "in_perimeter": false, "elev_m": 50.3, "elev_ft": 165.0, "pressure_zone_est": 529, "static_psi_est": 157.6}, "geometry": {"type": "Point", "coordinates": [-118.515338834688, 34.03673189752]}}, {"type": "Feature", "properties": {"hydrant_id": "33125", "operator": "LADWP", "size_code": "2 1/2 X 4D", "make": "Rich", "main_size_in": 8.0, "corner": "E", "street": "CHAUTAUQUA BL", "cross_street": "2 SS BASHFORD ST", "source": "LADWP Fire Hydrants (DWP) - ArcGIS Online copy of LA GeoHub layer; IDs verified against City BOE Palisades layer", "in_perimeter": true, "elev_m": 111.3, "elev_ft": 365.0, "pressure_zone_est": 529, "static_psi_est": 71.0}, "geometry": {"type": "Point", "coordinates": [-118.516737403955, 34.0479551413516]}}, {"type": "Feature", "properties": {"hydrant_id": "33126", "operator": "LADWP", "size_code": "2 1/2 S", "make": "Van De Venter", "main_size_in": 6.0, "corner": "E", "street": "GREENTREE RD", "cross_street": "204 N N RANCH LANE", "source": "LADWP Fire Hydrants (DWP) - ArcGIS Online copy of LA GeoHub layer; IDs verified against City BOE Palisades layer", "in_perimeter": false, "elev_m": 66.0, "elev_ft": 216.0, "pressure_zone_est": 529, "static_psi_est": 135.5}, "geometry": {"type": "Point", "coordinates": [-118.516088351613, 34.0437306910704]}}, {"type": "Feature", "properties": {"hydrant_id": "42411", "operator": "LADWP", "size_code": "2 1/2 X 4D", "make": "Rich", "main_size_in": 6.0, "corner": "E", "street": "P S EO BROOKTREE", "cross_street": "435 SS LATIMER(PVT)RD", "source": "LADWP Fire Hydrants (DWP) - ArcGIS Online copy of LA GeoHub layer; IDs verified against City BOE Palisades layer", "in_perimeter": false, "elev_m": 59.1, "elev_ft": 194.0, "pressure_zone_est": 529, "static_psi_est": 145.1}, "geometry": {"type": "Point", "coordinates": [-118.513002768658, 34.0451610666107]}}, {"type": "Feature", "properties": {"hydrant_id": "33140", "operator": "LADWP", "size_code": "2 1/2 X 4D", "make": "Clow", "main_size_in": 6.0, "corner": "SE", "street": "NAPOLI DR", "cross_street": "SPEZIA PL", "source": "LADWP Fire Hydrants (DWP) - ArcGIS Online copy of LA GeoHub layer; IDs verified against City BOE Palisades layer", "in_perimeter": false, "elev_m": 102.1, "elev_ft": 335.0, "pressure_zone_est": 529, "static_psi_est": 84.0}, "geometry": {"type": "Point", "coordinates": [-118.506042735131, 34.0454940228806]}}, {"type": "Feature", "properties": {"hydrant_id": "44600", "operator": "LADWP", "size_code": "2 1/2 X 4D", "make": "Clow", "main_size_in": 6.0, "corner": "S", "street": "NAPOLI DR", "cross_street": "503'WW TOULON DR", "source": "LADWP Fire Hydrants (DWP) - ArcGIS Online copy of LA GeoHub layer; IDs verified against City BOE Palisades layer", "in_perimeter": false, "elev_m": 79.9, "elev_ft": 262.0, "pressure_zone_est": 529, "static_psi_est": 115.6}, "geometry": {"type": "Point", "coordinates": [-118.508492822763, 34.0432624141498]}}, {"type": "Feature", "properties": {"hydrant_id": "34549", "operator": "LADWP", "size_code": "2 1/2 X 4D", "make": "Jones", "main_size_in": 12.0, "corner": null, "street": null, "cross_street": null, "source": "LADWP Fire Hydrants (DWP) - ArcGIS Online copy of LA GeoHub layer; IDs verified against City BOE Palisades layer", "in_perimeter": false, "elev_m": 161.1, "elev_ft": 528.0, "pressure_zone_est": 720, "static_psi_est": 83.1}, "geometry": {"type": "Point", "coordinates": [-118.496075749942, 34.0713920844139]}}, {"type": "Feature", "properties": {"hydrant_id": "44374", "operator": "LADWP", "size_code": "2 1/2 X 4D", "make": "Clow", "main_size_in": 6.0, "corner": "SE", "street": "VANCE ST (N)", "cross_street": "CHAUTAUQUA BLVD", "source": "LADWP Fire Hydrants (DWP) - ArcGIS Online copy of LA GeoHub layer; IDs verified against City BOE Palisades layer", "in_perimeter": false, "elev_m": 37.8, "elev_ft": 124.0, "pressure_zone_est": 529, "static_psi_est": 175.4}, "geometry": {"type": "Point", "coordinates": [-118.518697150121, 34.0314013849151]}}, {"type": "Feature", "properties": {"hydrant_id": "43807", "operator": "LADWP", "size_code": "2 1/2 X 4D", "make": "Long Beach Iron Works", "main_size_in": 8.0, "corner": "N", "street": "CALLE BELLEVISTA", "cross_street": "532'WW CALLE DEL CIELO", "source": "LADWP Fire Hydrants (DWP) - ArcGIS Online copy of LA GeoHub layer; IDs verified against City BOE Palisades layer", "in_perimeter": true, "elev_m": 449.8, "elev_ft": 1476.0, "pressure_zone_est": 1645, "static_psi_est": 73.2}, "geometry": {"type": "Point", "coordinates": [-118.550243046396, 34.0786679384588]}}, {"type": "Feature", "properties": {"hydrant_id": "32850", "operator": "LADWP", "size_code": "2 1/2 S BU", "make": "Jones Angle Valve 6", "main_size_in": 8.0, "corner": "W", "street": "ARNO WAY", "cross_street": "264 NN MANTUA RD", "source": "LADWP Fire Hydrants (DWP) - ArcGIS Online copy of LA GeoHub layer; IDs verified against City BOE Palisades layer", "in_perimeter": true, "elev_m": 59.2, "elev_ft": 194.0, "pressure_zone_est": 529, "static_psi_est": 145.1}, "geometry": {"type": "Point", "coordinates": [-118.546000868921, 34.0422131525318]}}, {"type": "Feature", "properties": {"hydrant_id": "40000", "operator": "LADWP", "size_code": "2 1/2 X 4D", "make": "Clow", "main_size_in": 8.0, "corner": "W", "street": "BOLLINGER DR", "cross_street": "507 SS MARQUEZ AV(LW)", "source": "LADWP Fire Hydrants (DWP) - ArcGIS Online copy of LA GeoHub layer; IDs verified against City BOE Palisades layer", "in_perimeter": true, "elev_m": 87.6, "elev_ft": 288.0, "pressure_zone_est": 529, "static_psi_est": 104.4}, "geometry": {"type": "Point", "coordinates": [-118.544709614682, 34.0466157890329]}}, {"type": "Feature", "properties": {"hydrant_id": "42212", "operator": "LADWP", "size_code": "2 1/2 X 4D", "make": "Mueller", "main_size_in": 6.0, "corner": "NE", "street": "EMBURY ST", "cross_street": "ALBRIGHT ST", "source": "LADWP Fire Hydrants (DWP) - ArcGIS Online copy of LA GeoHub layer; IDs verified against City BOE Palisades layer", "in_perimeter": true, "elev_m": 107.0, "elev_ft": 351.0, "pressure_zone_est": 529, "static_psi_est": 77.1}, "geometry": {"type": "Point", "coordinates": [-118.523430814533, 34.0490012088124]}}, {"type": "Feature", "properties": {"hydrant_id": "32843", "operator": "LADWP", "size_code": "2 1/2 S BU", "make": "Jones Angle Valve 6", "main_size_in": 6.0, "corner": "N", "street": "POSETANO RD", "cross_street": "161EE 1WK E STRETTO", "source": "LADWP Fire Hydrants (DWP) - ArcGIS Online copy of LA GeoHub layer; IDs verified against City BOE Palisades layer", "in_perimeter": true, "elev_m": 51.2, "elev_ft": 168.0, "pressure_zone_est": 529, "static_psi_est": 156.3}, "geometry": {"type": "Point", "coordinates": [-118.557561094049, 34.0398698114694]}}, {"type": "Feature", "properties": {"hydrant_id": "33607", "operator": "LADWP", "size_code": "2 1/2 S", "make": "Keystone", "main_size_in": 6.0, "corner": "SW", "street": "LUCCA DR", "cross_street": "SAN REMO DR", "source": "LADWP Fire Hydrants (DWP) - ArcGIS Online copy of LA GeoHub layer; IDs verified against City BOE Palisades layer", "in_perimeter": false, "elev_m": 145.1, "elev_ft": 476.0, "pressure_zone_est": 720, "static_psi_est": 105.7}, "geometry": {"type": "Point", "coordinates": [-118.498910681201, 34.0559281085271]}}, {"type": "Feature", "properties": {"hydrant_id": "41557", "operator": "LADWP", "size_code": "2 1/2 S BU", "make": "Jones Angle Valve 6", "main_size_in": 36.0, "corner": "W", "street": "STA YNEZ CYN RD", "cross_street": "3993 NN SUNSET BL", "source": "LADWP Fire Hydrants (DWP) - ArcGIS Online copy of LA GeoHub layer; IDs verified against City BOE Palisades layer", "in_perimeter": true, "elev_m": 74.2, "elev_ft": 244.0, "pressure_zone_est": 529, "static_psi_est": 123.4}, "geometry": {"type": "Point", "coordinates": [-118.553977769477, 34.0552830746114]}}, {"type": "Feature", "properties": {"hydrant_id": "36747", "operator": "LADWP", "size_code": "2 1/2 S", "make": "Van De Venter", "main_size_in": 6.0, "corner": "W", "street": "VILLA VIEW DR", "cross_street": "221 SS VILLA VIEW N", "source": "LADWP Fire Hydrants (DWP) - ArcGIS Online copy of LA GeoHub layer; IDs verified against City BOE Palisades layer", "in_perimeter": true, "elev_m": 116.6, "elev_ft": 383.0, "pressure_zone_est": 529, "static_psi_est": 63.2}, "geometry": {"type": "Point", "coordinates": [-118.514541371973, 34.0501130439256]}}, {"type": "Feature", "properties": {"hydrant_id": "36748", "operator": "LADWP", "size_code": "2 1/2 S", "make": "Van De Venter", "main_size_in": 6.0, "corner": "SW", "street": "VILLA VIEW DR", "cross_street": "VILLA GROVE S DR", "source": "LADWP Fire Hydrants (DWP) - ArcGIS Online copy of LA GeoHub layer; IDs verified against City BOE Palisades layer", "in_perimeter": true, "elev_m": 112.0, "elev_ft": 368.0, "pressure_zone_est": 529, "static_psi_est": 69.7}, "geometry": {"type": "Point", "coordinates": [-118.514006365074, 34.0487362633782]}}, {"type": "Feature", "properties": {"hydrant_id": "33344", "operator": "LADWP", "size_code": "2 1/2 X 4D", "make": "Clow", "main_size_in": 6.0, "corner": "E", "street": "NAPOLI DR", "cross_street": "580' NN MINORCA DR", "source": "LADWP Fire Hydrants (DWP) - ArcGIS Online copy of LA GeoHub layer; IDs verified against City BOE Palisades layer", "in_perimeter": false, "elev_m": 116.2, "elev_ft": 381.0, "pressure_zone_est": 529, "static_psi_est": 64.1}, "geometry": {"type": "Point", "coordinates": [-118.503359016276, 34.0490133666542]}}, {"type": "Feature", "properties": {"hydrant_id": "38202", "operator": "LADWP", "size_code": "2 1/2 X 4D", "make": "Jones", "main_size_in": 6.0, "corner": "NW", "street": "BRINKLEY AVE", "cross_street": "PONTOON PL", "source": "LADWP Fire Hydrants (DWP) - ArcGIS Online copy of LA GeoHub layer; IDs verified against City BOE Palisades layer", "in_perimeter": false, "elev_m": 100.6, "elev_ft": 330.0, "pressure_zone_est": 529, "static_psi_est": 86.2}, "geometry": {"type": "Point", "coordinates": [-118.496689214933, 34.051890056557]}}, {"type": "Feature", "properties": {"hydrant_id": "44493", "operator": "LADWP", "size_code": "2 1/2 X 4D", "make": "Clow", "main_size_in": 4.0, "corner": "N", "street": "ALVA DR", "cross_street": "37'EE ALMA REAL DR", "source": "LADWP Fire Hydrants (DWP) - ArcGIS Online copy of LA GeoHub layer; IDs verified against City BOE Palisades layer", "in_perimeter": false, "elev_m": 78.8, "elev_ft": 259.0, "pressure_zone_est": 529, "static_psi_est": 116.9}, "geometry": {"type": "Point", "coordinates": [-118.522586143149, 34.0356354977921]}}, {"type": "Feature", "properties": {"hydrant_id": "33347", "operator": "LADWP", "size_code": "2 1/2 X 4D", "make": "Clow", "main_size_in": 8.0, "corner": "NW", "street": "CAPRI DR", "cross_street": "CORSICA DR", "source": "LADWP Fire Hydrants (DWP) - ArcGIS Online copy of LA GeoHub layer; IDs verified against City BOE Palisades layer", "in_perimeter": false, "elev_m": 125.5, "elev_ft": 412.0, "pressure_zone_est": 529, "static_psi_est": 50.7}, "geometry": {"type": "Point", "coordinates": [-118.502179133778, 34.0520274713231]}}, {"type": "Feature", "properties": {"hydrant_id": "30812", "operator": "LADWP", "size_code": "2 1/2 X 4D", "make": "Jones", "main_size_in": 6.0, "corner": null, "street": null, "cross_street": null, "source": "LADWP Fire Hydrants (DWP) - ArcGIS Online copy of LA GeoHub layer; IDs verified against City BOE Palisades layer", "in_perimeter": false, "elev_m": 115.7, "elev_ft": 380.0, "pressure_zone_est": 529, "static_psi_est": 64.5}, "geometry": {"type": "Point", "coordinates": [-118.493100065563, 34.0510508022748]}}, {"type": "Feature", "properties": {"hydrant_id": "38200", "operator": "LADWP", "size_code": "2 1/2 X 4D", "make": "Jones", "main_size_in": 8.0, "corner": "W", "street": "ALLENFORD AVE", "cross_street": "405' SS PONTOON PL", "source": "LADWP Fire Hydrants (DWP) - ArcGIS Online copy of LA GeoHub layer; IDs verified against City BOE Palisades layer", "in_perimeter": false, "elev_m": 106.8, "elev_ft": 350.0, "pressure_zone_est": 529, "static_psi_est": 77.5}, "geometry": {"type": "Point", "coordinates": [-118.494690242009, 34.0505732818687]}}, {"type": "Feature", "properties": {"hydrant_id": "30813", "operator": "LADWP", "size_code": "2 1/2 X 4D", "make": "Jones", "main_size_in": 6.0, "corner": null, "street": null, "cross_street": null, "source": "LADWP Fire Hydrants (DWP) - ArcGIS Online copy of LA GeoHub layer; IDs verified against City BOE Palisades layer", "in_perimeter": false, "elev_m": 115.1, "elev_ft": 378.0, "pressure_zone_est": 529, "static_psi_est": 65.4}, "geometry": {"type": "Point", "coordinates": [-118.491924545701, 34.0515730253474]}}, {"type": "Feature", "properties": {"hydrant_id": "37188", "operator": "LADWP", "size_code": "2 1/2 X 4D", "make": "Rich", "main_size_in": 6.0, "corner": "SW", "street": "BIENVENEDA AV", "cross_street": "SUNSET BL", "source": "LADWP Fire Hydrants (DWP) - ArcGIS Online copy of LA GeoHub layer; IDs verified against City BOE Palisades layer", "in_perimeter": true, "elev_m": 84.3, "elev_ft": 277.0, "pressure_zone_est": 529, "static_psi_est": 109.1}, "geometry": {"type": "Point", "coordinates": [-118.539822098996, 34.04863897801]}}, {"type": "Feature", "properties": {"hydrant_id": "37775", "operator": "LADWP", "size_code": "2 1/2 X 4D", "make": "Jones", "main_size_in": 8.0, "corner": "S", "street": "LAS CANOAS RD", "cross_street": "562' NW LAS PULGAS RD", "source": "LADWP Fire Hydrants (DWP) - ArcGIS Online copy of LA GeoHub layer; IDs verified against City BOE Palisades layer", "in_perimeter": true, "elev_m": 169.1, "elev_ft": 555.0, "pressure_zone_est": 720, "static_psi_est": 71.4}, "geometry": {"type": "Point", "coordinates": [-118.539109545507, 34.0547782229961]}}, {"type": "Feature", "properties": {"hydrant_id": "32893", "operator": "LADWP", "size_code": "2 1/2 X 4D", "make": "Clow", "main_size_in": 8.0, "corner": "W", "street": "CHAUTUAQUA BLVD", "cross_street": "76'SS SUNSET BLVD", "source": "LADWP Fire Hydrants (DWP) - ArcGIS Online copy of LA GeoHub layer; IDs verified against City BOE Palisades layer", "in_perimeter": false, "elev_m": 88.0, "elev_ft": 289.0, "pressure_zone_est": 529, "static_psi_est": 103.9}, "geometry": {"type": "Point", "coordinates": [-118.518322502714, 34.0408431948199]}}, {"type": "Feature", "properties": {"hydrant_id": "41422", "operator": "LADWP", "size_code": "2 1/2 X 4D", "make": "Rich", "main_size_in": 16.0, "corner": "E", "street": "LACHMAN LN", "cross_street": "(122 SS) LUNA VISTA DR", "source": "LADWP Fire Hydrants (DWP) - ArcGIS Online copy of LA GeoHub layer; IDs verified against City BOE Palisades layer", "in_perimeter": true, "elev_m": 314.9, "elev_ft": 1033.0, "pressure_zone_est": 1137, "static_psi_est": 45.0}, "geometry": {"type": "Point", "coordinates": [-118.550030082522, 34.0606609304164]}}, {"type": "Feature", "properties": {"hydrant_id": "33964", "operator": "LADWP", "size_code": "2 1/2 X 4D", "make": "Rich", "main_size_in": 8.0, "corner": null, "street": null, "cross_street": null, "source": "LADWP Fire Hydrants (DWP) - ArcGIS Online copy of LA GeoHub layer; IDs verified against City BOE Palisades layer", "in_perimeter": false, "elev_m": 132.2, "elev_ft": 434.0, "pressure_zone_est": 720, "static_psi_est": 123.8}, "geometry": {"type": "Point", "coordinates": [-118.49339258448, 34.0625538604411]}}, {"type": "Feature", "properties": {"hydrant_id": "38319", "operator": "LADWP", "size_code": "2 1/2 S BU", "make": "Jones Angle Valve 6", "main_size_in": 6.0, "corner": null, "street": null, "cross_street": null, "source": "LADWP Fire Hydrants (DWP) - ArcGIS Online copy of LA GeoHub layer; IDs verified against City BOE Palisades layer", "in_perimeter": false, "elev_m": 211.7, "elev_ft": 695.0, "pressure_zone_est": 1137, "static_psi_est": 191.4}, "geometry": {"type": "Point", "coordinates": [-118.491819698848, 34.0758910608843]}}, {"type": "Feature", "properties": {"hydrant_id": "41748", "operator": "LADWP", "size_code": "2 1/2 X 4D", "make": "Mueller", "main_size_in": 8.0, "corner": "W", "street": "CHARMEL LN", "cross_street": "131 SS LUNA VISTA DR", "source": "LADWP Fire Hydrants (DWP) - ArcGIS Online copy of LA GeoHub layer; IDs verified against City BOE Palisades layer", "in_perimeter": true, "elev_m": 314.4, "elev_ft": 1032.0, "pressure_zone_est": 1137, "static_psi_est": 45.5}, "geometry": {"type": "Point", "coordinates": [-118.551986559042, 34.0611723198591]}}, {"type": "Feature", "properties": {"hydrant_id": "41113", "operator": "LADWP", "size_code": "4S", "make": "Rich", "main_size_in": 16.0, "corner": "N", "street": "LACHMAN LN", "cross_street": "1228 WW CHARMEL LN", "source": "LADWP Fire Hydrants (DWP) - ArcGIS Online copy of LA GeoHub layer; IDs verified against City BOE Palisades layer", "in_perimeter": true, "elev_m": 292.1, "elev_ft": 958.0, "pressure_zone_est": 1137, "static_psi_est": 77.5}, "geometry": {"type": "Point", "coordinates": [-118.549320661119, 34.0594805005995]}}, {"type": "Feature", "properties": {"hydrant_id": "41420", "operator": "LADWP", "size_code": "2 1/2 X 4D", "make": "Rich", "main_size_in": 8.0, "corner": "W", "street": "CHARMEL LN", "cross_street": "406 SS CHARMEL CT", "source": "LADWP Fire Hydrants (DWP) - ArcGIS Online copy of LA GeoHub layer; IDs verified against City BOE Palisades layer", "in_perimeter": true, "elev_m": 295.8, "elev_ft": 970.0, "pressure_zone_est": 1137, "static_psi_est": 72.3}, "geometry": {"type": "Point", "coordinates": [-118.550760048296, 34.0595625647693]}}, {"type": "Feature", "properties": {"hydrant_id": "34256", "operator": "LADWP", "size_code": "2 1/2 S BU", "make": "Jones Angle Valve 6", "main_size_in": 20.0, "corner": null, "street": null, "cross_street": null, "source": "LADWP Fire Hydrants (DWP) - ArcGIS Online copy of LA GeoHub layer; IDs verified against City BOE Palisades layer", "in_perimeter": false, "elev_m": 212.1, "elev_ft": 696.0, "pressure_zone_est": 1137, "static_psi_est": 191.0}, "geometry": {"type": "Point", "coordinates": [-118.497460141156, 34.0672264875468]}}, {"type": "Feature", "properties": {"hydrant_id": "39620", "operator": "LADWP", "size_code": "4 S BU", "make": "Jones Angle Valve 6", "main_size_in": 8.0, "corner": "E", "street": "JACON WAY", "cross_street": "1721 NN LACHMAN LN", "source": "LADWP Fire Hydrants (DWP) - ArcGIS Online copy of LA GeoHub layer; IDs verified against City BOE Palisades layer", "in_perimeter": true, "elev_m": 134.1, "elev_ft": 440.0, "pressure_zone_est": 720, "static_psi_est": 121.2}, "geometry": {"type": "Point", "coordinates": [-118.546834385871, 34.0519208465529]}}, {"type": "Feature", "properties": {"hydrant_id": "28602", "operator": "LADWP", "size_code": "2 1/2 S", "make": "Van De Venter", "main_size_in": 6.0, "corner": null, "street": null, "cross_street": null, "source": "LADWP Fire Hydrants (DWP) - ArcGIS Online copy of LA GeoHub layer; IDs verified against City BOE Palisades layer", "in_perimeter": false, "elev_m": 82.6, "elev_ft": 271.0, "pressure_zone_est": 529, "static_psi_est": 111.7}, "geometry": {"type": "Point", "coordinates": [-118.506450518239, 34.0393806116802]}}, {"type": "Feature", "properties": {"hydrant_id": "32682", "operator": "LADWP", "size_code": "2 1/2 X 4D", "make": "Clow", "main_size_in": 6.0, "corner": "E", "street": "KINGMAN AVE", "cross_street": "379'NN ENTRADA DR", "source": "LADWP Fire Hydrants (DWP) - ArcGIS Online copy of LA GeoHub layer; IDs verified against City BOE Palisades layer", "in_perimeter": false, "elev_m": 51.1, "elev_ft": 168.0, "pressure_zone_est": 529, "static_psi_est": 156.3}, "geometry": {"type": "Point", "coordinates": [-118.508456826539, 34.0354317815219]}}, {"type": "Feature", "properties": {"hydrant_id": "32525", "operator": "LADWP", "size_code": "2 1/2 X 4D", "make": "Rich", "main_size_in": 6.0, "corner": "NE", "street": "AMALFI DR", "cross_street": "ENTRADA DR", "source": "LADWP Fire Hydrants (DWP) - ArcGIS Online copy of LA GeoHub layer; IDs verified against City BOE Palisades layer", "in_perimeter": false, "elev_m": 26.3, "elev_ft": 86.0, "pressure_zone_est": 529, "static_psi_est": 191.8}, "geometry": {"type": "Point", "coordinates": [-118.511158467988, 34.0325807829636]}}, {"type": "Feature", "properties": {"hydrant_id": "42055", "operator": "LADWP", "size_code": "2 1/2 X 4D", "make": "Mueller", "main_size_in": 6.0, "corner": "N", "street": "AMALFI DR", "cross_street": "620 WW EAST CHANNEL RD", "source": "LADWP Fire Hydrants (DWP) - ArcGIS Online copy of LA GeoHub layer; IDs verified against City BOE Palisades layer", "in_perimeter": false, "elev_m": 35.2, "elev_ft": 116.0, "pressure_zone_est": 529, "static_psi_est": 178.8}, "geometry": {"type": "Point", "coordinates": [-118.51355828196, 34.0320989780346]}}, {"type": "Feature", "properties": {"hydrant_id": "40071", "operator": "LADWP", "size_code": "4S", "make": "Rich", "main_size_in": 6.0, "corner": "N", "street": "PEQUENO PL", "cross_street": "340 EE TELLEM DR", "source": "LADWP Fire Hydrants (DWP) - ArcGIS Online copy of LA GeoHub layer; IDs verified against City BOE Palisades layer", "in_perimeter": true, "elev_m": 149.5, "elev_ft": 490.0, "pressure_zone_est": 720, "static_psi_est": 99.6}, "geometry": {"type": "Point", "coordinates": [-118.545217482294, 34.0548568708987]}}, {"type": "Feature", "properties": {"hydrant_id": "40373", "operator": "LADWP", "size_code": "4S", "make": "Rich", "main_size_in": 8.0, "corner": "N", "street": "TELLEM DR", "cross_street": "556 EE LACHMAN LANE", "source": "LADWP Fire Hydrants (DWP) - ArcGIS Online copy of LA GeoHub layer; IDs verified against City BOE Palisades layer", "in_perimeter": true, "elev_m": 217.7, "elev_ft": 714.0, "pressure_zone_est": 1137, "static_psi_est": 183.2}, "geometry": {"type": "Point", "coordinates": [-118.543908499457, 34.057310411421]}}, {"type": "Feature", "properties": {"hydrant_id": "39797", "operator": "LADWP", "size_code": "4S", "make": "Rich", "main_size_in": 6.0, "corner": "S", "street": "LAS PULGAS PL", "cross_street": "629 NW LAS PULGAS", "source": "LADWP Fire Hydrants (DWP) - ArcGIS Online copy of LA GeoHub layer; IDs verified against City BOE Palisades layer", "in_perimeter": true, "elev_m": 141.4, "elev_ft": 464.0, "pressure_zone_est": 720, "static_psi_est": 110.8}, "geometry": {"type": "Point", "coordinates": [-118.539222518558, 34.053789188576]}}, {"type": "Feature", "properties": {"hydrant_id": "32856", "operator": "LADWP", "size_code": "2 1/2 X 4D", "make": "Jones", "main_size_in": 6.0, "corner": "NW", "street": "ASILOMAR BLVD", "cross_street": "WYNOLA ST", "source": "LADWP Fire Hydrants (DWP) - ArcGIS Online copy of LA GeoHub layer; IDs verified against City BOE Palisades layer", "in_perimeter": true, "elev_m": 86.4, "elev_ft": 284.0, "pressure_zone_est": 529, "static_psi_est": 106.1}, "geometry": {"type": "Point", "coordinates": [-118.537639830527, 34.0403960581233]}}, {"type": "Feature", "properties": {"hydrant_id": "33128", "operator": "LADWP", "size_code": "2 1/2 X 4D", "make": "Clow", "main_size_in": 8.0, "corner": "W", "street": "SUNSET BLVD", "cross_street": "3579' SW AMALFI DR", "source": "LADWP Fire Hydrants (DWP) - ArcGIS Online copy of LA GeoHub layer; IDs verified against City BOE Palisades layer", "in_perimeter": false, "elev_m": 68.6, "elev_ft": 225.0, "pressure_zone_est": 529, "static_psi_est": 131.6}, "geometry": {"type": "Point", "coordinates": [-118.512901809388, 34.047873091695]}}, {"type": "Feature", "properties": {"hydrant_id": "33594", "operator": "LADWP", "size_code": "4S", "make": "Rich", "main_size_in": 8.0, "corner": "SE", "street": "ARNO WAY", "cross_street": "SUNSET BLVD", "source": "LADWP Fire Hydrants (DWP) - ArcGIS Online copy of LA GeoHub layer; IDs verified against City BOE Palisades layer", "in_perimeter": true, "elev_m": 70.9, "elev_ft": 232.0, "pressure_zone_est": 529, "static_psi_est": 128.6}, "geometry": {"type": "Point", "coordinates": [-118.54429162396, 34.0434689381499]}}, {"type": "Feature", "properties": {"hydrant_id": "38463", "operator": "LADWP", "size_code": "2 1/2 X 4D", "make": "Darling", "main_size_in": 6.0, "corner": "NE", "street": "FISKE ST", "cross_street": "SUNSET BLVD", "source": "LADWP Fire Hydrants (DWP) - ArcGIS Online copy of LA GeoHub layer; IDs verified against City BOE Palisades layer", "in_perimeter": true, "elev_m": 93.9, "elev_ft": 308.0, "pressure_zone_est": 529, "static_psi_est": 95.7}, "geometry": {"type": "Point", "coordinates": [-118.521253262178, 34.0438486208982]}}, {"type": "Feature", "properties": {"hydrant_id": "39870", "operator": "LADWP", "size_code": "2 1/2 S BU", "make": "Jones Angle Valve 6", "main_size_in": 6.0, "corner": null, "street": null, "cross_street": null, "source": "LADWP Fire Hydrants (DWP) - ArcGIS Online copy of LA GeoHub layer; IDs verified against City BOE Palisades layer", "in_perimeter": false, "elev_m": 245.4, "elev_ft": 805.0, "pressure_zone_est": 1137, "static_psi_est": 143.8}, "geometry": {"type": "Point", "coordinates": [-118.493714769818, 34.0762552025159]}}, {"type": "Feature", "properties": {"hydrant_id": "32842", "operator": "LADWP", "size_code": "2 1/2 S BU", "make": "Jones Angle Valve 6", "main_size_in": 8.0, "corner": "S", "street": "POSETANO RD", "cross_street": "428 SS REVELLO DR", "source": "LADWP Fire Hydrants (DWP) - ArcGIS Online copy of LA GeoHub layer; IDs verified against City BOE Palisades layer", "in_perimeter": true, "elev_m": 27.6, "elev_ft": 91.0, "pressure_zone_est": 529, "static_psi_est": 189.7}, "geometry": {"type": "Point", "coordinates": [-118.560065085245, 34.0407277417036]}}, {"type": "Feature", "properties": {"hydrant_id": "32519", "operator": "LADWP", "size_code": "2 1/2 X 4D", "make": "Clow", "main_size_in": 4.0, "corner": "S", "street": "ALTATA DR", "cross_street": "105'NN CORONA DEL MAR", "source": "LADWP Fire Hydrants (DWP) - ArcGIS Online copy of LA GeoHub layer; IDs verified against City BOE Palisades layer", "in_perimeter": false, "elev_m": 59.5, "elev_ft": 195.0, "pressure_zone_est": 529, "static_psi_est": 144.6}, "geometry": {"type": "Point", "coordinates": [-118.520947074056, 34.0309453017462]}}, {"type": "Feature", "properties": {"hydrant_id": "33335", "operator": "LADWP", "size_code": "2 1/2 X 4D", "make": "Clow", "main_size_in": 8.0, "corner": "N", "street": "SUNSET BLVD", "cross_street": "1824' WW AMALFI DR", "source": "LADWP Fire Hydrants (DWP) - ArcGIS Online copy of LA GeoHub layer; IDs verified against City BOE Palisades layer", "in_perimeter": true, "elev_m": 80.7, "elev_ft": 265.0, "pressure_zone_est": 529, "static_psi_est": 114.3}, "geometry": {"type": "Point", "coordinates": [-118.509656446508, 34.0509793424374]}}, {"type": "Feature", "properties": {"hydrant_id": "40366", "operator": "LADWP", "size_code": "2 1/2 X 4D", "make": "Jones", "main_size_in": 6.0, "corner": "SW", "street": "VIA SANTA YNEZ", "cross_street": "DONNA YNEZ LN", "source": "LADWP Fire Hydrants (DWP) - ArcGIS Online copy of LA GeoHub layer; IDs verified against City BOE Palisades layer", "in_perimeter": true, "elev_m": 104.2, "elev_ft": 342.0, "pressure_zone_est": 529, "static_psi_est": 81.0}, "geometry": {"type": "Point", "coordinates": [-118.549729310122, 34.0475937719678]}}, {"type": "Feature", "properties": {"hydrant_id": "32918", "operator": "LADWP", "size_code": "2 1/2 X 4D", "make": "Mueller", "main_size_in": 6.0, "corner": "SE", "street": "HALDEMAN DR E", "cross_street": "HALDEMAN DR", "source": "LADWP Fire Hydrants (DWP) - ArcGIS Online copy of LA GeoHub layer; IDs verified against City BOE Palisades layer", "in_perimeter": false, "elev_m": 59.7, "elev_ft": 196.0, "pressure_zone_est": 529, "static_psi_est": 144.2}, "geometry": {"type": "Point", "coordinates": [-118.512902561465, 34.0393470837602]}}, {"type": "Feature", "properties": {"hydrant_id": "41714", "operator": "LADWP", "size_code": "2 1/2 S BU", "make": "Jones Angle Valve 6", "main_size_in": 6.0, "corner": "E", "street": "AVENIDA DE CORTEZ", "cross_street": "455 SS PALISADES CIR", "source": "LADWP Fire Hydrants (DWP) - ArcGIS Online copy of LA GeoHub layer; IDs verified against City BOE Palisades layer", "in_perimeter": true, "elev_m": 202.4, "elev_ft": 664.0, "pressure_zone_est": 1137, "static_psi_est": 204.8}, "geometry": {"type": "Point", "coordinates": [-118.561531484469, 34.0721911395435]}}, {"type": "Feature", "properties": {"hydrant_id": "32872", "operator": "LADWP", "size_code": "2 1/2 X 4D", "make": "Jones", "main_size_in": 6.0, "corner": "NE", "street": "DE PAUW ST (LE)", "cross_street": "HAVERFORD AVE (LN)", "source": "LADWP Fire Hydrants (DWP) - ArcGIS Online copy of LA GeoHub layer; IDs verified against City BOE Palisades layer", "in_perimeter": true, "elev_m": 83.3, "elev_ft": 273.0, "pressure_zone_est": 529, "static_psi_est": 110.8}, "geometry": {"type": "Point", "coordinates": [-118.530091812366, 34.0409442779721]}}, {"type": "Feature", "properties": {"hydrant_id": "32866", "operator": "LADWP", "size_code": "4S", "make": "Rich", "main_size_in": 6.0, "corner": "NW", "street": "EARLHAM ST", "cross_street": "SWARTHMORE AVE", "source": "LADWP Fire Hydrants (DWP) - ArcGIS Online copy of LA GeoHub layer; IDs verified against City BOE Palisades layer", "in_perimeter": true, "elev_m": 87.5, "elev_ft": 287.0, "pressure_zone_est": 529, "static_psi_est": 104.8}, "geometry": {"type": "Point", "coordinates": [-118.52836018395, 34.0381240618928]}}, {"type": "Feature", "properties": {"hydrant_id": "32888", "operator": "LADWP", "size_code": "4S", "make": "Rich", "main_size_in": 6.0, "corner": "NE", "street": "TOYOPA DR", "cross_street": "BORGOS PL", "source": "LADWP Fire Hydrants (DWP) - ArcGIS Online copy of LA GeoHub layer; IDs verified against City BOE Palisades layer", "in_perimeter": false, "elev_m": 82.9, "elev_ft": 272.0, "pressure_zone_est": 529, "static_psi_est": 111.3}, "geometry": {"type": "Point", "coordinates": [-118.518909674216, 34.0386997598028]}}, {"type": "Feature", "properties": {"hydrant_id": "32897", "operator": "LADWP", "size_code": "2 1/2 S", "make": "Van De Venter", "main_size_in": 6.0, "corner": "E", "street": "GREENTREE RD", "cross_street": "265 S S RANCH LANE", "source": "LADWP Fire Hydrants (DWP) - ArcGIS Online copy of LA GeoHub layer; IDs verified against City BOE Palisades layer", "in_perimeter": false, "elev_m": 62.5, "elev_ft": 205.0, "pressure_zone_est": 529, "static_psi_est": 140.3}, "geometry": {"type": "Point", "coordinates": [-118.516319219835, 34.0424569061723]}}, {"type": "Feature", "properties": {"hydrant_id": "32896", "operator": "LADWP", "size_code": "2 1/2 S", "make": "Van De Venter", "main_size_in": 6.0, "corner": "E", "street": "GREENTREE RD", "cross_street": "750 S S RANCH LANE", "source": "LADWP Fire Hydrants (DWP) - ArcGIS Online copy of LA GeoHub layer; IDs verified against City BOE Palisades layer", "in_perimeter": false, "elev_m": 63.3, "elev_ft": 208.0, "pressure_zone_est": 529, "static_psi_est": 139.0}, "geometry": {"type": "Point", "coordinates": [-118.516488959399, 34.0410780285605]}}, {"type": "Feature", "properties": {"hydrant_id": "32898", "operator": "LADWP", "size_code": "2 1/2 S", "make": "Van De Venter", "main_size_in": 6.0, "corner": "E", "street": "HIGH TREE RD", "cross_street": "561 S S BROOKTREE", "source": "LADWP Fire Hydrants (DWP) - ArcGIS Online copy of LA GeoHub layer; IDs verified against City BOE Palisades layer", "in_perimeter": false, "elev_m": 40.1, "elev_ft": 132.0, "pressure_zone_est": 529, "static_psi_est": 171.9}, "geometry": {"type": "Point", "coordinates": [-118.515745632841, 34.0391073644752]}}, {"type": "Feature", "properties": {"hydrant_id": "37500", "operator": "LADWP", "size_code": "2 1/2 X 4D", "make": "Jones", "main_size_in": 8.0, "corner": "SE", "street": "ALLENFORD AVE", "cross_street": "SUNSET BLVD", "source": "LADWP Fire Hydrants (DWP) - ArcGIS Online copy of LA GeoHub layer; IDs verified against City BOE Palisades layer", "in_perimeter": false, "elev_m": 110.2, "elev_ft": 362.0, "pressure_zone_est": 529, "static_psi_est": 72.3}, "geometry": {"type": "Point", "coordinates": [-118.497345205348, 34.0551755702931]}}, {"type": "Feature", "properties": {"hydrant_id": "32864", "operator": "LADWP", "size_code": "4S", "make": "Rich", "main_size_in": 6.0, "corner": "SW", "street": "EL MEDIO AVE", "cross_street": "WYNOLA ST LW", "source": "LADWP Fire Hydrants (DWP) - ArcGIS Online copy of LA GeoHub layer; IDs verified against City BOE Palisades layer", "in_perimeter": true, "elev_m": 91.4, "elev_ft": 300.0, "pressure_zone_est": 529, "static_psi_est": 99.2}, "geometry": {"type": "Point", "coordinates": [-118.535015340856, 34.0418307978016]}}, {"type": "Feature", "properties": {"hydrant_id": "32671", "operator": "LADWP", "size_code": "2 1/2 S", "make": "Van De Venter", "main_size_in": 8.0, "corner": "W", "street": "SPOLETO DR", "cross_street": "768 NN AMALFI LE DR", "source": "LADWP Fire Hydrants (DWP) - ArcGIS Online copy of LA GeoHub layer; IDs verified against City BOE Palisades layer", "in_perimeter": false, "elev_m": 77.5, "elev_ft": 254.0, "pressure_zone_est": 529, "static_psi_est": 119.1}, "geometry": {"type": "Point", "coordinates": [-118.514307715245, 34.0360486060397]}}, {"type": "Feature", "properties": {"hydrant_id": "44385", "operator": "LADWP", "size_code": "2 1/2 X 4D", "make": "Clow", "main_size_in": 6.0, "corner": "W", "street": "AMALFI DR", "cross_street": "341'SS SPOLETO DR (N)", "source": "LADWP Fire Hydrants (DWP) - ArcGIS Online copy of LA GeoHub layer; IDs verified against City BOE Palisades layer", "in_perimeter": false, "elev_m": 78.1, "elev_ft": 256.0, "pressure_zone_est": 529, "static_psi_est": 118.2}, "geometry": {"type": "Point", "coordinates": [-118.513162911705, 34.0361628986416]}}, {"type": "Feature", "properties": {"hydrant_id": "37158", "operator": "LADWP", "size_code": "2 1/2 S", "make": "Van De Venter", "main_size_in": 12.0, "corner": null, "street": null, "cross_street": null, "source": "LADWP Fire Hydrants (DWP) - ArcGIS Online copy of LA GeoHub layer; IDs verified against City BOE Palisades layer", "in_perimeter": false, "elev_m": 349.9, "elev_ft": 1148.0, "pressure_zone_est": 1345, "static_psi_est": 85.3}, "geometry": {"type": "Point", "coordinates": [-118.49479369101, 34.0822454638099]}}, {"type": "Feature", "properties": {"hydrant_id": "37423", "operator": "LADWP", "size_code": "2 1/2 S", "make": "Van De Venter", "main_size_in": 12.0, "corner": null, "street": null, "cross_street": null, "source": "LADWP Fire Hydrants (DWP) - ArcGIS Online copy of LA GeoHub layer; IDs verified against City BOE Palisades layer", "in_perimeter": false, "elev_m": 231.7, "elev_ft": 760.0, "pressure_zone_est": 1137, "static_psi_est": 163.2}, "geometry": {"type": "Point", "coordinates": [-118.503931281549, 34.0905001383375]}}, {"type": "Feature", "properties": {"hydrant_id": "33118", "operator": "LADWP", "size_code": "2 1/2 X 4D", "make": "Rich", "main_size_in": 6.0, "corner": "SW", "street": "BASHFORD ST", "cross_street": "EMBURY ST", "source": "LADWP Fire Hydrants (DWP) - ArcGIS Online copy of LA GeoHub layer; IDs verified against City BOE Palisades layer", "in_perimeter": true, "elev_m": 100.4, "elev_ft": 330.0, "pressure_zone_est": 529, "static_psi_est": 86.2}, "geometry": {"type": "Point", "coordinates": [-118.52325146837, 34.0469279000783]}}, {"type": "Feature", "properties": {"hydrant_id": "42353", "operator": "LADWP", "size_code": "2 1/2 X 4D", "make": "Mueller", "main_size_in": 6.0, "corner": "NW", "street": "EVANS (PVT) RD", "cross_street": "SUNSET BL", "source": "LADWP Fire Hydrants (DWP) - ArcGIS Online copy of LA GeoHub layer; IDs verified against City BOE Palisades layer", "in_perimeter": true, "elev_m": 78.7, "elev_ft": 258.0, "pressure_zone_est": 529, "static_psi_est": 117.3}, "geometry": {"type": "Point", "coordinates": [-118.510752321882, 34.0513820872028]}}, {"type": "Feature", "properties": {"hydrant_id": "41562", "operator": "LADWP", "size_code": "4 S BU", "make": "Jones Angle Valve 6", "main_size_in": 36.0, "corner": "W", "street": "STA YNEZ CYN RD", "cross_street": "9008 NN SUNSET BL", "source": "LADWP Fire Hydrants (DWP) - ArcGIS Online copy of LA GeoHub layer; IDs verified against City BOE Palisades layer", "in_perimeter": true, "elev_m": 159.4, "elev_ft": 523.0, "pressure_zone_est": 720, "static_psi_est": 85.3}, "geometry": {"type": "Point", "coordinates": [-118.559674757952, 34.0677631530714]}}, {"type": "Feature", "properties": {"hydrant_id": "43149", "operator": "LADWP", "size_code": "2 1/2 X 4D", "make": "Long Beach Iron Works", "main_size_in": 6.0, "corner": "E", "street": "ILLIF ST", "cross_street": "333 NN DRUMMOND ST", "source": "LADWP Fire Hydrants (DWP) - ArcGIS Online copy of LA GeoHub layer; IDs verified against City BOE Palisades layer", "in_perimeter": true, "elev_m": 99.3, "elev_ft": 326.0, "pressure_zone_est": 529, "static_psi_est": 87.9}, "geometry": {"type": "Point", "coordinates": [-118.518289502321, 34.0445323597514]}}, {"type": "Feature", "properties": {"hydrant_id": "43812", "operator": "LADWP", "size_code": "2 1/2 X 4D", "make": "Long Beach Iron Works", "main_size_in": 8.0, "corner": "N", "street": "CALLE ALICANTE PVT", "cross_street": "273'EE CALLE DEBORAH PVT", "source": "LADWP Fire Hydrants (DWP) - ArcGIS Online copy of LA GeoHub layer; IDs verified against City BOE Palisades layer", "in_perimeter": true, "elev_m": 467.7, "elev_ft": 1534.0, "pressure_zone_est": 1645, "static_psi_est": 48.1}, "geometry": {"type": "Point", "coordinates": [-118.545952552334, 34.0752766797325]}}, {"type": "Feature", "properties": {"hydrant_id": "43346", "operator": "LADWP", "size_code": "2 1/2 X 4D", "make": "Long Beach Iron Works", "main_size_in": 8.0, "corner": "N", "street": "CHASTAIN PKWY EAST", "cross_street": "438'EE CALLE DEBORAH", "source": "LADWP Fire Hydrants (DWP) - ArcGIS Online copy of LA GeoHub layer; IDs verified against City BOE Palisades layer", "in_perimeter": true, "elev_m": 444.9, "elev_ft": 1460.0, "pressure_zone_est": 1645, "static_psi_est": 80.1}, "geometry": {"type": "Point", "coordinates": [-118.547108440118, 34.0744391097709]}}, {"type": "Feature", "properties": {"hydrant_id": "32899", "operator": "LADWP", "size_code": "2 1/2 X 4D", "make": "Rich", "main_size_in": 8.0, "corner": "W", "street": "BROOKTREE RD", "cross_street": "1046' SS RANCH LN", "source": "LADWP Fire Hydrants (DWP) - ArcGIS Online copy of LA GeoHub layer; IDs verified against City BOE Palisades layer", "in_perimeter": false, "elev_m": 46.9, "elev_ft": 154.0, "pressure_zone_est": 529, "static_psi_est": 162.4}, "geometry": {"type": "Point", "coordinates": [-118.515727179198, 34.0410672152643]}}, {"type": "Feature", "properties": {"hydrant_id": "32673", "operator": "LADWP", "size_code": "2 1/2 X 4D", "make": "Clow", "main_size_in": 8.0, "corner": "SW", "street": "AMALFI DR", "cross_street": "SPOLETO DR (N)", "source": "LADWP Fire Hydrants (DWP) - ArcGIS Online copy of LA GeoHub layer; IDs verified against City BOE Palisades layer", "in_perimeter": false, "elev_m": 79.5, "elev_ft": 261.0, "pressure_zone_est": 529, "static_psi_est": 116.0}, "geometry": {"type": "Point", "coordinates": [-118.512904257716, 34.0368504767935]}}, {"type": "Feature", "properties": {"hydrant_id": "33099", "operator": "LADWP", "size_code": "2 1/2 X 4D", "make": "Clow", "main_size_in": 6.0, "corner": "NE", "street": "BOWDOIN ST", "cross_street": "VIA DE LA PAZ", "source": "LADWP Fire Hydrants (DWP) - ArcGIS Online copy of LA GeoHub layer; IDs verified against City BOE Palisades layer", "in_perimeter": true, "elev_m": 97.3, "elev_ft": 319.0, "pressure_zone_est": 529, "static_psi_est": 90.9}, "geometry": {"type": "Point", "coordinates": [-118.52752771929, 34.0448612861406]}}, {"type": "Feature", "properties": {"hydrant_id": "37327", "operator": "LADWP", "size_code": "2 1/2 X 4D", "make": "Long Beach Iron Works", "main_size_in": 12.0, "corner": null, "street": null, "cross_street": null, "source": "LADWP Fire Hydrants (DWP) - ArcGIS Online copy of LA GeoHub layer; IDs verified against City BOE Palisades layer", "in_perimeter": false, "elev_m": 137.0, "elev_ft": 449.0, "pressure_zone_est": 720, "static_psi_est": 117.3}, "geometry": {"type": "Point", "coordinates": [-118.497709989561, 34.0642394566465]}}, {"type": "Feature", "properties": {"hydrant_id": "43329", "operator": "LADWP", "size_code": "2 1/2 X 4D", "make": "Long Beach Iron Works", "main_size_in": 8.0, "corner": "E", "street": "CHASTAIN PKWY W", "cross_street": "225'SS CALLE ARBOLADA", "source": "LADWP Fire Hydrants (DWP) - ArcGIS Online copy of LA GeoHub layer; IDs verified against City BOE Palisades layer", "in_perimeter": true, "elev_m": 383.0, "elev_ft": 1256.0, "pressure_zone_est": 1645, "static_psi_est": 168.4}, "geometry": {"type": "Point", "coordinates": [-118.552997494245, 34.0758257321105]}}, {"type": "Feature", "properties": {"hydrant_id": "32675", "operator": "LADWP", "size_code": "2 1/2 S BU", "make": "Jones Angle Valve 4", "main_size_in": 6.0, "corner": "SE", "street": "EAST CHANNEL RD", "cross_street": "AMALFI DR LE", "source": "LADWP Fire Hydrants (DWP) - ArcGIS Online copy of LA GeoHub layer; IDs verified against City BOE Palisades layer", "in_perimeter": false, "elev_m": 24.8, "elev_ft": 81.0, "pressure_zone_est": 529, "static_psi_est": 194.0}, "geometry": {"type": "Point", "coordinates": [-118.512466187499, 34.0330993998791]}}, {"type": "Feature", "properties": {"hydrant_id": "41421", "operator": "LADWP", "size_code": "2 1/2 S BU", "make": "Jones Angle Valve 6", "main_size_in": 8.0, "corner": "W", "street": "CHARMEL LN", "cross_street": "125 SS LUNA VISTA DR", "source": "LADWP Fire Hydrants (DWP) - ArcGIS Online copy of LA GeoHub layer; IDs verified against City BOE Palisades layer", "in_perimeter": true, "elev_m": 316.1, "elev_ft": 1037.0, "pressure_zone_est": 1137, "static_psi_est": 43.3}, "geometry": {"type": "Point", "coordinates": [-118.551963660196, 34.0612346371757]}}, {"type": "Feature", "properties": {"hydrant_id": "40069", "operator": "LADWP", "size_code": "4S", "make": "Rich", "main_size_in": 8.0, "corner": "NE", "street": "TELLEM DR", "cross_street": "LACHMAN LN", "source": "LADWP Fire Hydrants (DWP) - ArcGIS Online copy of LA GeoHub layer; IDs verified against City BOE Palisades layer", "in_perimeter": true, "elev_m": 168.8, "elev_ft": 554.0, "pressure_zone_est": 720, "static_psi_est": 71.9}, "geometry": {"type": "Point", "coordinates": [-118.545688366757, 34.0541280616814]}}, {"type": "Feature", "properties": {"hydrant_id": "40070", "operator": "LADWP", "size_code": "4S", "make": "Rich", "main_size_in": 6.0, "corner": "NE", "street": "PEQUENO PL", "cross_street": "TELLEM DR", "source": "LADWP Fire Hydrants (DWP) - ArcGIS Online copy of LA GeoHub layer; IDs verified against City BOE Palisades layer", "in_perimeter": true, "elev_m": 162.4, "elev_ft": 533.0, "pressure_zone_est": 720, "static_psi_est": 81.0}, "geometry": {"type": "Point", "coordinates": [-118.546200195115, 34.0551056496101]}}, {"type": "Feature", "properties": {"hydrant_id": "41989", "operator": "LADWP", "size_code": "2 1/2 S BU", "make": "Jones Angle Valve 6", "main_size_in": 20.0, "corner": "E", "street": "BIENVENEDA AV", "cross_street": "488 SS BIENVENEDA PL", "source": "LADWP Fire Hydrants (DWP) - ArcGIS Online copy of LA GeoHub layer; IDs verified against City BOE Palisades layer", "in_perimeter": true, "elev_m": 171.1, "elev_ft": 561.0, "pressure_zone_est": 720, "static_psi_est": 68.8}, "geometry": {"type": "Point", "coordinates": [-118.543033176992, 34.0588943664457]}}, {"type": "Feature", "properties": {"hydrant_id": "39697", "operator": "LADWP", "size_code": "2 1/2 S", "make": "Greenberg", "main_size_in": 8.0, "corner": "NE", "street": "LAS LOMAS PL", "cross_street": "LAS LOMAS AVE", "source": "LADWP Fire Hydrants (DWP) - ArcGIS Online copy of LA GeoHub layer; IDs verified against City BOE Palisades layer", "in_perimeter": true, "elev_m": 139.9, "elev_ft": 459.0, "pressure_zone_est": 720, "static_psi_est": 113.0}, "geometry": {"type": "Point", "coordinates": [-118.53512275171, 34.0548068083762]}}, {"type": "Feature", "properties": {"hydrant_id": "34268", "operator": "LADWP", "size_code": "2 1/2 X 4D", "make": "Rich", "main_size_in": 6.0, "corner": null, "street": null, "cross_street": null, "source": "LADWP Fire Hydrants (DWP) - ArcGIS Online copy of LA GeoHub layer; IDs verified against City BOE Palisades layer", "in_perimeter": false, "elev_m": 178.9, "elev_ft": 587.0, "pressure_zone_est": 720, "static_psi_est": 57.6}, "geometry": {"type": "Point", "coordinates": [-118.490636405588, 34.0685454152799]}}, {"type": "Feature", "properties": {"hydrant_id": "44386", "operator": "LADWP", "size_code": "2 1/2 X 4D", "make": "Clow", "main_size_in": 8.0, "corner": "W", "street": "AMALFI DR", "cross_street": "1049'SS NAPOLI DR", "source": "LADWP Fire Hydrants (DWP) - ArcGIS Online copy of LA GeoHub layer; IDs verified against City BOE Palisades layer", "in_perimeter": false, "elev_m": 82.6, "elev_ft": 271.0, "pressure_zone_est": 529, "static_psi_est": 111.7}, "geometry": {"type": "Point", "coordinates": [-118.512537777726, 34.0379442387068]}}, {"type": "Feature", "properties": {"hydrant_id": "39803", "operator": "LADWP", "size_code": "4S", "make": "Rich", "main_size_in": 8.0, "corner": "NW", "street": "MERIVALE LANE", "cross_street": "LACHMAN LANE", "source": "LADWP Fire Hydrants (DWP) - ArcGIS Online copy of LA GeoHub layer; IDs verified against City BOE Palisades layer", "in_perimeter": true, "elev_m": 161.3, "elev_ft": 529.0, "pressure_zone_est": 720, "static_psi_est": 82.7}, "geometry": {"type": "Point", "coordinates": [-118.544923961657, 34.0533377816095]}}, {"type": "Feature", "properties": {"hydrant_id": "39904", "operator": "LADWP", "size_code": "4S", "make": "Rich", "main_size_in": 16.0, "corner": null, "street": null, "cross_street": null, "source": "LADWP Fire Hydrants (DWP) - ArcGIS Online copy of LA GeoHub layer; IDs verified against City BOE Palisades layer", "in_perimeter": false, "elev_m": 258.3, "elev_ft": 847.0, "pressure_zone_est": 1137, "static_psi_est": 125.6}, "geometry": {"type": "Point", "coordinates": [-118.503289861854, 34.0740838416376]}}, {"type": "Feature", "properties": {"hydrant_id": "32848", "operator": "LADWP", "size_code": "2 1/2 S", "make": "Greenberg", "main_size_in": 8.0, "corner": "N", "street": "SUNSET BLVD", "cross_street": "455 EE MARQUEZ AVE", "source": "LADWP Fire Hydrants (DWP) - ArcGIS Online copy of LA GeoHub layer; IDs verified against City BOE Palisades layer", "in_perimeter": true, "elev_m": 71.7, "elev_ft": 235.0, "pressure_zone_est": 529, "static_psi_est": 127.3}, "geometry": {"type": "Point", "coordinates": [-118.547865347676, 34.0424464119663]}}, {"type": "Feature", "properties": {"hydrant_id": "81463", "operator": "LADWP", "size_code": "2 1/2 X 4D", "make": "Jones", "main_size_in": 12.0, "corner": "E", "street": "SUNSET BLVD", "cross_street": "218' SS LOS LIONES DR LW", "source": "LADWP Fire Hydrants (DWP) - ArcGIS Online copy of LA GeoHub layer; IDs verified against City BOE Palisades layer", "in_perimeter": true, "elev_m": 19.1, "elev_ft": 63.0, "pressure_zone_est": 529, "static_psi_est": 201.8}, "geometry": {"type": "Point", "coordinates": [-118.553509814425, 34.0414494244436]}}, {"type": "Feature", "properties": {"hydrant_id": "81188", "operator": "LADWP", "size_code": "2 1/2 X 4D", "make": "Jones", "main_size_in": 8.0, "corner": "S", "street": "PACIFIC COAST HWY", "cross_street": "BAY CLUB DR (PVT)", "source": "LADWP Fire Hydrants (DWP) - ArcGIS Online copy of LA GeoHub layer; IDs verified against City BOE Palisades layer", "in_perimeter": false, "elev_m": 5.2, "elev_ft": 17.0, "pressure_zone_est": 529, "static_psi_est": 221.7}, "geometry": {"type": "Point", "coordinates": [-118.545657129617, 34.0394220434266]}}, {"type": "Feature", "properties": {"hydrant_id": "81641", "operator": "LADWP", "size_code": "2 1/2 X 4D", "make": "Clow", "main_size_in": 8.0, "corner": null, "street": null, "cross_street": null, "source": "LADWP Fire Hydrants (DWP) - ArcGIS Online copy of LA GeoHub layer; IDs verified against City BOE Palisades layer", "in_perimeter": false, "elev_m": 156.7, "elev_ft": 514.0, "pressure_zone_est": 720, "static_psi_est": 89.2}, "geometry": {"type": "Point", "coordinates": [-118.503078223818, 34.0675226884554]}}, {"type": "Feature", "properties": {"hydrant_id": "41560", "operator": "LADWP", "size_code": "4 S BU", "make": "Jones Angle Valve 6", "main_size_in": 36.0, "corner": "W", "street": "STA YNEZ CYN RD", "cross_street": "6940 NN SUNSET BL", "source": "LADWP Fire Hydrants (DWP) - ArcGIS Online copy of LA GeoHub layer; IDs verified against City BOE Palisades layer", "in_perimeter": true, "elev_m": 133.4, "elev_ft": 438.0, "pressure_zone_est": 720, "static_psi_est": 122.1}, "geometry": {"type": "Point", "coordinates": [-118.557535959787, 34.0624880816366]}}, {"type": "Feature", "properties": {"hydrant_id": "42987", "operator": "LADWP", "size_code": "2 1/2 S BU", "make": "Jones Angle Valve 6", "main_size_in": 8.0, "corner": "E", "street": "SHADOW MTN DR", "cross_street": "564 NN VIA ANITA (PVT)", "source": "LADWP Fire Hydrants (DWP) - ArcGIS Online copy of LA GeoHub layer; IDs verified against City BOE Palisades layer", "in_perimeter": true, "elev_m": 207.8, "elev_ft": 682.0, "pressure_zone_est": 1137, "static_psi_est": 197.0}, "geometry": {"type": "Point", "coordinates": [-118.540066715035, 34.0597009881181]}}, {"type": "Feature", "properties": {"hydrant_id": "42274", "operator": "LADWP", "size_code": "2 1/2 S BU", "make": "Jones Angle Valve 6", "main_size_in": 6.0, "corner": "NE", "street": "EL HITO CLE", "cross_street": "BIENVENEDA AV", "source": "LADWP Fire Hydrants (DWP) - ArcGIS Online copy of LA GeoHub layer; IDs verified against City BOE Palisades layer", "in_perimeter": true, "elev_m": 190.8, "elev_ft": 626.0, "pressure_zone_est": 1137, "static_psi_est": 221.3}, "geometry": {"type": "Point", "coordinates": [-118.543443557456, 34.0607177323248]}}, {"type": "Feature", "properties": {"hydrant_id": "40835", "operator": "LADWP", "size_code": "4S", "make": "Rich", "main_size_in": 8.0, "corner": null, "street": null, "cross_street": null, "source": "LADWP Fire Hydrants (DWP) - ArcGIS Online copy of LA GeoHub layer; IDs verified against City BOE Palisades layer", "in_perimeter": false, "elev_m": 300.6, "elev_ft": 986.0, "pressure_zone_est": 1137, "static_psi_est": 65.4}, "geometry": {"type": "Point", "coordinates": [-118.506232826918, 34.0821513274523]}}, {"type": "Feature", "properties": {"hydrant_id": "29080", "operator": "LADWP", "size_code": "2 1/2 X 4D", "make": "Jones", "main_size_in": 12.0, "corner": null, "street": null, "cross_street": null, "source": "LADWP Fire Hydrants (DWP) - ArcGIS Online copy of LA GeoHub layer; IDs verified against City BOE Palisades layer", "in_perimeter": false, "elev_m": 343.7, "elev_ft": 1128.0, "pressure_zone_est": 1345, "static_psi_est": 94.0}, "geometry": {"type": "Point", "coordinates": [-118.506251642821, 34.0847634841952]}}, {"type": "Feature", "properties": {"hydrant_id": "38298", "operator": "LADWP", "size_code": "2 1/2 X 4D", "make": "Mueller", "main_size_in": 8.0, "corner": "NW", "street": "LACHMAN LN", "cross_street": "LINDA TER", "source": "LADWP Fire Hydrants (DWP) - ArcGIS Online copy of LA GeoHub layer; IDs verified against City BOE Palisades layer", "in_perimeter": true, "elev_m": 117.4, "elev_ft": 385.0, "pressure_zone_est": 529, "static_psi_est": 62.4}, "geometry": {"type": "Point", "coordinates": [-118.546308383779, 34.0488665719621]}}, {"type": "Feature", "properties": {"hydrant_id": "40777", "operator": "LADWP", "size_code": "2 1/2 X 4D", "make": "Jones", "main_size_in": 6.0, "corner": "S", "street": "BLUE SAIL DR", "cross_street": "539' WW SURFVIEW DR", "source": "LADWP Fire Hydrants (DWP) - ArcGIS Online copy of LA GeoHub layer; IDs verified against City BOE Palisades layer", "in_perimeter": true, "elev_m": 128.4, "elev_ft": 421.0, "pressure_zone_est": 529, "static_psi_est": 46.8}, "geometry": {"type": "Point", "coordinates": [-118.569107957615, 34.0490851959383]}}, {"type": "Feature", "properties": {"hydrant_id": "42185", "operator": "LADWP", "size_code": "2 1/2 X 4D", "make": "Mueller", "main_size_in": 8.0, "corner": "S", "street": "MICHAEL LN", "cross_street": "378 WW AVE DE HERRADURA", "source": "LADWP Fire Hydrants (DWP) - ArcGIS Online copy of LA GeoHub layer; IDs verified against City BOE Palisades layer", "in_perimeter": true, "elev_m": 284.6, "elev_ft": 934.0, "pressure_zone_est": 1137, "static_psi_est": 87.9}, "geometry": {"type": "Point", "coordinates": [-118.559080125794, 34.0778441264617]}}, {"type": "Feature", "properties": {"hydrant_id": "32669", "operator": "LADWP", "size_code": "2 1/2 X 4D", "make": "Clow", "main_size_in": 6.0, "corner": "SE", "street": "UPPER MESA RD", "cross_street": "LATIMER RD", "source": "LADWP Fire Hydrants (DWP) - ArcGIS Online copy of LA GeoHub layer; IDs verified against City BOE Palisades layer", "in_perimeter": false, "elev_m": 41.3, "elev_ft": 135.0, "pressure_zone_est": 529, "static_psi_est": 170.6}, "geometry": {"type": "Point", "coordinates": [-118.516161572355, 34.0350944852331]}}, {"type": "Feature", "properties": {"hydrant_id": "37235", "operator": "LADWP", "size_code": "2 1/2 S", "make": "Van De Venter", "main_size_in": 8.0, "corner": "N", "street": "SUNSET BLVD", "cross_street": "662 W W MARQUEZ AVE", "source": "LADWP Fire Hydrants (DWP) - ArcGIS Online copy of LA GeoHub layer; IDs verified against City BOE Palisades layer", "in_perimeter": true, "elev_m": 64.2, "elev_ft": 211.0, "pressure_zone_est": 529, "static_psi_est": 137.7}, "geometry": {"type": "Point", "coordinates": [-118.551584295703, 34.0417601473277]}}, {"type": "Feature", "properties": {"hydrant_id": "33612", "operator": "LADWP", "size_code": "2 1/2 X 4D", "make": "Clow", "main_size_in": 6.0, "corner": "NE", "street": "MONACO DR", "cross_street": "D'ESTE DR", "source": "LADWP Fire Hydrants (DWP) - ArcGIS Online copy of LA GeoHub layer; IDs verified against City BOE Palisades layer", "in_perimeter": false, "elev_m": 154.5, "elev_ft": 507.0, "pressure_zone_est": 720, "static_psi_est": 92.2}, "geometry": {"type": "Point", "coordinates": [-118.501257864633, 34.057928447244]}}, {"type": "Feature", "properties": {"hydrant_id": "81898", "operator": "LADWP", "size_code": "2 1/2 X 4D", "make": "Clow", "main_size_in": 8.0, "corner": null, "street": null, "cross_street": null, "source": "LADWP Fire Hydrants (DWP) - ArcGIS Online copy of LA GeoHub layer; IDs verified against City BOE Palisades layer", "in_perimeter": false, "elev_m": 128.9, "elev_ft": 423.0, "pressure_zone_est": 529, "static_psi_est": 45.9}, "geometry": {"type": "Point", "coordinates": [-118.493635153825, 34.0613436580377]}}, {"type": "Feature", "properties": {"hydrant_id": "82284", "operator": "LADWP", "size_code": "2 1/2 X 4D", "make": "Clow", "main_size_in": 6.0, "corner": null, "street": null, "cross_street": null, "source": "LADWP Fire Hydrants (DWP) - ArcGIS Online copy of LA GeoHub layer; IDs verified against City BOE Palisades layer", "in_perimeter": false, "elev_m": 123.3, "elev_ft": 405.0, "pressure_zone_est": 529, "static_psi_est": 53.7}, "geometry": {"type": "Point", "coordinates": [-118.497678872413, 34.0603964880588]}}, {"type": "Feature", "properties": {"hydrant_id": "44383", "operator": "LADWP", "size_code": "2 1/2 X 4D", "make": "Clow", "main_size_in": 6.0, "corner": "N", "street": "AMALFI DR", "cross_street": "384'NN SUMAC LN (N)", "source": "LADWP Fire Hydrants (DWP) - ArcGIS Online copy of LA GeoHub layer; IDs verified against City BOE Palisades layer", "in_perimeter": false, "elev_m": 61.5, "elev_ft": 202.0, "pressure_zone_est": 529, "static_psi_est": 141.6}, "geometry": {"type": "Point", "coordinates": [-118.514136521278, 34.0337137071344]}}, {"type": "Feature", "properties": {"hydrant_id": "38205", "operator": "LADWP", "size_code": "2 1/2 X 4D", "make": "Jones", "main_size_in": 6.0, "corner": "SW", "street": "PONTOON PL", "cross_street": "ALLENFORD AVE", "source": "LADWP Fire Hydrants (DWP) - ArcGIS Online copy of LA GeoHub layer; IDs verified against City BOE Palisades layer", "in_perimeter": false, "elev_m": 101.5, "elev_ft": 333.0, "pressure_zone_est": 529, "static_psi_est": 84.9}, "geometry": {"type": "Point", "coordinates": [-118.494836395523, 34.0516126236285]}}, {"type": "Feature", "properties": {"hydrant_id": "38390", "operator": "LADWP", "size_code": "2 1/2 X 4D", "make": "Jones", "main_size_in": 6.0, "corner": "S", "street": "CHALET TERR", "cross_street": "36' EE CHATANOOGA AVE", "source": "LADWP Fire Hydrants (DWP) - ArcGIS Online copy of LA GeoHub layer; IDs verified against City BOE Palisades layer", "in_perimeter": true, "elev_m": 124.2, "elev_ft": 407.0, "pressure_zone_est": 529, "static_psi_est": 52.8}, "geometry": {"type": "Point", "coordinates": [-118.543553913911, 34.0511767967874]}}, {"type": "Feature", "properties": {"hydrant_id": "38399", "operator": "LADWP", "size_code": "2 1/2 S", "make": "Van De Venter", "main_size_in": 8.0, "corner": "SW", "street": "EL MEDIO AVE", "cross_street": "PALISAIR PL", "source": "LADWP Fire Hydrants (DWP) - ArcGIS Online copy of LA GeoHub layer; IDs verified against City BOE Palisades layer", "in_perimeter": true, "elev_m": 150.7, "elev_ft": 494.0, "pressure_zone_est": 720, "static_psi_est": 97.9}, "geometry": {"type": "Point", "coordinates": [-118.531762121284, 34.0535913086137]}}, {"type": "Feature", "properties": {"hydrant_id": "33329", "operator": "LADWP", "size_code": "2 1/2 S", "make": "Van De Venter", "main_size_in": 6.0, "corner": "SE", "street": "CHARM ACRES PL", "cross_street": "VIA DE LA PAZ", "source": "LADWP Fire Hydrants (DWP) - ArcGIS Online copy of LA GeoHub layer; IDs verified against City BOE Palisades layer", "in_perimeter": true, "elev_m": 108.4, "elev_ft": 356.0, "pressure_zone_est": 529, "static_psi_est": 74.9}, "geometry": {"type": "Point", "coordinates": [-118.526234980129, 34.0500493526958]}}, {"type": "Feature", "properties": {"hydrant_id": "41905", "operator": "LADWP", "size_code": "2 1/2 X 4D", "make": "Rich", "main_size_in": 6.0, "corner": "NW", "street": "CHARM ACRES PL", "cross_street": "ALBRIGHT ST", "source": "LADWP Fire Hydrants (DWP) - ArcGIS Online copy of LA GeoHub layer; IDs verified against City BOE Palisades layer", "in_perimeter": true, "elev_m": 104.9, "elev_ft": 344.0, "pressure_zone_est": 529, "static_psi_est": 80.1}, "geometry": {"type": "Point", "coordinates": [-118.525772844635, 34.0488053036888]}}, {"type": "Feature", "properties": {"hydrant_id": "37444", "operator": "LADWP", "size_code": "2 1/2 X 4D", "make": "Clow", "main_size_in": 6.0, "corner": "N", "street": "AKRON ST", "cross_street": "563' WW BIENVENEDA AVE", "source": "LADWP Fire Hydrants (DWP) - ArcGIS Online copy of LA GeoHub layer; IDs verified against City BOE Palisades layer", "in_perimeter": true, "elev_m": 93.2, "elev_ft": 306.0, "pressure_zone_est": 529, "static_psi_est": 96.6}, "geometry": {"type": "Point", "coordinates": [-118.539980194643, 34.0506493766499]}}, {"type": "Feature", "properties": {"hydrant_id": "33314", "operator": "LADWP", "size_code": "2 1/2 X 4D", "make": "Clow", "main_size_in": 8.0, "corner": "SW", "street": "LAS CASAS PL", "cross_street": "CASTAC PL", "source": "LADWP Fire Hydrants (DWP) - ArcGIS Online copy of LA GeoHub layer; IDs verified against City BOE Palisades layer", "in_perimeter": true, "elev_m": 111.9, "elev_ft": 367.0, "pressure_zone_est": 529, "static_psi_est": 70.1}, "geometry": {"type": "Point", "coordinates": [-118.542579562479, 34.04979612668]}}, {"type": "Feature", "properties": {"hydrant_id": "37062", "operator": "LADWP", "size_code": "2 1/2 X 4D", "make": "Clow", "main_size_in": 12.0, "corner": "S", "street": "VILLA WOODS DR", "cross_street": "39' WW VILLA WOODS PL", "source": "LADWP Fire Hydrants (DWP) - ArcGIS Online copy of LA GeoHub layer; IDs verified against City BOE Palisades layer", "in_perimeter": true, "elev_m": 121.7, "elev_ft": 399.0, "pressure_zone_est": 529, "static_psi_est": 56.3}, "geometry": {"type": "Point", "coordinates": [-118.514945508477, 34.0518988831148]}}, {"type": "Feature", "properties": {"hydrant_id": "41720", "operator": "LADWP", "size_code": "2 1/2 S BU", "make": "Jones Angle Valve 6", "main_size_in": 8.0, "corner": "SE", "street": "PALISADES CIR", "cross_street": "AVENIDA DE SANTA YNEZ", "source": "LADWP Fire Hydrants (DWP) - ArcGIS Online copy of LA GeoHub layer; IDs verified against City BOE Palisades layer", "in_perimeter": true, "elev_m": 217.8, "elev_ft": 715.0, "pressure_zone_est": 1137, "static_psi_est": 182.7}, "geometry": {"type": "Point", "coordinates": [-118.561548116256, 34.0739502713847]}}, {"type": "Feature", "properties": {"hydrant_id": "42780", "operator": "LADWP", "size_code": "2 1/2 X 4D", "make": "Clow", "main_size_in": 16.0, "corner": "NW", "street": "PALISADES DR", "cross_street": "EL BOSQUE CT", "source": "LADWP Fire Hydrants (DWP) - ArcGIS Online copy of LA GeoHub layer; IDs verified against City BOE Palisades layer", "in_perimeter": true, "elev_m": 310.2, "elev_ft": 1018.0, "pressure_zone_est": 1137, "static_psi_est": 51.5}, "geometry": {"type": "Point", "coordinates": [-118.556681399488, 34.0743460734649]}}, {"type": "Feature", "properties": {"hydrant_id": "39796", "operator": "LADWP", "size_code": "4S", "make": "Rich", "main_size_in": 6.0, "corner": "W", "street": "LAS PULGAS RD", "cross_street": "496 NN LAS PULGAS", "source": "LADWP Fire Hydrants (DWP) - ArcGIS Online copy of LA GeoHub layer; IDs verified against City BOE Palisades layer", "in_perimeter": true, "elev_m": 137.8, "elev_ft": 452.0, "pressure_zone_est": 720, "static_psi_est": 116.0}, "geometry": {"type": "Point", "coordinates": [-118.538174441388, 34.0533402952673]}}, {"type": "Feature", "properties": {"hydrant_id": "40554", "operator": "LADWP", "size_code": "2 1/2 X 4D", "make": "Rich", "main_size_in": 6.0, "corner": "N", "street": "SUNSET BLVD", "cross_street": "421 WW HAVERFORD AV", "source": "LADWP Fire Hydrants (DWP) - ArcGIS Online copy of LA GeoHub layer; IDs verified against City BOE Palisades layer", "in_perimeter": true, "elev_m": 89.7, "elev_ft": 294.0, "pressure_zone_est": 529, "static_psi_est": 101.8}, "geometry": {"type": "Point", "coordinates": [-118.530589136689, 34.0499366514767]}}, {"type": "Feature", "properties": {"hydrant_id": "81087", "operator": "LADWP", "size_code": "2 1/2 X 4D", "make": "Jones", "main_size_in": 6.0, "corner": "N", "street": "ALCIMA AVE", "cross_street": "328' WW EL MEDIO AVE", "source": "LADWP Fire Hydrants (DWP) - ArcGIS Online copy of LA GeoHub layer; IDs verified against City BOE Palisades layer", "in_perimeter": true, "elev_m": 122.5, "elev_ft": 402.0, "pressure_zone_est": 529, "static_psi_est": 55.0}, "geometry": {"type": "Point", "coordinates": [-118.532575771938, 34.0515205612514]}}, {"type": "Feature", "properties": {"hydrant_id": "43315", "operator": "LADWP", "size_code": "2 1/2 X 4D", "make": "Long Beach Iron Works", "main_size_in": 8.0, "corner": "NW", "street": "CALLE DE SARAH PVT", "cross_street": "CALLE DEL CIELO (PVT)", "source": "LADWP Fire Hydrants (DWP) - ArcGIS Online copy of LA GeoHub layer; IDs verified against City BOE Palisades layer", "in_perimeter": true, "elev_m": 439.7, "elev_ft": 1443.0, "pressure_zone_est": 1645, "static_psi_est": 87.5}, "geometry": {"type": "Point", "coordinates": [-118.549488173027, 34.0772881614557]}}, {"type": "Feature", "properties": {"hydrant_id": "29221", "operator": "LADWP", "size_code": "2 1/2 S BU", "make": "Jones Angle Valve 2", "main_size_in": 12.0, "corner": "NE", "street": "TEMESCAL TNK VAULT", "cross_street": null, "source": "LADWP Fire Hydrants (DWP) - ArcGIS Online copy of LA GeoHub layer; IDs verified against City BOE Palisades layer", "in_perimeter": true, "elev_m": 495.7, "elev_ft": 1626.0, "pressure_zone_est": 1645, "static_psi_est": 8.2}, "geometry": {"type": "Point", "coordinates": [-118.54671881598, 34.0775770288892]}}, {"type": "Feature", "properties": {"hydrant_id": "40715", "operator": "LADWP", "size_code": "2 1/2 S BU", "make": "Jones Angle Valve 6", "main_size_in": 8.0, "corner": null, "street": null, "cross_street": null, "source": "LADWP Fire Hydrants (DWP) - ArcGIS Online copy of LA GeoHub layer; IDs verified against City BOE Palisades layer", "in_perimeter": false, "elev_m": 245.2, "elev_ft": 804.0, "pressure_zone_est": 1137, "static_psi_est": 144.2}, "geometry": {"type": "Point", "coordinates": [-118.504023744665, 34.0774931767447]}}, {"type": "Feature", "properties": {"hydrant_id": "43740", "operator": "LADWP", "size_code": "2 1/2 S BU", "make": "Jones Angle Valve 6", "main_size_in": 16.0, "corner": null, "street": null, "cross_street": null, "source": "LADWP Fire Hydrants (DWP) - ArcGIS Online copy of LA GeoHub layer; IDs verified against City BOE Palisades layer", "in_perimeter": false, "elev_m": 216.8, "elev_ft": 711.0, "pressure_zone_est": 1137, "static_psi_est": 184.5}, "geometry": {"type": "Point", "coordinates": [-118.499807260957, 34.0791993888848]}}, {"type": "Feature", "properties": {"hydrant_id": "32641", "operator": "LADWP", "size_code": "2 1/2 X 4D", "make": "Clow", "main_size_in": 4.0, "corner": "NE", "street": "LOMBARD AVE", "cross_street": "VIA DE LAS OLAS", "source": "LADWP Fire Hydrants (DWP) - ArcGIS Online copy of LA GeoHub layer; IDs verified against City BOE Palisades layer", "in_perimeter": true, "elev_m": 75.3, "elev_ft": 247.0, "pressure_zone_est": 529, "static_psi_est": 122.1}, "geometry": {"type": "Point", "coordinates": [-118.52812578521, 34.0354602045555]}}, {"type": "Feature", "properties": {"hydrant_id": "37192", "operator": "LADWP", "size_code": "2 1/2 S BU", "make": "Jones Angle Valve 6", "main_size_in": 6.0, "corner": null, "street": null, "cross_street": null, "source": "LADWP Fire Hydrants (DWP) - ArcGIS Online copy of LA GeoHub layer; IDs verified against City BOE Palisades layer", "in_perimeter": false, "elev_m": 222.9, "elev_ft": 731.0, "pressure_zone_est": 1137, "static_psi_est": 175.8}, "geometry": {"type": "Point", "coordinates": [-118.504576237483, 34.0732092872124]}}, {"type": "Feature", "properties": {"hydrant_id": "37613", "operator": "LADWP", "size_code": "2 1/2 S BU", "make": "Jones Angle Valve 6", "main_size_in": 6.0, "corner": null, "street": null, "cross_street": null, "source": "LADWP Fire Hydrants (DWP) - ArcGIS Online copy of LA GeoHub layer; IDs verified against City BOE Palisades layer", "in_perimeter": false, "elev_m": 224.6, "elev_ft": 737.0, "pressure_zone_est": 1137, "static_psi_est": 173.2}, "geometry": {"type": "Point", "coordinates": [-118.503319782424, 34.0724818841218]}}, {"type": "Feature", "properties": {"hydrant_id": "39901", "operator": "LADWP", "size_code": "2 1/2 S BU", "make": "Jones Angle Valve 6", "main_size_in": 6.0, "corner": null, "street": null, "cross_street": null, "source": "LADWP Fire Hydrants (DWP) - ArcGIS Online copy of LA GeoHub layer; IDs verified against City BOE Palisades layer", "in_perimeter": false, "elev_m": 230.4, "elev_ft": 756.0, "pressure_zone_est": 1137, "static_psi_est": 165.0}, "geometry": {"type": "Point", "coordinates": [-118.501107978343, 34.0738367810047]}}, {"type": "Feature", "properties": {"hydrant_id": "39898", "operator": "LADWP", "size_code": "4S", "make": "Rich", "main_size_in": 6.0, "corner": null, "street": null, "cross_street": null, "source": "LADWP Fire Hydrants (DWP) - ArcGIS Online copy of LA GeoHub layer; IDs verified against City BOE Palisades layer", "in_perimeter": false, "elev_m": 243.3, "elev_ft": 798.0, "pressure_zone_est": 1137, "static_psi_est": 146.8}, "geometry": {"type": "Point", "coordinates": [-118.501804980856, 34.0737286156175]}}, {"type": "Feature", "properties": {"hydrant_id": "41555", "operator": "LADWP", "size_code": "2 1/2 X 4D", "make": "Clow", "main_size_in": 36.0, "corner": "W", "street": "PALISADES DR", "cross_street": "1858' NN SUNSET BL", "source": "LADWP Fire Hydrants (DWP) - ArcGIS Online copy of LA GeoHub layer; IDs verified against City BOE Palisades layer", "in_perimeter": false, "elev_m": 56.4, "elev_ft": 185.0, "pressure_zone_est": 529, "static_psi_est": 149.0}, "geometry": {"type": "Point", "coordinates": [-118.552873263106, 34.0495471357582]}}, {"type": "Feature", "properties": {"hydrant_id": "36862", "operator": "LADWP", "size_code": "2 1/2 S", "make": "Van De Venter", "main_size_in": 6.0, "corner": null, "street": null, "cross_street": null, "source": "LADWP Fire Hydrants (DWP) - ArcGIS Online copy of LA GeoHub layer; IDs verified against City BOE Palisades layer", "in_perimeter": false, "elev_m": 123.0, "elev_ft": 404.0, "pressure_zone_est": 529, "static_psi_est": 54.1}, "geometry": {"type": "Point", "coordinates": [-118.490550782928, 34.0541867769072]}}, {"type": "Feature", "properties": {"hydrant_id": "36928", "operator": "LADWP", "size_code": "4 S BU", "make": "Jones Angle Valve 6", "main_size_in": 6.0, "corner": "W", "street": "RIVAS CYN RD PV", "cross_street": "1130 NN SUNSET BLVD", "source": "LADWP Fire Hydrants (DWP) - ArcGIS Online copy of LA GeoHub layer; IDs verified against City BOE Palisades layer", "in_perimeter": true, "elev_m": 77.9, "elev_ft": 256.0, "pressure_zone_est": 529, "static_psi_est": 118.2}, "geometry": {"type": "Point", "coordinates": [-118.515532028567, 34.0489426662268]}}, {"type": "Feature", "properties": {"hydrant_id": "31056", "operator": "LADWP", "size_code": "2 1/2 X 4D", "make": "Clow", "main_size_in": 8.0, "corner": "SW", "street": "ALBRIGHT ST", "cross_street": "KAGAWA ST", "source": "LADWP Fire Hydrants (DWP) - ArcGIS Online copy of LA GeoHub layer; IDs verified against City BOE Palisades layer", "in_perimeter": true, "elev_m": 122.7, "elev_ft": 402.0, "pressure_zone_est": 529, "static_psi_est": 55.0}, "geometry": {"type": "Point", "coordinates": [-118.518626714368, 34.0494819618676]}}, {"type": "Feature", "properties": {"hydrant_id": "31065", "operator": "LADWP", "size_code": "2 1/2 X 4D", "make": "Mueller", "main_size_in": 6.0, "corner": "SE", "street": "ILIFF ST", "cross_street": "BESTOR BL", "source": "LADWP Fire Hydrants (DWP) - ArcGIS Online copy of LA GeoHub layer; IDs verified against City BOE Palisades layer", "in_perimeter": true, "elev_m": 130.6, "elev_ft": 429.0, "pressure_zone_est": 529, "static_psi_est": 43.3}, "geometry": {"type": "Point", "coordinates": [-118.519771815519, 34.0511993662362]}}, {"type": "Feature", "properties": {"hydrant_id": "31055", "operator": "LADWP", "size_code": "2 1/2 X 4D", "make": "Clow", "main_size_in": 8.0, "corner": "SW", "street": "ALBRIGHT ST", "cross_street": "HARTZELL ST", "source": "LADWP Fire Hydrants (DWP) - ArcGIS Online copy of LA GeoHub layer; IDs verified against City BOE Palisades layer", "in_perimeter": true, "elev_m": 115.1, "elev_ft": 378.0, "pressure_zone_est": 529, "static_psi_est": 65.4}, "geometry": {"type": "Point", "coordinates": [-118.520639391819, 34.049188234351]}}, {"type": "Feature", "properties": {"hydrant_id": "33309", "operator": "LADWP", "size_code": "2 1/2 X 4D", "make": "Clow", "main_size_in": 8.0, "corner": "N", "street": "LAS LOMAS AVE", "cross_street": "465'EE LAS LOMAS AV (LS)", "source": "LADWP Fire Hydrants (DWP) - ArcGIS Online copy of LA GeoHub layer; IDs verified against City BOE Palisades layer", "in_perimeter": true, "elev_m": 114.2, "elev_ft": 375.0, "pressure_zone_est": 529, "static_psi_est": 66.7}, "geometry": {"type": "Point", "coordinates": [-118.536212038521, 34.0512234147304]}}, {"type": "Feature", "properties": {"hydrant_id": "40786", "operator": "LADWP", "size_code": "2 1/2 S BU", "make": "Jones Angle Valve 6", "main_size_in": 8.0, "corner": "NE", "street": "SURFVIEW DR", "cross_street": "SEABREEZE DR", "source": "LADWP Fire Hydrants (DWP) - ArcGIS Online copy of LA GeoHub layer; IDs verified against City BOE Palisades layer", "in_perimeter": false, "elev_m": 59.3, "elev_ft": 195.0, "pressure_zone_est": 529, "static_psi_est": 144.6}, "geometry": {"type": "Point", "coordinates": [-118.567813253172, 34.045704306552]}}, {"type": "Feature", "properties": {"hydrant_id": "40773", "operator": "LADWP", "size_code": "2 1/2 S BU", "make": "Jones Angle Valve 6", "main_size_in": 8.0, "corner": "E", "street": "SURFVIEW DR", "cross_street": "14 SS SEA REEF DR", "source": "LADWP Fire Hydrants (DWP) - ArcGIS Online copy of LA GeoHub layer; IDs verified against City BOE Palisades layer", "in_perimeter": false, "elev_m": 67.8, "elev_ft": 223.0, "pressure_zone_est": 529, "static_psi_est": 132.5}, "geometry": {"type": "Point", "coordinates": [-118.568147893273, 34.0463085079689]}}, {"type": "Feature", "properties": {"hydrant_id": "33571", "operator": "LADWP", "size_code": "2 1/2 S BU", "make": "Jones Angle Valve 6", "main_size_in": 8.0, "corner": "SW", "street": "TRAMANTO DR", "cross_street": "GIARDINO WAY", "source": "LADWP Fire Hydrants (DWP) - ArcGIS Online copy of LA GeoHub layer; IDs verified against City BOE Palisades layer", "in_perimeter": true, "elev_m": 70.0, "elev_ft": 230.0, "pressure_zone_est": 529, "static_psi_est": 129.5}, "geometry": {"type": "Point", "coordinates": [-118.564240551267, 34.0436177535328]}}, {"type": "Feature", "properties": {"hydrant_id": "33573", "operator": "LADWP", "size_code": "2 1/2 S BU", "make": "Jones Angle Valve 6", "main_size_in": 8.0, "corner": "NE", "street": "TRAMONTO DR", "cross_street": "TRANQUILLO DR", "source": "LADWP Fire Hydrants (DWP) - ArcGIS Online copy of LA GeoHub layer; IDs verified against City BOE Palisades layer", "in_perimeter": false, "elev_m": 89.8, "elev_ft": 295.0, "pressure_zone_est": 529, "static_psi_est": 101.3}, "geometry": {"type": "Point", "coordinates": [-118.562361090422, 34.0429737298904]}}, {"type": "Feature", "properties": {"hydrant_id": "33577", "operator": "LADWP", "size_code": "2 1/2 X 4D", "make": "Clow", "main_size_in": 6.0, "corner": "SE", "street": "NOTTEARGENTA RD", "cross_street": "SABBIADORO WAY", "source": "LADWP Fire Hydrants (DWP) - ArcGIS Online copy of LA GeoHub layer; IDs verified against City BOE Palisades layer", "in_perimeter": false, "elev_m": 104.3, "elev_ft": 342.0, "pressure_zone_est": 529, "static_psi_est": 81.0}, "geometry": {"type": "Point", "coordinates": [-118.561238142298, 34.0445255563373]}}, {"type": "Feature", "properties": {"hydrant_id": "33581", "operator": "LADWP", "size_code": "2 1/2 X 4D", "make": "Rich", "main_size_in": 8.0, "corner": "NE", "street": "PASEO MIRAMAR", "cross_street": "CATALONIA AV", "source": "LADWP Fire Hydrants (DWP) - ArcGIS Online copy of LA GeoHub layer; IDs verified against City BOE Palisades layer", "in_perimeter": true, "elev_m": 123.4, "elev_ft": 405.0, "pressure_zone_est": 529, "static_psi_est": 53.7}, "geometry": {"type": "Point", "coordinates": [-118.555984109828, 34.0469634820213]}}, {"type": "Feature", "properties": {"hydrant_id": "42257", "operator": "LADWP", "size_code": "2 1/2 S BU", "make": "Jones Angle Valve 6", "main_size_in": 8.0, "corner": "N", "street": "VEREDA DE MONTURA", "cross_street": "269 WW MICHAEL LN", "source": "LADWP Fire Hydrants (DWP) - ArcGIS Online copy of LA GeoHub layer; IDs verified against City BOE Palisades layer", "in_perimeter": true, "elev_m": 211.1, "elev_ft": 693.0, "pressure_zone_est": 1137, "static_psi_est": 192.3}, "geometry": {"type": "Point", "coordinates": [-118.566275643481, 34.0775995702373]}}, {"type": "Feature", "properties": {"hydrant_id": "42269", "operator": "LADWP", "size_code": "2 1/2 X 4D", "make": "Rich", "main_size_in": 6.0, "corner": "S", "street": "CALLE DE PALERMO", "cross_street": "490 WW CAMINO DE YATASTO", "source": "LADWP Fire Hydrants (DWP) - ArcGIS Online copy of LA GeoHub layer; IDs verified against City BOE Palisades layer", "in_perimeter": true, "elev_m": 248.8, "elev_ft": 816.0, "pressure_zone_est": 1137, "static_psi_est": 139.0}, "geometry": {"type": "Point", "coordinates": [-118.572865786806, 34.0791990242453]}}, {"type": "Feature", "properties": {"hydrant_id": "42280", "operator": "LADWP", "size_code": "2 1/2 X 4D", "make": "Rich", "main_size_in": 20.0, "corner": "S", "street": "PALISADES DR", "cross_street": "455 WW CURB PALISADES CT", "source": "LADWP Fire Hydrants (DWP) - ArcGIS Online copy of LA GeoHub layer; IDs verified against City BOE Palisades layer", "in_perimeter": true, "elev_m": 266.1, "elev_ft": 873.0, "pressure_zone_est": 1137, "static_psi_est": 114.3}, "geometry": {"type": "Point", "coordinates": [-118.56037846752, 34.0758068850867]}}, {"type": "Feature", "properties": {"hydrant_id": "42196", "operator": "LADWP", "size_code": "2 1/2 X 4D", "make": "Mueller", "main_size_in": 6.0, "corner": "N", "street": "AVE DE HERRADURA", "cross_street": "804 SS MICHAEL LN (LW)", "source": "LADWP Fire Hydrants (DWP) - ArcGIS Online copy of LA GeoHub layer; IDs verified against City BOE Palisades layer", "in_perimeter": true, "elev_m": 258.6, "elev_ft": 848.0, "pressure_zone_est": 1137, "static_psi_est": 125.1}, "geometry": {"type": "Point", "coordinates": [-118.5618662425, 34.078452226174]}}, {"type": "Feature", "properties": {"hydrant_id": "42187", "operator": "LADWP", "size_code": "2 1/2 X 4D", "make": "Mueller", "main_size_in": 8.0, "corner": "N", "street": "MICHAEL LN", "cross_street": "631 EE AVE DE HERRADURA", "source": "LADWP Fire Hydrants (DWP) - ArcGIS Online copy of LA GeoHub layer; IDs verified against City BOE Palisades layer", "in_perimeter": true, "elev_m": 265.3, "elev_ft": 870.0, "pressure_zone_est": 1137, "static_psi_est": 115.6}, "geometry": {"type": "Point", "coordinates": [-118.560849556111, 34.0792178462714]}}, {"type": "Feature", "properties": {"hydrant_id": "41963", "operator": "LADWP", "size_code": "2 1/2 S BU", "make": "Jones Angle Valve 6", "main_size_in": 24.0, "corner": "E", "street": "PALISADES DR", "cross_street": "303 SS PALISADES CIR(N)", "source": "LADWP Fire Hydrants (DWP) - ArcGIS Online copy of LA GeoHub layer; IDs verified against City BOE Palisades layer", "in_perimeter": true, "elev_m": 199.7, "elev_ft": 655.0, "pressure_zone_est": 1137, "static_psi_est": 208.7}, "geometry": {"type": "Point", "coordinates": [-118.564615277951, 34.074794172599]}}, {"type": "Feature", "properties": {"hydrant_id": "32906", "operator": "LADWP", "size_code": "2 1/2 X 4D", "make": "Clow", "main_size_in": 6.0, "corner": "SW", "street": "NAPOLI DR", "cross_street": "PARMA PL", "source": "LADWP Fire Hydrants (DWP) - ArcGIS Online copy of LA GeoHub layer; IDs verified against City BOE Palisades layer", "in_perimeter": false, "elev_m": 80.2, "elev_ft": 263.0, "pressure_zone_est": 529, "static_psi_est": 115.2}, "geometry": {"type": "Point", "coordinates": [-118.509453288207, 34.0424296831678]}}, {"type": "Feature", "properties": {"hydrant_id": "37161", "operator": "LADWP", "size_code": "2 1/2 S", "make": "Van De Venter", "main_size_in": 12.0, "corner": null, "street": null, "cross_street": null, "source": "LADWP Fire Hydrants (DWP) - ArcGIS Online copy of LA GeoHub layer; IDs verified against City BOE Palisades layer", "in_perimeter": false, "elev_m": 355.3, "elev_ft": 1166.0, "pressure_zone_est": 1345, "static_psi_est": 77.5}, "geometry": {"type": "Point", "coordinates": [-118.495868551239, 34.0858869402681]}}, {"type": "Feature", "properties": {"hydrant_id": "41981", "operator": "LADWP", "size_code": "2 1/2 X 4D", "make": "Rich", "main_size_in": 4.0, "corner": "W", "street": "STASSI LN", "cross_street": "435 SS ENTRADA DR", "source": "LADWP Fire Hydrants (DWP) - ArcGIS Online copy of LA GeoHub layer; IDs verified against City BOE Palisades layer", "in_perimeter": false, "elev_m": 44.7, "elev_ft": 147.0, "pressure_zone_est": 529, "static_psi_est": 165.4}, "geometry": {"type": "Point", "coordinates": [-118.510239783271, 34.0328880644905]}}, {"type": "Feature", "properties": {"hydrant_id": "39591", "operator": "LADWP", "size_code": "4 S BU", "make": "Jones Angle Valve 6", "main_size_in": 8.0, "corner": "W", "street": "RIVAS CANYON RD", "cross_street": "530 NN SUNSET BLVD", "source": "LADWP Fire Hydrants (DWP) - ArcGIS Online copy of LA GeoHub layer; IDs verified against City BOE Palisades layer", "in_perimeter": true, "elev_m": 71.8, "elev_ft": 236.0, "pressure_zone_est": 529, "static_psi_est": 126.9}, "geometry": {"type": "Point", "coordinates": [-118.514885345525, 34.0474549388254]}}, {"type": "Feature", "properties": {"hydrant_id": "32889", "operator": "LADWP", "size_code": "4S", "make": "Rich", "main_size_in": 6.0, "corner": "SE", "street": "TOYOPA DR", "cross_street": "PAMPAS RICAS BLVD", "source": "LADWP Fire Hydrants (DWP) - ArcGIS Online copy of LA GeoHub layer; IDs verified against City BOE Palisades layer", "in_perimeter": false, "elev_m": 87.8, "elev_ft": 288.0, "pressure_zone_est": 529, "static_psi_est": 104.4}, "geometry": {"type": "Point", "coordinates": [-118.51931825141, 34.0406152922486]}}, {"type": "Feature", "properties": {"hydrant_id": "32878", "operator": "LADWP", "size_code": "2 1/2 X 4D", "make": "Clow", "main_size_in": 6.0, "corner": "SE", "street": "DRUMMOND DR", "cross_street": "TOYOPA DR", "source": "LADWP Fire Hydrants (DWP) - ArcGIS Online copy of LA GeoHub layer; IDs verified against City BOE Palisades layer", "in_perimeter": true, "elev_m": 91.5, "elev_ft": 300.0, "pressure_zone_est": 529, "static_psi_est": 99.2}, "geometry": {"type": "Point", "coordinates": [-118.520977497918, 34.0424332154856]}}, {"type": "Feature", "properties": {"hydrant_id": "32891", "operator": "LADWP", "size_code": "2 1/2 X 4D", "make": "Clow", "main_size_in": 8.0, "corner": "SE", "street": "CHAUTAUQUA BLVD", "cross_street": "BORGOS PL", "source": "LADWP Fire Hydrants (DWP) - ArcGIS Online copy of LA GeoHub layer; IDs verified against City BOE Palisades layer", "in_perimeter": false, "elev_m": 81.1, "elev_ft": 266.0, "pressure_zone_est": 529, "static_psi_est": 113.9}, "geometry": {"type": "Point", "coordinates": [-118.518097329616, 34.0383981495365]}}, {"type": "Feature", "properties": {"hydrant_id": "32830", "operator": "LADWP", "size_code": "2 1/2 S BU", "make": "Jones Angle Valve 4", "main_size_in": 4.0, "corner": "N", "street": "CASTELLAMARE DR", "cross_street": "463'SS TRAMONTO DR", "source": "LADWP Fire Hydrants (DWP) - ArcGIS Online copy of LA GeoHub layer; IDs verified against City BOE Palisades layer", "in_perimeter": true, "elev_m": 55.0, "elev_ft": 180.0, "pressure_zone_est": 529, "static_psi_est": 151.1}, "geometry": {"type": "Point", "coordinates": [-118.565014250391, 34.0424852420346]}}, {"type": "Feature", "properties": {"hydrant_id": "42025", "operator": "LADWP", "size_code": "2 1/2 X 4D", "make": "Mueller", "main_size_in": 16.0, "corner": "N", "street": "SUNSET BL", "cross_street": "290 EE LAS LOMAS AV LN", "source": "LADWP Fire Hydrants (DWP) - ArcGIS Online copy of LA GeoHub layer; IDs verified against City BOE Palisades layer", "in_perimeter": true, "elev_m": 91.6, "elev_ft": 300.0, "pressure_zone_est": 529, "static_psi_est": 99.2}, "geometry": {"type": "Point", "coordinates": [-118.537649324797, 34.0488091492711]}}, {"type": "Feature", "properties": {"hydrant_id": "32642", "operator": "LADWP", "size_code": "2 1/2 X 4D", "make": "Jones", "main_size_in": 6.0, "corner": "W", "street": "DE PAUW ST", "cross_street": "867' SS LOMBARD AVE", "source": "LADWP Fire Hydrants (DWP) - ArcGIS Online copy of LA GeoHub layer; IDs verified against City BOE Palisades layer", "in_perimeter": true, "elev_m": 81.2, "elev_ft": 266.0, "pressure_zone_est": 529, "static_psi_est": 113.9}, "geometry": {"type": "Point", "coordinates": [-118.525096574024, 34.036887786273]}}, {"type": "Feature", "properties": {"hydrant_id": "32650", "operator": "LADWP", "size_code": "2 1/2 X 4D", "make": "Clow", "main_size_in": 6.0, "corner": "NW", "street": "OCAMPO DR", "cross_street": "ALMOLOYA DR", "source": "LADWP Fire Hydrants (DWP) - ArcGIS Online copy of LA GeoHub layer; IDs verified against City BOE Palisades layer", "in_perimeter": true, "elev_m": 82.7, "elev_ft": 271.0, "pressure_zone_est": 529, "static_psi_est": 111.7}, "geometry": {"type": "Point", "coordinates": [-118.520806553688, 34.0372589222547]}}, {"type": "Feature", "properties": {"hydrant_id": "32844", "operator": "LADWP", "size_code": "2 1/2 S BU", "make": "Jones Angle Valve 6", "main_size_in": 6.0, "corner": "N", "street": "REVELLO DR", "cross_street": "249'EE POSETANO RD (LN)", "source": "LADWP Fire Hydrants (DWP) - ArcGIS Online copy of LA GeoHub layer; IDs verified against City BOE Palisades layer", "in_perimeter": true, "elev_m": 52.0, "elev_ft": 171.0, "pressure_zone_est": 529, "static_psi_est": 155.0}, "geometry": {"type": "Point", "coordinates": [-118.560170520055, 34.0412708970598]}}, {"type": "Feature", "properties": {"hydrant_id": "43044", "operator": "LADWP", "size_code": "2 1/2 X 4D", "make": "Long Beach Iron Works", "main_size_in": 8.0, "corner": "N", "street": "CASTELLAMMARE DR", "cross_street": "525 WW SUNSET BL", "source": "LADWP Fire Hydrants (DWP) - ArcGIS Online copy of LA GeoHub layer; IDs verified against City BOE Palisades layer", "in_perimeter": false, "elev_m": 21.6, "elev_ft": 71.0, "pressure_zone_est": 529, "static_psi_est": 198.3}, "geometry": {"type": "Point", "coordinates": [-118.556312624584, 34.0393203293045]}}, {"type": "Feature", "properties": {"hydrant_id": "39934", "operator": "LADWP", "size_code": "2 1/2 S BU", "make": "Jones Angle Valve 6", "main_size_in": 12.0, "corner": "S", "street": "LOS LIONES DR", "cross_street": "23 EE TRAMONTO DR", "source": "LADWP Fire Hydrants (DWP) - ArcGIS Online copy of LA GeoHub layer; IDs verified against City BOE Palisades layer", "in_perimeter": false, "elev_m": 29.2, "elev_ft": 96.0, "pressure_zone_est": 529, "static_psi_est": 187.5}, "geometry": {"type": "Point", "coordinates": [-118.555238125581, 34.0421041180839]}}, {"type": "Feature", "properties": {"hydrant_id": "40579", "operator": "LADWP", "size_code": "2 1/2 X 4D", "make": "Rich", "main_size_in": 12.0, "corner": "W", "street": "TRAMONTO DR", "cross_street": "256 SS LOS LOINES", "source": "LADWP Fire Hydrants (DWP) - ArcGIS Online copy of LA GeoHub layer; IDs verified against City BOE Palisades layer", "in_perimeter": false, "elev_m": 40.6, "elev_ft": 133.0, "pressure_zone_est": 529, "static_psi_est": 171.5}, "geometry": {"type": "Point", "coordinates": [-118.555265750914, 34.041611016908]}}, {"type": "Feature", "properties": {"hydrant_id": "40788", "operator": "LADWP", "size_code": "2 1/2 X 4D", "make": "Rich", "main_size_in": 12.0, "corner": "S", "street": "TRAMONTO DR", "cross_street": "575 SS LOS LIONES", "source": "LADWP Fire Hydrants (DWP) - ArcGIS Online copy of LA GeoHub layer; IDs verified against City BOE Palisades layer", "in_perimeter": false, "elev_m": 53.9, "elev_ft": 177.0, "pressure_zone_est": 529, "static_psi_est": 152.4}, "geometry": {"type": "Point", "coordinates": [-118.556028335932, 34.0415475759327]}}, {"type": "Feature", "properties": {"hydrant_id": "39869", "operator": "LADWP", "size_code": "2 1/2 S BU", "make": "Jones Angle Valve 6", "main_size_in": 6.0, "corner": null, "street": null, "cross_street": null, "source": "LADWP Fire Hydrants (DWP) - ArcGIS Online copy of LA GeoHub layer; IDs verified against City BOE Palisades layer", "in_perimeter": false, "elev_m": 235.1, "elev_ft": 771.0, "pressure_zone_est": 1137, "static_psi_est": 158.5}, "geometry": {"type": "Point", "coordinates": [-118.493544500869, 34.0746707193277]}}, {"type": "Feature", "properties": {"hydrant_id": "33610", "operator": "LADWP", "size_code": "2 1/2 X 4D", "make": "Clow", "main_size_in": 8.0, "corner": "W", "street": "CAPRI DR", "cross_street": "651' NN ROMANY DR", "source": "LADWP Fire Hydrants (DWP) - ArcGIS Online copy of LA GeoHub layer; IDs verified against City BOE Palisades layer", "in_perimeter": false, "elev_m": 149.6, "elev_ft": 491.0, "pressure_zone_est": 720, "static_psi_est": 99.2}, "geometry": {"type": "Point", "coordinates": [-118.502607392413, 34.0565906588599]}}, {"type": "Feature", "properties": {"hydrant_id": "38197", "operator": "LADWP", "size_code": "2 1/2 X 4D", "make": "Jones", "main_size_in": 8.0, "corner": "SW", "street": "ALLENFORD AVE", "cross_street": "BRINKLEY AVE", "source": "LADWP Fire Hydrants (DWP) - ArcGIS Online copy of LA GeoHub layer; IDs verified against City BOE Palisades layer", "in_perimeter": false, "elev_m": 108.0, "elev_ft": 354.0, "pressure_zone_est": 529, "static_psi_est": 75.8}, "geometry": {"type": "Point", "coordinates": [-118.49590097113, 34.0545877435629]}}, {"type": "Feature", "properties": {"hydrant_id": "38467", "operator": "LADWP", "size_code": "2 1/2 X 4D", "make": "Van De Venter", "main_size_in": 8.0, "corner": "N", "street": "ALLENFORD AVE", "cross_street": "139 EE LONGWORTH DR", "source": "LADWP Fire Hydrants (DWP) - ArcGIS Online copy of LA GeoHub layer; IDs verified against City BOE Palisades layer", "in_perimeter": false, "elev_m": 107.4, "elev_ft": 352.0, "pressure_zone_est": 529, "static_psi_est": 76.6}, "geometry": {"type": "Point", "coordinates": [-118.496142043328, 34.0548665990437]}}, {"type": "Feature", "properties": {"hydrant_id": "42989", "operator": "LADWP", "size_code": "2 1/2 S BU", "make": "Jones Angle Valve 6", "main_size_in": 6.0, "corner": "NE", "street": "VIA CRESTA (PVT)", "cross_street": "SHADOW MTN DR (PVT)", "source": "LADWP Fire Hydrants (DWP) - ArcGIS Online copy of LA GeoHub layer; IDs verified against City BOE Palisades layer", "in_perimeter": true, "elev_m": 195.7, "elev_ft": 642.0, "pressure_zone_est": 1137, "static_psi_est": 214.3}, "geometry": {"type": "Point", "coordinates": [-118.538454202957, 34.057280224976]}}, {"type": "Feature", "properties": {"hydrant_id": "33086", "operator": "LADWP", "size_code": "2 1/2 X 4D", "make": "Rich", "main_size_in": 6.0, "corner": "W", "street": "PALMERA AVE", "cross_street": "366EE LAS LOMAS AVE", "source": "LADWP Fire Hydrants (DWP) - ArcGIS Online copy of LA GeoHub layer; IDs verified against City BOE Palisades layer", "in_perimeter": true, "elev_m": 87.0, "elev_ft": 286.0, "pressure_zone_est": 529, "static_psi_est": 105.2}, "geometry": {"type": "Point", "coordinates": [-118.538489475388, 34.0465925494211]}}, {"type": "Feature", "properties": {"hydrant_id": "33091", "operator": "LADWP", "size_code": "2 1/2 X 4D", "make": "Clow", "main_size_in": 8.0, "corner": "SW", "street": "WILDOMAR ST", "cross_street": "JUNALUSKA WAY", "source": "LADWP Fire Hydrants (DWP) - ArcGIS Online copy of LA GeoHub layer; IDs verified against City BOE Palisades layer", "in_perimeter": true, "elev_m": 95.8, "elev_ft": 314.0, "pressure_zone_est": 529, "static_psi_est": 93.1}, "geometry": {"type": "Point", "coordinates": [-118.535865387597, 34.0473706670006]}}, {"type": "Feature", "properties": {"hydrant_id": "33092", "operator": "LADWP", "size_code": "2 1/2 S", "make": "Keystone", "main_size_in": 8.0, "corner": "SW", "street": "ALMAR AVE", "cross_street": "MUSKINGUM PL", "source": "LADWP Fire Hydrants (DWP) - ArcGIS Online copy of LA GeoHub layer; IDs verified against City BOE Palisades layer", "in_perimeter": true, "elev_m": 85.5, "elev_ft": 281.0, "pressure_zone_est": 529, "static_psi_est": 107.4}, "geometry": {"type": "Point", "coordinates": [-118.537051117561, 34.0432498984894]}}, {"type": "Feature", "properties": {"hydrant_id": "33117", "operator": "LADWP", "size_code": "2 1/2 X 4D", "make": "Long Beach Iron Works", "main_size_in": 6.0, "corner": "NE", "street": "MONUMENT ST", "cross_street": "SUNSET BLVD", "source": "LADWP Fire Hydrants (DWP) - ArcGIS Online copy of LA GeoHub layer; IDs verified against City BOE Palisades layer", "in_perimeter": true, "elev_m": 96.2, "elev_ft": 316.0, "pressure_zone_est": 529, "static_psi_est": 92.2}, "geometry": {"type": "Point", "coordinates": [-118.523862146625, 34.0461534508172]}}, {"type": "Feature", "properties": {"hydrant_id": "37521", "operator": "LADWP", "size_code": "2 1/2 X 4D", "make": "Van De Venter", "main_size_in": 8.0, "corner": "NW", "street": "LA CRUZ DRIVE", "cross_street": "SUNSET BLVD", "source": "LADWP Fire Hydrants (DWP) - ArcGIS Online copy of LA GeoHub layer; IDs verified against City BOE Palisades layer", "in_perimeter": true, "elev_m": 95.9, "elev_ft": 315.0, "pressure_zone_est": 529, "static_psi_est": 92.7}, "geometry": {"type": "Point", "coordinates": [-118.524537047254, 34.0460784429313]}}, {"type": "Feature", "properties": {"hydrant_id": "33112", "operator": "LADWP", "size_code": "2 1/2 X 4D", "make": "Clow", "main_size_in": 6.0, "corner": "SW", "street": "CAREY ST", "cross_street": "SUNSET BLVD", "source": "LADWP Fire Hydrants (DWP) - ArcGIS Online copy of LA GeoHub layer; IDs verified against City BOE Palisades layer", "in_perimeter": true, "elev_m": 94.1, "elev_ft": 309.0, "pressure_zone_est": 529, "static_psi_est": 95.3}, "geometry": {"type": "Point", "coordinates": [-118.523008898478, 34.0447461864381]}}, {"type": "Feature", "properties": {"hydrant_id": "44491", "operator": "LADWP", "size_code": "2 1/2 X 4D", "make": "Clow", "main_size_in": 6.0, "corner": "NW", "street": "TOYOPA DR", "cross_street": "ALMA REAL DR", "source": "LADWP Fire Hydrants (DWP) - ArcGIS Online copy of LA GeoHub layer; IDs verified against City BOE Palisades layer", "in_perimeter": true, "elev_m": 92.1, "elev_ft": 302.0, "pressure_zone_est": 529, "static_psi_est": 98.3}, "geometry": {"type": "Point", "coordinates": [-118.524451749069, 34.044303946685]}}, {"type": "Feature", "properties": {"hydrant_id": "32837", "operator": "LADWP", "size_code": "2 1/2 X 4D", "make": "Rich", "main_size_in": 8.0, "corner": "N", "street": "CASTELLAMARE DR", "cross_street": "463 EE STRETTO WY", "source": "LADWP Fire Hydrants (DWP) - ArcGIS Online copy of LA GeoHub layer; IDs verified against City BOE Palisades layer", "in_perimeter": false, "elev_m": 22.5, "elev_ft": 74.0, "pressure_zone_est": 529, "static_psi_est": 197.0}, "geometry": {"type": "Point", "coordinates": [-118.556717872968, 34.0390730738437]}}, {"type": "Feature", "properties": {"hydrant_id": "33348", "operator": "LADWP", "size_code": "2 1/2 X 4D", "make": "Clow", "main_size_in": 6.0, "corner": "NW", "street": "MONACO DR", "cross_street": "SUNSET BLVD", "source": "LADWP Fire Hydrants (DWP) - ArcGIS Online copy of LA GeoHub layer; IDs verified against City BOE Palisades layer", "in_perimeter": false, "elev_m": 132.2, "elev_ft": 434.0, "pressure_zone_est": 720, "static_psi_est": 123.8}, "geometry": {"type": "Point", "coordinates": [-118.501157652077, 34.0532034724085]}}, {"type": "Feature", "properties": {"hydrant_id": "42213", "operator": "LADWP", "size_code": "2 1/2 X 4D", "make": "Mueller", "main_size_in": 6.0, "corner": "E", "street": "EMBURY ST", "cross_street": "454 SS BESTOR BL", "source": "LADWP Fire Hydrants (DWP) - ArcGIS Online copy of LA GeoHub layer; IDs verified against City BOE Palisades layer", "in_perimeter": true, "elev_m": 110.6, "elev_ft": 363.0, "pressure_zone_est": 529, "static_psi_est": 71.9}, "geometry": {"type": "Point", "coordinates": [-118.523667762871, 34.0501595468339]}}, {"type": "Feature", "properties": {"hydrant_id": "36745", "operator": "LADWP", "size_code": "2 1/2 S", "make": "Van De Venter", "main_size_in": 12.0, "corner": "N", "street": "RW S VILLA VIEW", "cross_street": "1350 S VILLA VIEW", "source": "LADWP Fire Hydrants (DWP) - ArcGIS Online copy of LA GeoHub layer; IDs verified against City BOE Palisades layer", "in_perimeter": true, "elev_m": 82.9, "elev_ft": 272.0, "pressure_zone_est": 529, "static_psi_est": 111.3}, "geometry": {"type": "Point", "coordinates": [-118.512345821455, 34.0497641083469]}}, {"type": "Feature", "properties": {"hydrant_id": "42354", "operator": "LADWP", "size_code": "2 1/2 X 4D", "make": "Mueller", "main_size_in": 6.0, "corner": "E", "street": "EVANS (PVT) RD", "cross_street": "636 NN SUNSET BL", "source": "LADWP Fire Hydrants (DWP) - ArcGIS Online copy of LA GeoHub layer; IDs verified against City BOE Palisades layer", "in_perimeter": true, "elev_m": 77.0, "elev_ft": 253.0, "pressure_zone_est": 529, "static_psi_est": 119.5}, "geometry": {"type": "Point", "coordinates": [-118.509171897555, 34.0522888071766]}}, {"type": "Feature", "properties": {"hydrant_id": "33337", "operator": "LADWP", "size_code": "2 1/2 X 4D", "make": "Clow", "main_size_in": 8.0, "corner": "SE", "street": "SUNSET BLVD", "cross_street": "NAPOLI DR", "source": "LADWP Fire Hydrants (DWP) - ArcGIS Online copy of LA GeoHub layer; IDs verified against City BOE Palisades layer", "in_perimeter": false, "elev_m": 125.8, "elev_ft": 413.0, "pressure_zone_est": 529, "static_psi_est": 50.2}, "geometry": {"type": "Point", "coordinates": [-118.504923664884, 34.0506836007485]}}, {"type": "Feature", "properties": {"hydrant_id": "33316", "operator": "LADWP", "size_code": "2 1/2 X 4D", "make": "Clow", "main_size_in": 6.0, "corner": "N", "street": "AKRON ST", "cross_street": "51' EE CHATTANOOGA AVE", "source": "LADWP Fire Hydrants (DWP) - ArcGIS Online copy of LA GeoHub layer; IDs verified against City BOE Palisades layer", "in_perimeter": true, "elev_m": 115.9, "elev_ft": 380.0, "pressure_zone_est": 529, "static_psi_est": 64.5}, "geometry": {"type": "Point", "coordinates": [-118.543144433986, 34.0506548892869]}}, {"type": "Feature", "properties": {"hydrant_id": "37182", "operator": "LADWP", "size_code": "2 1/2 X 4D", "make": "Van De Venter", "main_size_in": 16.0, "corner": "SW", "street": "MARQUEZ AVE", "cross_street": "EDGAR ST", "source": "LADWP Fire Hydrants (DWP) - ArcGIS Online copy of LA GeoHub layer; IDs verified against City BOE Palisades layer", "in_perimeter": true, "elev_m": 85.8, "elev_ft": 281.0, "pressure_zone_est": 529, "static_psi_est": 107.4}, "geometry": {"type": "Point", "coordinates": [-118.548221252377, 34.0446274546782]}}, {"type": "Feature", "properties": {"hydrant_id": "38297", "operator": "LADWP", "size_code": "4S", "make": "Rich", "main_size_in": 8.0, "corner": "NW", "street": "VIA SANTA YNEZ", "cross_street": "JACON WAY", "source": "LADWP Fire Hydrants (DWP) - ArcGIS Online copy of LA GeoHub layer; IDs verified against City BOE Palisades layer", "in_perimeter": true, "elev_m": 108.0, "elev_ft": 354.0, "pressure_zone_est": 529, "static_psi_est": 75.8}, "geometry": {"type": "Point", "coordinates": [-118.547359616519, 34.0472717383714]}}, {"type": "Feature", "properties": {"hydrant_id": "33586", "operator": "LADWP", "size_code": "2 1/2 S BU", "make": "Jones Angle Valve 4", "main_size_in": 8.0, "corner": "NW", "street": "PASEO MIARAMAR", "cross_street": "SUNSET BLVD", "source": "LADWP Fire Hydrants (DWP) - ArcGIS Online copy of LA GeoHub layer; IDs verified against City BOE Palisades layer", "in_perimeter": true, "elev_m": 26.2, "elev_ft": 86.0, "pressure_zone_est": 529, "static_psi_est": 191.8}, "geometry": {"type": "Point", "coordinates": [-118.554089528586, 34.0428064267342]}}, {"type": "Feature", "properties": {"hydrant_id": "37185", "operator": "LADWP", "size_code": "2 1/2 S", "make": "Van De Venter", "main_size_in": 8.0, "corner": "NW", "street": "SUNSET BLVD", "cross_street": "LIVORNO DR", "source": "LADWP Fire Hydrants (DWP) - ArcGIS Online copy of LA GeoHub layer; IDs verified against City BOE Palisades layer", "in_perimeter": true, "elev_m": 74.8, "elev_ft": 246.0, "pressure_zone_est": 529, "static_psi_est": 122.5}, "geometry": {"type": "Point", "coordinates": [-118.543975891035, 34.0453282982691]}}, {"type": "Feature", "properties": {"hydrant_id": "33081", "operator": "LADWP", "size_code": "4S", "make": "Rich", "main_size_in": 6.0, "corner": "NW", "street": "LAS CASAS AVE", "cross_street": "MARQUETTE ST", "source": "LADWP Fire Hydrants (DWP) - ArcGIS Online copy of LA GeoHub layer; IDs verified against City BOE Palisades layer", "in_perimeter": true, "elev_m": 78.5, "elev_ft": 257.0, "pressure_zone_est": 529, "static_psi_est": 117.8}, "geometry": {"type": "Point", "coordinates": [-118.543533719608, 34.0438351291844]}}, {"type": "Feature", "properties": {"hydrant_id": "43314", "operator": "LADWP", "size_code": "2 1/2 X 4D", "make": "Long Beach Iron Works", "main_size_in": 8.0, "corner": "N", "street": "CALLE DE SARAH PVT", "cross_street": "339'WW CALLE DEL CIELO", "source": "LADWP Fire Hydrants (DWP) - ArcGIS Online copy of LA GeoHub layer; IDs verified against City BOE Palisades layer", "in_perimeter": true, "elev_m": 439.2, "elev_ft": 1441.0, "pressure_zone_est": 1645, "static_psi_est": 88.3}, "geometry": {"type": "Point", "coordinates": [-118.550204747578, 34.0776952446319]}}, {"type": "Feature", "properties": {"hydrant_id": "43318", "operator": "LADWP", "size_code": "2 1/2 X 4D", "make": "Long Beach Iron Works", "main_size_in": 8.0, "corner": "N", "street": "CALLE DE NANCY PVT", "cross_street": "324'WW CALLE DEBORAH PVT", "source": "LADWP Fire Hydrants (DWP) - ArcGIS Online copy of LA GeoHub layer; IDs verified against City BOE Palisades layer", "in_perimeter": true, "elev_m": 457.9, "elev_ft": 1502.0, "pressure_zone_est": 1645, "static_psi_est": 61.9}, "geometry": {"type": "Point", "coordinates": [-118.547946409256, 34.0765359468271]}}, {"type": "Feature", "properties": {"hydrant_id": "43334", "operator": "LADWP", "size_code": "2 1/2 X 4D", "make": "Long Beach Iron Works", "main_size_in": 12.0, "corner": "NE", "street": "CHASTAIN PKWY EAST", "cross_street": "CALLE PATRICIA", "source": "LADWP Fire Hydrants (DWP) - ArcGIS Online copy of LA GeoHub layer; IDs verified against City BOE Palisades layer", "in_perimeter": true, "elev_m": 436.0, "elev_ft": 1430.0, "pressure_zone_est": 1645, "static_psi_est": 93.1}, "geometry": {"type": "Point", "coordinates": [-118.549294457502, 34.0765086381556]}}, {"type": "Feature", "properties": {"hydrant_id": "43322", "operator": "LADWP", "size_code": "2 1/2 X 4D", "make": "Long Beach Iron Works", "main_size_in": 8.0, "corner": "N", "street": "CALLE ARBOLADA", "cross_street": "396'EE CHASTAIN PKWY W", "source": "LADWP Fire Hydrants (DWP) - ArcGIS Online copy of LA GeoHub layer; IDs verified against City BOE Palisades layer", "in_perimeter": true, "elev_m": 398.3, "elev_ft": 1307.0, "pressure_zone_est": 1645, "static_psi_est": 146.4}, "geometry": {"type": "Point", "coordinates": [-118.551594492207, 34.0758907326763]}}, {"type": "Feature", "properties": {"hydrant_id": "35797", "operator": "LADWP", "size_code": "2 1/2 S", "make": "Greenberg", "main_size_in": 8.0, "corner": "N", "street": "SUNSET BLVD", "cross_street": "82 WW MARQUEZ LN AV", "source": "LADWP Fire Hydrants (DWP) - ArcGIS Online copy of LA GeoHub layer; IDs verified against City BOE Palisades layer", "in_perimeter": true, "elev_m": 69.5, "elev_ft": 228.0, "pressure_zone_est": 529, "static_psi_est": 130.3}, "geometry": {"type": "Point", "coordinates": [-118.550166824153, 34.0416010805757]}}, {"type": "Feature", "properties": {"hydrant_id": "32514", "operator": "LADWP", "size_code": "2 1/2 X 4D", "make": "Clow", "main_size_in": 6.0, "corner": "NE", "street": "WEST CHANNEL RD", "cross_street": "SHORT ST", "source": "LADWP Fire Hydrants (DWP) - ArcGIS Online copy of LA GeoHub layer; IDs verified against City BOE Palisades layer", "in_perimeter": false, "elev_m": 7.8, "elev_ft": 26.0, "pressure_zone_est": 529, "static_psi_est": 217.8}, "geometry": {"type": "Point", "coordinates": [-118.517835361694, 34.0294289908114]}}, {"type": "Feature", "properties": {"hydrant_id": "44375", "operator": "LADWP", "size_code": "2 1/2 X 4D", "make": "Clow", "main_size_in": 4.0, "corner": "W", "street": "OCEAN WAY", "cross_street": "267'NN OCEAN WAY (LE)", "source": "LADWP Fire Hydrants (DWP) - ArcGIS Online copy of LA GeoHub layer; IDs verified against City BOE Palisades layer", "in_perimeter": false, "elev_m": 16.6, "elev_ft": 55.0, "pressure_zone_est": 529, "static_psi_est": 205.2}, "geometry": {"type": "Point", "coordinates": [-118.517169824982, 34.0281090626266]}}, {"type": "Feature", "properties": {"hydrant_id": "44504", "operator": "LADWP", "size_code": "2 1/2 X 4D", "make": "Clow", "main_size_in": 6.0, "corner": "SE", "street": "CORONA DEL MAR DR", "cross_street": "TOYOPA DR", "source": "LADWP Fire Hydrants (DWP) - ArcGIS Online copy of LA GeoHub layer; IDs verified against City BOE Palisades layer", "in_perimeter": false, "elev_m": 55.4, "elev_ft": 182.0, "pressure_zone_est": 529, "static_psi_est": 150.3}, "geometry": {"type": "Point", "coordinates": [-118.520543175954, 34.0301361127555]}}, {"type": "Feature", "properties": {"hydrant_id": "37193", "operator": "LADWP", "size_code": "2 1/2 S BU", "make": "Jones Angle Valve 6", "main_size_in": 6.0, "corner": null, "street": null, "cross_street": null, "source": "LADWP Fire Hydrants (DWP) - ArcGIS Online copy of LA GeoHub layer; IDs verified against City BOE Palisades layer", "in_perimeter": false, "elev_m": 224.1, "elev_ft": 735.0, "pressure_zone_est": 1137, "static_psi_est": 174.1}, "geometry": {"type": "Point", "coordinates": [-118.50560113835, 34.0736371906739]}}, {"type": "Feature", "properties": {"hydrant_id": "42199", "operator": "LADWP", "size_code": "2 1/2 S BU", "make": "Jones Angle Valve 6", "main_size_in": 8.0, "corner": "W", "street": "MICHAEL LN", "cross_street": "583 NN VEREDA DE MONTURA", "source": "LADWP Fire Hydrants (DWP) - ArcGIS Online copy of LA GeoHub layer; IDs verified against City BOE Palisades layer", "in_perimeter": true, "elev_m": 223.2, "elev_ft": 732.0, "pressure_zone_est": 1137, "static_psi_est": 175.4}, "geometry": {"type": "Point", "coordinates": [-118.565188858648, 34.078857788019]}}, {"type": "Feature", "properties": {"hydrant_id": "33336", "operator": "LADWP", "size_code": "2 1/2 X 4D", "make": "Clow", "main_size_in": 8.0, "corner": "SE", "street": "SUNSET BLVD", "cross_street": "MINORCA DR", "source": "LADWP Fire Hydrants (DWP) - ArcGIS Online copy of LA GeoHub layer; IDs verified against City BOE Palisades layer", "in_perimeter": false, "elev_m": 117.4, "elev_ft": 385.0, "pressure_zone_est": 529, "static_psi_est": 62.4}, "geometry": {"type": "Point", "coordinates": [-118.506581477772, 34.0484343749871]}}, {"type": "Feature", "properties": {"hydrant_id": "37431", "operator": "LADWP", "size_code": "2 1/2 S BU", "make": "Jones Angle Valve 6", "main_size_in": 6.0, "corner": "S", "street": "RW NO SUNSET BL", "cross_street": "1276 WW ROMANY DR", "source": "LADWP Fire Hydrants (DWP) - ArcGIS Online copy of LA GeoHub layer; IDs verified against City BOE Palisades layer", "in_perimeter": true, "elev_m": 119.0, "elev_ft": 390.0, "pressure_zone_est": 529, "static_psi_est": 60.2}, "geometry": {"type": "Point", "coordinates": [-118.509603115416, 34.0534753716597]}}, {"type": "Feature", "properties": {"hydrant_id": "33593", "operator": "LADWP", "size_code": "4S", "make": "Rich", "main_size_in": 8.0, "corner": "SW", "street": "ARNO WAY", "cross_street": "ADERNO WAY", "source": "LADWP Fire Hydrants (DWP) - ArcGIS Online copy of LA GeoHub layer; IDs verified against City BOE Palisades layer", "in_perimeter": true, "elev_m": 66.7, "elev_ft": 219.0, "pressure_zone_est": 529, "static_psi_est": 134.2}, "geometry": {"type": "Point", "coordinates": [-118.544989596795, 34.0429536637002]}}, {"type": "Feature", "properties": {"hydrant_id": "43059", "operator": "LADWP", "size_code": "2 1/2 S BU", "make": "Jones Angle Valve 6", "main_size_in": 36.0, "corner": "W", "street": "PALISADES DR", "cross_street": "1200 NN SUNSET BLVD", "source": "LADWP Fire Hydrants (DWP) - ArcGIS Online copy of LA GeoHub layer; IDs verified against City BOE Palisades layer", "in_perimeter": false, "elev_m": 53.5, "elev_ft": 175.0, "pressure_zone_est": 529, "static_psi_est": 153.3}, "geometry": {"type": "Point", "coordinates": [-118.552927567747, 34.0477137075199]}}, {"type": "Feature", "properties": {"hydrant_id": "37648", "operator": "LADWP", "size_code": "2 1/2 S BU", "make": "Jones Angle Valve 6", "main_size_in": 6.0, "corner": "SE", "street": "LUCERO AVE", "cross_street": "LUCERO PL", "source": "LADWP Fire Hydrants (DWP) - ArcGIS Online copy of LA GeoHub layer; IDs verified against City BOE Palisades layer", "in_perimeter": true, "elev_m": 97.0, "elev_ft": 318.0, "pressure_zone_est": 529, "static_psi_est": 91.4}, "geometry": {"type": "Point", "coordinates": [-118.553983437889, 34.0465462032438]}}, {"type": "Feature", "properties": {"hydrant_id": "33080", "operator": "LADWP", "size_code": "2 1/2 S", "make": "Van De Venter", "main_size_in": 6.0, "corner": "W", "street": "MARQUETTE ST", "cross_street": "733 N N LAS CASAS", "source": "LADWP Fire Hydrants (DWP) - ArcGIS Online copy of LA GeoHub layer; IDs verified against City BOE Palisades layer", "in_perimeter": true, "elev_m": 79.8, "elev_ft": 262.0, "pressure_zone_est": 529, "static_psi_est": 115.6}, "geometry": {"type": "Point", "coordinates": [-118.54233879087, 34.0455771748863]}}, {"type": "Feature", "properties": {"hydrant_id": "32517", "operator": "LADWP", "size_code": "2 1/2 X 4D", "make": "Clow", "main_size_in": 6.0, "corner": "E", "street": "CORONA DEL MAR DR", "cross_street": "590'SS CHAUTAUQUA BLVD", "source": "LADWP Fire Hydrants (DWP) - ArcGIS Online copy of LA GeoHub layer; IDs verified against City BOE Palisades layer", "in_perimeter": false, "elev_m": 50.3, "elev_ft": 165.0, "pressure_zone_est": 529, "static_psi_est": 157.6}, "geometry": {"type": "Point", "coordinates": [-118.519698323496, 34.0297904397444]}}, {"type": "Feature", "properties": {"hydrant_id": "43344", "operator": "LADWP", "size_code": "2 1/2 X 4D", "make": "Long Beach Iron Works", "main_size_in": 6.0, "corner": "SW", "street": "CHASTAIN PKWY EAST", "cross_street": "CALLE VICTORIA", "source": "LADWP Fire Hydrants (DWP) - ArcGIS Online copy of LA GeoHub layer; IDs verified against City BOE Palisades layer", "in_perimeter": true, "elev_m": 395.2, "elev_ft": 1297.0, "pressure_zone_est": 1645, "static_psi_est": 150.7}, "geometry": {"type": "Point", "coordinates": [-118.549131085941, 34.0711758081196]}}, {"type": "Feature", "properties": {"hydrant_id": "42832", "operator": "LADWP", "size_code": "2 1/2 X 4D", "make": "Clow", "main_size_in": 6.0, "corner": "W", "street": "MONTE HERMOSO DR", "cross_street": "279 NN CUMBRE ALTA CT", "source": "LADWP Fire Hydrants (DWP) - ArcGIS Online copy of LA GeoHub layer; IDs verified against City BOE Palisades layer", "in_perimeter": true, "elev_m": 310.2, "elev_ft": 1018.0, "pressure_zone_est": 1137, "static_psi_est": 51.5}, "geometry": {"type": "Point", "coordinates": [-118.554308221589, 34.0707515985018]}}, {"type": "Feature", "properties": {"hydrant_id": "40714", "operator": "LADWP", "size_code": "2 1/2 S BU", "make": "Jones Angle Valve 6", "main_size_in": 6.0, "corner": null, "street": null, "cross_street": null, "source": "LADWP Fire Hydrants (DWP) - ArcGIS Online copy of LA GeoHub layer; IDs verified against City BOE Palisades layer", "in_perimeter": false, "elev_m": 205.5, "elev_ft": 674.0, "pressure_zone_est": 1137, "static_psi_est": 200.5}, "geometry": {"type": "Point", "coordinates": [-118.502706371124, 34.0802992136174]}}, {"type": "Feature", "properties": {"hydrant_id": "43742", "operator": "LADWP", "size_code": "2 1/2 X 4D", "make": "Long Beach Iron Works", "main_size_in": 16.0, "corner": null, "street": null, "cross_street": null, "source": "LADWP Fire Hydrants (DWP) - ArcGIS Online copy of LA GeoHub layer; IDs verified against City BOE Palisades layer", "in_perimeter": false, "elev_m": 257.2, "elev_ft": 844.0, "pressure_zone_est": 1137, "static_psi_est": 126.9}, "geometry": {"type": "Point", "coordinates": [-118.497176876931, 34.0797333336973]}}, {"type": "Feature", "properties": {"hydrant_id": "43741", "operator": "LADWP", "size_code": "2 1/2 S BU", "make": "Jones Angle Valve 6", "main_size_in": 16.0, "corner": null, "street": null, "cross_street": null, "source": "LADWP Fire Hydrants (DWP) - ArcGIS Online copy of LA GeoHub layer; IDs verified against City BOE Palisades layer", "in_perimeter": false, "elev_m": 236.3, "elev_ft": 775.0, "pressure_zone_est": 1137, "static_psi_est": 156.7}, "geometry": {"type": "Point", "coordinates": [-118.498009453251, 34.078674930834]}}, {"type": "Feature", "properties": {"hydrant_id": "38323", "operator": "LADWP", "size_code": "2 1/2 S", "make": "Van De Venter", "main_size_in": 8.0, "corner": null, "street": null, "cross_street": null, "source": "LADWP Fire Hydrants (DWP) - ArcGIS Online copy of LA GeoHub layer; IDs verified against City BOE Palisades layer", "in_perimeter": false, "elev_m": 264.0, "elev_ft": 866.0, "pressure_zone_est": 1137, "static_psi_est": 117.3}, "geometry": {"type": "Point", "coordinates": [-118.492306188729, 34.0780064430155]}}, {"type": "Feature", "properties": {"hydrant_id": "43335", "operator": "LADWP", "size_code": "2 1/2 X 4D", "make": "Long Beach Iron Works", "main_size_in": 12.0, "corner": "W", "street": "CALLE PATRICIA", "cross_street": "381'SS CHASTAIN PKWY E", "source": "LADWP Fire Hydrants (DWP) - ArcGIS Online copy of LA GeoHub layer; IDs verified against City BOE Palisades layer", "in_perimeter": true, "elev_m": 424.0, "elev_ft": 1391.0, "pressure_zone_est": 1645, "static_psi_est": 110.0}, "geometry": {"type": "Point", "coordinates": [-118.549575211836, 34.0754068797687]}}, {"type": "Feature", "properties": {"hydrant_id": "32655", "operator": "LADWP", "size_code": "2 1/2 X 4D", "make": "Clow", "main_size_in": 6.0, "corner": "SE", "street": "TOYOPA DR", "cross_street": "ALMOLOYA DR", "source": "LADWP Fire Hydrants (DWP) - ArcGIS Online copy of LA GeoHub layer; IDs verified against City BOE Palisades layer", "in_perimeter": false, "elev_m": 79.4, "elev_ft": 261.0, "pressure_zone_est": 529, "static_psi_est": 116.0}, "geometry": {"type": "Point", "coordinates": [-118.520115560462, 34.0361782414023]}}, {"type": "Feature", "properties": {"hydrant_id": "32657", "operator": "LADWP", "size_code": "2 1/2 X 4D", "make": "Clow", "main_size_in": 8.0, "corner": "E", "street": "CHAUTAUQUA BLVD", "cross_street": "99'NN LA CUMBRE DR", "source": "LADWP Fire Hydrants (DWP) - ArcGIS Online copy of LA GeoHub layer; IDs verified against City BOE Palisades layer", "in_perimeter": false, "elev_m": 63.9, "elev_ft": 210.0, "pressure_zone_est": 529, "static_psi_est": 138.1}, "geometry": {"type": "Point", "coordinates": [-118.519472988846, 34.0343770416161]}}, {"type": "Feature", "properties": {"hydrant_id": "33600", "operator": "LADWP", "size_code": "2 1/2 S", "make": "Van De Venter", "main_size_in": 6.0, "corner": "W", "street": "CHAUTAUQUA BLVD", "cross_street": "487 NE BEREA PL LN", "source": "LADWP Fire Hydrants (DWP) - ArcGIS Online copy of LA GeoHub layer; IDs verified against City BOE Palisades layer", "in_perimeter": true, "elev_m": 171.8, "elev_ft": 564.0, "pressure_zone_est": 720, "static_psi_est": 67.5}, "geometry": {"type": "Point", "coordinates": [-118.520477567725, 34.0534552904182]}}, {"type": "Feature", "properties": {"hydrant_id": "33601", "operator": "LADWP", "size_code": "2 1/2 S", "make": "Van De Venter", "main_size_in": 16.0, "corner": "NW", "street": "CHAUTAUQUA LN B", "cross_street": "13 NN BEREA LW PL", "source": "LADWP Fire Hydrants (DWP) - ArcGIS Online copy of LA GeoHub layer; IDs verified against City BOE Palisades layer", "in_perimeter": true, "elev_m": 182.9, "elev_ft": 600.0, "pressure_zone_est": 720, "static_psi_est": 52.0}, "geometry": {"type": "Point", "coordinates": [-118.521680066496, 34.0541813450165]}}, {"type": "Feature", "properties": {"hydrant_id": "33606", "operator": "LADWP", "size_code": "2 1/2 X 4D", "make": "Clow", "main_size_in": 4.0, "corner": "SE", "street": "LUCCA DR", "cross_street": "MONACO DR", "source": "LADWP Fire Hydrants (DWP) - ArcGIS Online copy of LA GeoHub layer; IDs verified against City BOE Palisades layer", "in_perimeter": false, "elev_m": 145.9, "elev_ft": 479.0, "pressure_zone_est": 720, "static_psi_est": 104.4}, "geometry": {"type": "Point", "coordinates": [-118.500923721308, 34.056203798052]}}, {"type": "Feature", "properties": {"hydrant_id": "39723", "operator": "LADWP", "size_code": "4S", "make": "Rich", "main_size_in": 6.0, "corner": "SE", "street": "MARINETTE RD", "cross_street": "ORACLE PL", "source": "LADWP Fire Hydrants (DWP) - ArcGIS Online copy of LA GeoHub layer; IDs verified against City BOE Palisades layer", "in_perimeter": true, "elev_m": 154.9, "elev_ft": 508.0, "pressure_zone_est": 720, "static_psi_est": 91.8}, "geometry": {"type": "Point", "coordinates": [-118.520687216602, 34.0554038009367]}}, {"type": "Feature", "properties": {"hydrant_id": "82353", "operator": "LADWP", "size_code": "2 1/2 X 4D", "make": "Jones", "main_size_in": 8.0, "corner": "SW", "street": "CAPRI DR", "cross_street": "PAVIA PL", "source": "LADWP Fire Hydrants (DWP) - ArcGIS Online copy of LA GeoHub layer; IDs verified against City BOE Palisades layer", "in_perimeter": false, "elev_m": 134.1, "elev_ft": 440.0, "pressure_zone_est": 720, "static_psi_est": 121.2}, "geometry": {"type": "Point", "coordinates": [-118.502878123828, 34.053604025853]}}, {"type": "Feature", "properties": {"hydrant_id": "39618", "operator": "LADWP", "size_code": "4 S BU", "make": "Jones Angle Valve 6", "main_size_in": 8.0, "corner": "E", "street": "JACON WAY", "cross_street": "626 NN LACHMAN LN", "source": "LADWP Fire Hydrants (DWP) - ArcGIS Online copy of LA GeoHub layer; IDs verified against City BOE Palisades layer", "in_perimeter": true, "elev_m": 111.5, "elev_ft": 366.0, "pressure_zone_est": 529, "static_psi_est": 70.6}, "geometry": {"type": "Point", "coordinates": [-118.54710930435, 34.0489396669975]}}, {"type": "Feature", "properties": {"hydrant_id": "39689", "operator": "LADWP", "size_code": "2 1/2 X 4D", "make": "Jones", "main_size_in": 6.0, "corner": "E", "street": "ENCHANTED WY", "cross_street": "1185' SS EL ORO (LN)", "source": "LADWP Fire Hydrants (DWP) - ArcGIS Online copy of LA GeoHub layer; IDs verified against City BOE Palisades layer", "in_perimeter": true, "elev_m": 127.9, "elev_ft": 420.0, "pressure_zone_est": 529, "static_psi_est": 47.2}, "geometry": {"type": "Point", "coordinates": [-118.54826846442, 34.0488956091397]}}, {"type": "Feature", "properties": {"hydrant_id": "33105", "operator": "LADWP", "size_code": "4 S BU", "make": "Jones Angle Valve 6", "main_size_in": 6.0, "corner": "SW", "street": "ERSKINE DR LS", "cross_street": "MIAMI WAY LW", "source": "LADWP Fire Hydrants (DWP) - ArcGIS Online copy of LA GeoHub layer; IDs verified against City BOE Palisades layer", "in_perimeter": true, "elev_m": 93.1, "elev_ft": 305.0, "pressure_zone_est": 529, "static_psi_est": 97.0}, "geometry": {"type": "Point", "coordinates": [-118.533763148313, 34.042997079127]}}, {"type": "Feature", "properties": {"hydrant_id": "33098", "operator": "LADWP", "size_code": "2 1/2 S", "make": "Greenberg", "main_size_in": 6.0, "corner": "SE", "street": "HAMPDEN PL N", "cross_street": "SWARTHMORE AVE", "source": "LADWP Fire Hydrants (DWP) - ArcGIS Online copy of LA GeoHub layer; IDs verified against City BOE Palisades layer", "in_perimeter": true, "elev_m": 93.1, "elev_ft": 306.0, "pressure_zone_est": 529, "static_psi_est": 96.6}, "geometry": {"type": "Point", "coordinates": [-118.526775704443, 34.0430306496744]}}, {"type": "Feature", "properties": {"hydrant_id": "45912", "operator": "LADWP", "size_code": "2 1/2 X 4D", "make": "Clow", "main_size_in": 6.0, "corner": "E", "street": "HAVERFORD AVE", "cross_street": "268' SS ANTIOCH ST", "source": "LADWP Fire Hydrants (DWP) - ArcGIS Online copy of LA GeoHub layer; IDs verified against City BOE Palisades layer", "in_perimeter": true, "elev_m": 92.4, "elev_ft": 303.0, "pressure_zone_est": 529, "static_psi_est": 97.9}, "geometry": {"type": "Point", "coordinates": [-118.528429550261, 34.0465161116119]}}, {"type": "Feature", "properties": {"hydrant_id": "41659", "operator": "LADWP", "size_code": "2 1/2 X 4D", "make": "Rich", "main_size_in": 6.0, "corner": "N", "street": "CASALE RD", "cross_street": "567 WW CAPRI DR", "source": "LADWP Fire Hydrants (DWP) - ArcGIS Online copy of LA GeoHub layer; IDs verified against City BOE Palisades layer", "in_perimeter": false, "elev_m": 187.7, "elev_ft": 616.0, "pressure_zone_est": 720, "static_psi_est": 45.0}, "geometry": {"type": "Point", "coordinates": [-118.505072267752, 34.0611255880509]}}, {"type": "Feature", "properties": {"hydrant_id": "33090", "operator": "LADWP", "size_code": "4 S BU", "make": "Jones Angle Valve 6", "main_size_in": 6.0, "corner": "SW", "street": "WILDOMAR ST", "cross_street": "NORTHFIELD ST", "source": "LADWP Fire Hydrants (DWP) - ArcGIS Online copy of LA GeoHub layer; IDs verified against City BOE Palisades layer", "in_perimeter": true, "elev_m": 93.9, "elev_ft": 308.0, "pressure_zone_est": 529, "static_psi_est": 95.7}, "geometry": {"type": "Point", "coordinates": [-118.536421094144, 34.0469370544304]}}, {"type": "Feature", "properties": {"hydrant_id": "33095", "operator": "LADWP", "size_code": "4S", "make": "Rich", "main_size_in": 8.0, "corner": "SW", "street": "ALMAR AVE", "cross_street": "NORTHFIELD ST", "source": "LADWP Fire Hydrants (DWP) - ArcGIS Online copy of LA GeoHub layer; IDs verified against City BOE Palisades layer", "in_perimeter": true, "elev_m": 94.4, "elev_ft": 310.0, "pressure_zone_est": 529, "static_psi_est": 94.8}, "geometry": {"type": "Point", "coordinates": [-118.535124985391, 34.0456433237911]}}, {"type": "Feature", "properties": {"hydrant_id": "44497", "operator": "LADWP", "size_code": "2 1/2 X 4D", "make": "Clow", "main_size_in": 4.0, "corner": "W", "street": "BIENVENEDA AVE", "cross_street": "930'SS MARQUETTE ST", "source": "LADWP Fire Hydrants (DWP) - ArcGIS Online copy of LA GeoHub layer; IDs verified against City BOE Palisades layer", "in_perimeter": true, "elev_m": 72.0, "elev_ft": 236.0, "pressure_zone_est": 529, "static_psi_est": 126.9}, "geometry": {"type": "Point", "coordinates": [-118.540838617426, 34.0450203092022]}}, {"type": "Feature", "properties": {"hydrant_id": "33113", "operator": "LADWP", "size_code": "2 1/2 X 4D", "make": "Jones", "main_size_in": 8.0, "corner": "SW", "street": "ALMA REAL DR", "cross_street": "TOYOPA DR", "source": "LADWP Fire Hydrants (DWP) - ArcGIS Online copy of LA GeoHub layer; IDs verified against City BOE Palisades layer", "in_perimeter": true, "elev_m": 90.9, "elev_ft": 298.0, "pressure_zone_est": 529, "static_psi_est": 100.0}, "geometry": {"type": "Point", "coordinates": [-118.524470082665, 34.0437846246199]}}, {"type": "Feature", "properties": {"hydrant_id": "33114", "operator": "LADWP", "size_code": "2 1/2 X 4D", "make": "Clow", "main_size_in": 6.0, "corner": "SE", "street": "OCAMPO DR", "cross_street": "ALMA REAL DR", "source": "LADWP Fire Hydrants (DWP) - ArcGIS Online copy of LA GeoHub layer; IDs verified against City BOE Palisades layer", "in_perimeter": true, "elev_m": 89.2, "elev_ft": 293.0, "pressure_zone_est": 529, "static_psi_est": 102.2}, "geometry": {"type": "Point", "coordinates": [-118.52289880557, 34.0424795383628]}}, {"type": "Feature", "properties": {"hydrant_id": "37111", "operator": "LADWP", "size_code": "2 1/2 X 4D", "make": "Clow", "main_size_in": 6.0, "corner": "N", "street": "MARQUETTE ST", "cross_street": "1127' EE LAS CASAS AVE", "source": "LADWP Fire Hydrants (DWP) - ArcGIS Online copy of LA GeoHub layer; IDs verified against City BOE Palisades layer", "in_perimeter": true, "elev_m": 77.6, "elev_ft": 255.0, "pressure_zone_est": 529, "static_psi_est": 118.6}, "geometry": {"type": "Point", "coordinates": [-118.541526718808, 34.0464429731313]}}, {"type": "Feature", "properties": {"hydrant_id": "37331", "operator": "LADWP", "size_code": "2 1/2 S", "make": "Van De Venter", "main_size_in": 8.0, "corner": null, "street": null, "cross_street": null, "source": "LADWP Fire Hydrants (DWP) - ArcGIS Online copy of LA GeoHub layer; IDs verified against City BOE Palisades layer", "in_perimeter": false, "elev_m": 159.9, "elev_ft": 525.0, "pressure_zone_est": 720, "static_psi_est": 84.4}, "geometry": {"type": "Point", "coordinates": [-118.502873291541, 34.0672182229605]}}, {"type": "Feature", "properties": {"hydrant_id": "43341", "operator": "LADWP", "size_code": "2 1/2 X 4D", "make": "Long Beach Iron Works", "main_size_in": 6.0, "corner": "SW", "street": "CALLE BRITTANY", "cross_street": "CHASTAIN PKWY EAST", "source": "LADWP Fire Hydrants (DWP) - ArcGIS Online copy of LA GeoHub layer; IDs verified against City BOE Palisades layer", "in_perimeter": true, "elev_m": 422.7, "elev_ft": 1387.0, "pressure_zone_est": 1645, "static_psi_est": 111.7}, "geometry": {"type": "Point", "coordinates": [-118.547565444573, 34.0732301587839]}}, {"type": "Feature", "properties": {"hydrant_id": "32855", "operator": "LADWP", "size_code": "4S", "make": "Rich", "main_size_in": 6.0, "corner": "SW", "street": "ADERNO WAY LS", "cross_street": "ADERNO WAY LW", "source": "LADWP Fire Hydrants (DWP) - ArcGIS Online copy of LA GeoHub layer; IDs verified against City BOE Palisades layer", "in_perimeter": true, "elev_m": 72.1, "elev_ft": 237.0, "pressure_zone_est": 529, "static_psi_est": 126.4}, "geometry": {"type": "Point", "coordinates": [-118.544304569892, 34.0424092067962]}}, {"type": "Feature", "properties": {"hydrant_id": "42648", "operator": "LADWP", "size_code": "2 1/2 X 4D", "make": "Clow", "main_size_in": 6.0, "corner": "E", "street": "OCEAN AVE", "cross_street": "362 SS MABERY RD", "source": "LADWP Fire Hydrants (DWP) - ArcGIS Online copy of LA GeoHub layer; IDs verified against City BOE Palisades layer", "in_perimeter": false, "elev_m": 48.9, "elev_ft": 160.0, "pressure_zone_est": 529, "static_psi_est": 159.8}, "geometry": {"type": "Point", "coordinates": [-118.514293327358, 34.0283851209099]}}, {"type": "Feature", "properties": {"hydrant_id": "42195", "operator": "LADWP", "size_code": "2 1/2 X 4D", "make": "Mueller", "main_size_in": 6.0, "corner": "N", "street": "AVE DE HERRADURA", "cross_street": "568 SS MICHAEL LN (LW)", "source": "LADWP Fire Hydrants (DWP) - ArcGIS Online copy of LA GeoHub layer; IDs verified against City BOE Palisades layer", "in_perimeter": true, "elev_m": 255.3, "elev_ft": 838.0, "pressure_zone_est": 1137, "static_psi_est": 129.5}, "geometry": {"type": "Point", "coordinates": [-118.562641310075, 34.0786095088269]}}, {"type": "Feature", "properties": {"hydrant_id": "33965", "operator": "LADWP", "size_code": "2 1/2 X 4D", "make": "Jones", "main_size_in": 20.0, "corner": null, "street": null, "cross_street": null, "source": "LADWP Fire Hydrants (DWP) - ArcGIS Online copy of LA GeoHub layer; IDs verified against City BOE Palisades layer", "in_perimeter": false, "elev_m": 138.3, "elev_ft": 454.0, "pressure_zone_est": 720, "static_psi_est": 115.2}, "geometry": {"type": "Point", "coordinates": [-118.4934203203, 34.0643286126375]}}, {"type": "Feature", "properties": {"hydrant_id": "43421", "operator": "LADWP", "size_code": "2 1/2 X 4D", "make": "Long Beach Iron Works", "main_size_in": 8.0, "corner": "SE", "street": "BOWDOIN ST", "cross_street": "SWARTHMORE AVE", "source": "LADWP Fire Hydrants (DWP) - ArcGIS Online copy of LA GeoHub layer; IDs verified against City BOE Palisades layer", "in_perimeter": true, "elev_m": 94.5, "elev_ft": 310.0, "pressure_zone_est": 529, "static_psi_est": 94.8}, "geometry": {"type": "Point", "coordinates": [-118.526415266274, 34.0442260733189]}}, {"type": "Feature", "properties": {"hydrant_id": "44502", "operator": "LADWP", "size_code": "2 1/2 X 4D", "make": "Clow", "main_size_in": 8.0, "corner": "W", "street": "VIA DE LA PAZ", "cross_street": "546'NN BOWDOIN ST", "source": "LADWP Fire Hydrants (DWP) - ArcGIS Online copy of LA GeoHub layer; IDs verified against City BOE Palisades layer", "in_perimeter": true, "elev_m": 100.3, "elev_ft": 329.0, "pressure_zone_est": 529, "static_psi_est": 86.6}, "geometry": {"type": "Point", "coordinates": [-118.527493282948, 34.046326395841]}}, {"type": "Feature", "properties": {"hydrant_id": "43317", "operator": "LADWP", "size_code": "2 1/2 X 4D", "make": "Long Beach Iron Works", "main_size_in": 12.0, "corner": "N", "street": "CALLE ALICANTE PVT", "cross_street": "82'EE CALLE DEL CIELO", "source": "LADWP Fire Hydrants (DWP) - ArcGIS Online copy of LA GeoHub layer; IDs verified against City BOE Palisades layer", "in_perimeter": true, "elev_m": 462.6, "elev_ft": 1518.0, "pressure_zone_est": 1645, "static_psi_est": 55.0}, "geometry": {"type": "Point", "coordinates": [-118.54793604172, 34.0775948708487]}}, {"type": "Feature", "properties": {"hydrant_id": "37246", "operator": "LADWP", "size_code": "2 1/2 X 4D", "make": "Van De Venter", "main_size_in": 6.0, "corner": "S", "street": "SWARTHMORE AVE", "cross_street": "2' W/W MONUMENT ST", "source": "LADWP Fire Hydrants (DWP) - ArcGIS Online copy of LA GeoHub layer; IDs verified against City BOE Palisades layer", "in_perimeter": true, "elev_m": 99.8, "elev_ft": 327.0, "pressure_zone_est": 529, "static_psi_est": 87.5}, "geometry": {"type": "Point", "coordinates": [-118.525390024078, 34.0480880372102]}}, {"type": "Feature", "properties": {"hydrant_id": "44499", "operator": "LADWP", "size_code": "2 1/2 X 4D", "make": "Clow", "main_size_in": 6.0, "corner": "W", "street": "ALMAR AVE", "cross_street": "297'SS SUNSET BLVD", "source": "LADWP Fire Hydrants (DWP) - ArcGIS Online copy of LA GeoHub layer; IDs verified against City BOE Palisades layer", "in_perimeter": true, "elev_m": 101.2, "elev_ft": 332.0, "pressure_zone_est": 529, "static_psi_est": 85.3}, "geometry": {"type": "Point", "coordinates": [-118.534421291882, 34.0479116429507]}}, {"type": "Feature", "properties": {"hydrant_id": "39872", "operator": "LADWP", "size_code": "2 1/2 S BU", "make": "Jones Angle Valve 6", "main_size_in": 6.0, "corner": null, "street": null, "cross_street": null, "source": "LADWP Fire Hydrants (DWP) - ArcGIS Online copy of LA GeoHub layer; IDs verified against City BOE Palisades layer", "in_perimeter": false, "elev_m": 216.4, "elev_ft": 710.0, "pressure_zone_est": 1137, "static_psi_est": 184.9}, "geometry": {"type": "Point", "coordinates": [-118.49249576239, 34.0753064386322]}}, {"type": "Feature", "properties": {"hydrant_id": "39867", "operator": "LADWP", "size_code": "2 1/2 S BU", "make": "Jones Angle Valve 6", "main_size_in": 6.0, "corner": null, "street": null, "cross_street": null, "source": "LADWP Fire Hydrants (DWP) - ArcGIS Online copy of LA GeoHub layer; IDs verified against City BOE Palisades layer", "in_perimeter": false, "elev_m": 230.3, "elev_ft": 756.0, "pressure_zone_est": 1137, "static_psi_est": 165.0}, "geometry": {"type": "Point", "coordinates": [-118.492741581139, 34.0734902854924]}}, {"type": "Feature", "properties": {"hydrant_id": "39865", "operator": "LADWP", "size_code": "2 1/2 X 4D", "make": "Jones", "main_size_in": 6.0, "corner": null, "street": null, "cross_street": null, "source": "LADWP Fire Hydrants (DWP) - ArcGIS Online copy of LA GeoHub layer; IDs verified against City BOE Palisades layer", "in_perimeter": false, "elev_m": 204.8, "elev_ft": 672.0, "pressure_zone_est": 1137, "static_psi_est": 201.3}, "geometry": {"type": "Point", "coordinates": [-118.491378768686, 34.0714595914604]}}, {"type": "Feature", "properties": {"hydrant_id": "34259", "operator": "LADWP", "size_code": "2 1/2 X 4D", "make": "Clow", "main_size_in": 6.0, "corner": null, "street": null, "cross_street": null, "source": "LADWP Fire Hydrants (DWP) - ArcGIS Online copy of LA GeoHub layer; IDs verified against City BOE Palisades layer", "in_perimeter": false, "elev_m": 196.4, "elev_ft": 644.0, "pressure_zone_est": 1137, "static_psi_est": 213.5}, "geometry": {"type": "Point", "coordinates": [-118.497041592073, 34.0658486568182]}}, {"type": "Feature", "properties": {"hydrant_id": "41746", "operator": "LADWP", "size_code": "2 1/2 X 4D", "make": "Clow", "main_size_in": 12.0, "corner": "NW", "street": "LACHMAN LN", "cross_street": "RW NO LUNA VISTA DR", "source": "LADWP Fire Hydrants (DWP) - ArcGIS Online copy of LA GeoHub layer; IDs verified against City BOE Palisades layer", "in_perimeter": true, "elev_m": 336.5, "elev_ft": 1104.0, "pressure_zone_est": 1345, "static_psi_est": 104.4}, "geometry": {"type": "Point", "coordinates": [-118.549704350428, 34.0620643938673]}}, {"type": "Feature", "properties": {"hydrant_id": "40406", "operator": "LADWP", "size_code": "2 1/2 S BU", "make": "Jones Angle Valve 6", "main_size_in": 6.0, "corner": "W", "street": "GLENHAVEN LS DR", "cross_street": "394 SW LACHMAN LANE", "source": "LADWP Fire Hydrants (DWP) - ArcGIS Online copy of LA GeoHub layer; IDs verified against City BOE Palisades layer", "in_perimeter": true, "elev_m": 178.3, "elev_ft": 585.0, "pressure_zone_est": 720, "static_psi_est": 58.5}, "geometry": {"type": "Point", "coordinates": [-118.547310018167, 34.0540368843503]}}, {"type": "Feature", "properties": {"hydrant_id": "32667", "operator": "LADWP", "size_code": "2 1/2 X 4D", "make": "Jones", "main_size_in": 6.0, "corner": "NE", "street": "AMALFI DR", "cross_street": "UPPER MESA RD", "source": "LADWP Fire Hydrants (DWP) - ArcGIS Online copy of LA GeoHub layer; IDs verified against City BOE Palisades layer", "in_perimeter": false, "elev_m": 60.0, "elev_ft": 197.0, "pressure_zone_est": 529, "static_psi_est": 143.8}, "geometry": {"type": "Point", "coordinates": [-118.515064763811, 34.0331316212627]}}, {"type": "Feature", "properties": {"hydrant_id": "41733", "operator": "LADWP", "size_code": "2 1/2 X 4D", "make": "Rich", "main_size_in": 36.0, "corner": "W", "street": "PALISADES DR", "cross_street": "156 NN AVE DE SANTA YNEZ", "source": "LADWP Fire Hydrants (DWP) - ArcGIS Online copy of LA GeoHub layer; IDs verified against City BOE Palisades layer", "in_perimeter": true, "elev_m": 181.0, "elev_ft": 594.0, "pressure_zone_est": 720, "static_psi_est": 54.6}, "geometry": {"type": "Point", "coordinates": [-118.562259330386, 34.0706865173102]}}, {"type": "Feature", "properties": {"hydrant_id": "41971", "operator": "LADWP", "size_code": "2 1/2 S BU", "make": "Jones Angle Valve 6", "main_size_in": 8.0, "corner": "E", "street": "PALISADES CIR", "cross_street": "449 NN AV SANTA YNEZ", "source": "LADWP Fire Hydrants (DWP) - ArcGIS Online copy of LA GeoHub layer; IDs verified against City BOE Palisades layer", "in_perimeter": true, "elev_m": 223.3, "elev_ft": 733.0, "pressure_zone_est": 1137, "static_psi_est": 174.9}, "geometry": {"type": "Point", "coordinates": [-118.561584857029, 34.0751681924305]}}, {"type": "Feature", "properties": {"hydrant_id": "42781", "operator": "LADWP", "size_code": "2 1/2 X 4D", "make": "Clow", "main_size_in": 16.0, "corner": "S", "street": "PALISADES DR", "cross_street": "10 WW CUESTA LINDA DR", "source": "LADWP Fire Hydrants (DWP) - ArcGIS Online copy of LA GeoHub layer; IDs verified against City BOE Palisades layer", "in_perimeter": true, "elev_m": 326.4, "elev_ft": 1071.0, "pressure_zone_est": 1345, "static_psi_est": 118.6}, "geometry": {"type": "Point", "coordinates": [-118.555132168447, 34.0742766470139]}}, {"type": "Feature", "properties": {"hydrant_id": "36999", "operator": "LADWP", "size_code": "2 1/2 X 4D", "make": "Rich", "main_size_in": 6.0, "corner": "W", "street": "LATIMER RD", "cross_street": "721 SS SUNSET BL", "source": "LADWP Fire Hydrants (DWP) - ArcGIS Online copy of LA GeoHub layer; IDs verified against City BOE Palisades layer", "in_perimeter": false, "elev_m": 54.9, "elev_ft": 180.0, "pressure_zone_est": 529, "static_psi_est": 151.1}, "geometry": {"type": "Point", "coordinates": [-118.512073376575, 34.0448781310475]}}, {"type": "Feature", "properties": {"hydrant_id": "82157", "operator": "LADWP", "size_code": "2 1/2 X 4D", "make": "Clow", "main_size_in": 8.0, "corner": null, "street": null, "cross_street": null, "source": "LADWP Fire Hydrants (DWP) - ArcGIS Online copy of LA GeoHub layer; IDs verified against City BOE Palisades layer", "in_perimeter": false, "elev_m": 153.5, "elev_ft": 504.0, "pressure_zone_est": 720, "static_psi_est": 93.5}, "geometry": {"type": "Point", "coordinates": [-118.500944503163, 34.0670575717061]}}, {"type": "Feature", "properties": {"hydrant_id": "32663", "operator": "LADWP", "size_code": "2 1/2 X 4D", "make": "Clow", "main_size_in": 6.0, "corner": "E", "street": "SYCAMORE RD", "cross_street": "417'NN MESA RD", "source": "LADWP Fire Hydrants (DWP) - ArcGIS Online copy of LA GeoHub layer; IDs verified against City BOE Palisades layer", "in_perimeter": false, "elev_m": 16.4, "elev_ft": 54.0, "pressure_zone_est": 529, "static_psi_est": 205.7}, "geometry": {"type": "Point", "coordinates": [-118.516200989325, 34.0320563541555]}}, {"type": "Feature", "properties": {"hydrant_id": "41574", "operator": "LADWP", "size_code": "2 1/2 X 4D", "make": "Mueller", "main_size_in": 6.0, "corner": "W", "street": "LAS LOMAS AV", "cross_street": "444 SS SUNSET BL LW", "source": "LADWP Fire Hydrants (DWP) - ArcGIS Online copy of LA GeoHub layer; IDs verified against City BOE Palisades layer", "in_perimeter": true, "elev_m": 92.5, "elev_ft": 304.0, "pressure_zone_est": 529, "static_psi_est": 97.4}, "geometry": {"type": "Point", "coordinates": [-118.539463883071, 34.0472866611692]}}, {"type": "Feature", "properties": {"hydrant_id": "33087", "operator": "LADWP", "size_code": "4 S BU", "make": "Jones Angle Valve 6", "main_size_in": 6.0, "corner": "SW", "street": "MUSKINGUM AVE", "cross_street": "AIGLON ST", "source": "LADWP Fire Hydrants (DWP) - ArcGIS Online copy of LA GeoHub layer; IDs verified against City BOE Palisades layer", "in_perimeter": true, "elev_m": 86.4, "elev_ft": 283.0, "pressure_zone_est": 529, "static_psi_est": 106.5}, "geometry": {"type": "Point", "coordinates": [-118.538333256416, 34.0450414792697]}}, {"type": "Feature", "properties": {"hydrant_id": "33093", "operator": "LADWP", "size_code": "4S", "make": "Rich", "main_size_in": 8.0, "corner": "SW", "street": "ALMAR AVE", "cross_street": "MIAMI WAY", "source": "LADWP Fire Hydrants (DWP) - ArcGIS Online copy of LA GeoHub layer; IDs verified against City BOE Palisades layer", "in_perimeter": true, "elev_m": 89.8, "elev_ft": 295.0, "pressure_zone_est": 529, "static_psi_est": 101.3}, "geometry": {"type": "Point", "coordinates": [-118.536538947819, 34.0446363464273]}}, {"type": "Feature", "properties": {"hydrant_id": "33119", "operator": "LADWP", "size_code": "2 1/2 X 4D", "make": "Rich", "main_size_in": 8.0, "corner": "SE", "street": "FISKE ST", "cross_street": "CAREY ST", "source": "LADWP Fire Hydrants (DWP) - ArcGIS Online copy of LA GeoHub layer; IDs verified against City BOE Palisades layer", "in_perimeter": true, "elev_m": 97.4, "elev_ft": 320.0, "pressure_zone_est": 529, "static_psi_est": 90.5}, "geometry": {"type": "Point", "coordinates": [-118.521587000295, 34.0453271139541]}}, {"type": "Feature", "properties": {"hydrant_id": "37511", "operator": "LADWP", "size_code": "4S", "make": "Rich", "main_size_in": 8.0, "corner": "S", "street": "GALLAUDET PL", "cross_street": "70EE CHAUTAUQUA BL", "source": "LADWP Fire Hydrants (DWP) - ArcGIS Online copy of LA GeoHub layer; IDs verified against City BOE Palisades layer", "in_perimeter": true, "elev_m": 101.8, "elev_ft": 334.0, "pressure_zone_est": 529, "static_psi_est": 84.4}, "geometry": {"type": "Point", "coordinates": [-118.516727381499, 34.0454824069637]}}, {"type": "Feature", "properties": {"hydrant_id": "36859", "operator": "LADWP", "size_code": "2 1/2 X 4D", "make": "Jones", "main_size_in": 6.0, "corner": null, "street": null, "cross_street": null, "source": "LADWP Fire Hydrants (DWP) - ArcGIS Online copy of LA GeoHub layer; IDs verified against City BOE Palisades layer", "in_perimeter": false, "elev_m": 115.4, "elev_ft": 379.0, "pressure_zone_est": 529, "static_psi_est": 65.0}, "geometry": {"type": "Point", "coordinates": [-118.490709425484, 34.0521339773709]}}, {"type": "Feature", "properties": {"hydrant_id": "40382", "operator": "LADWP", "size_code": "2 1/2 X 4D", "make": "Mueller", "main_size_in": 6.0, "corner": "NE", "street": "EAST CHANNEL RD", "cross_street": "ENTRADA DR", "source": "LADWP Fire Hydrants (DWP) - ArcGIS Online copy of LA GeoHub layer; IDs verified against City BOE Palisades layer", "in_perimeter": false, "elev_m": 20.3, "elev_ft": 67.0, "pressure_zone_est": 529, "static_psi_est": 200.0}, "geometry": {"type": "Point", "coordinates": [-118.512515635088, 34.0311816273747]}}, {"type": "Feature", "properties": {"hydrant_id": "33121", "operator": "LADWP", "size_code": "2 1/2 X 4D", "make": "Clow", "main_size_in": 6.0, "corner": "SW", "street": "HARTZELL ST", "cross_street": "CAREY ST", "source": "LADWP Fire Hydrants (DWP) - ArcGIS Online copy of LA GeoHub layer; IDs verified against City BOE Palisades layer", "in_perimeter": true, "elev_m": 100.5, "elev_ft": 330.0, "pressure_zone_est": 529, "static_psi_est": 86.2}, "geometry": {"type": "Point", "coordinates": [-118.51984938978, 34.0455929917927]}}, {"type": "Feature", "properties": {"hydrant_id": "33326", "operator": "LADWP", "size_code": "2 1/2 X 4D", "make": "Clow", "main_size_in": 8.0, "corner": "SE", "street": "ALBRIGHT ST", "cross_street": "MONUMENT ST", "source": "LADWP Fire Hydrants (DWP) - ArcGIS Online copy of LA GeoHub layer; IDs verified against City BOE Palisades layer", "in_perimeter": true, "elev_m": 102.1, "elev_ft": 335.0, "pressure_zone_est": 529, "static_psi_est": 84.0}, "geometry": {"type": "Point", "coordinates": [-118.52437702598, 34.0486041262186]}}, {"type": "Feature", "properties": {"hydrant_id": "32645", "operator": "LADWP", "size_code": "2 1/2 X 4D", "make": "Clow", "main_size_in": 4.0, "corner": "S", "street": "ALTATA DR", "cross_street": "122'EE RAMOS PL", "source": "LADWP Fire Hydrants (DWP) - ArcGIS Online copy of LA GeoHub layer; IDs verified against City BOE Palisades layer", "in_perimeter": false, "elev_m": 61.2, "elev_ft": 201.0, "pressure_zone_est": 529, "static_psi_est": 142.0}, "geometry": {"type": "Point", "coordinates": [-118.521607340427, 34.0320843657702]}}, {"type": "Feature", "properties": {"hydrant_id": "32664", "operator": "LADWP", "size_code": "2 1/2 X 4D", "make": "Clow", "main_size_in": 6.0, "corner": "W", "street": "MESA RD", "cross_street": "657'NN SYCAMORE RD", "source": "LADWP Fire Hydrants (DWP) - ArcGIS Online copy of LA GeoHub layer; IDs verified against City BOE Palisades layer", "in_perimeter": false, "elev_m": 24.1, "elev_ft": 79.0, "pressure_zone_est": 529, "static_psi_est": 194.8}, "geometry": {"type": "Point", "coordinates": [-118.516049082532, 34.0327281771882]}}, {"type": "Feature", "properties": {"hydrant_id": "32857", "operator": "LADWP", "size_code": "4 S BU", "make": "Jones Angle Valve 6", "main_size_in": 6.0, "corner": "NW", "street": "ASILOMAR BLVD", "cross_street": "ARBRAMAR AVE", "source": "LADWP Fire Hydrants (DWP) - ArcGIS Online copy of LA GeoHub layer; IDs verified against City BOE Palisades layer", "in_perimeter": true, "elev_m": 88.6, "elev_ft": 291.0, "pressure_zone_est": 529, "static_psi_est": 103.1}, "geometry": {"type": "Point", "coordinates": [-118.536691016904, 34.040399208165]}}, {"type": "Feature", "properties": {"hydrant_id": "39999", "operator": "LADWP", "size_code": "4S", "make": "Rich", "main_size_in": 6.0, "corner": "NW", "street": "WYNOLA ST", "cross_street": "ARBRAMAR AVE", "source": "LADWP Fire Hydrants (DWP) - ArcGIS Online copy of LA GeoHub layer; IDs verified against City BOE Palisades layer", "in_perimeter": true, "elev_m": 87.8, "elev_ft": 288.0, "pressure_zone_est": 529, "static_psi_est": 104.4}, "geometry": {"type": "Point", "coordinates": [-118.536047348918, 34.0423162255257]}}, {"type": "Feature", "properties": {"hydrant_id": "32880", "operator": "LADWP", "size_code": "2 1/2 S", "make": "Van De Venter", "main_size_in": 6.0, "corner": "SW", "street": "FRONTERA DR", "cross_street": "PAMPAS RICAS BLVD", "source": "LADWP Fire Hydrants (DWP) - ArcGIS Online copy of LA GeoHub layer; IDs verified against City BOE Palisades layer", "in_perimeter": true, "elev_m": 87.5, "elev_ft": 287.0, "pressure_zone_est": 529, "static_psi_est": 104.8}, "geometry": {"type": "Point", "coordinates": [-118.522160194045, 34.0394604612918]}}, {"type": "Feature", "properties": {"hydrant_id": "36772", "operator": "LADWP", "size_code": "2 1/2 S", "make": "Van De Venter", "main_size_in": 6.0, "corner": "W", "street": "ROMANY DR", "cross_street": "506 SW FERMO DR", "source": "LADWP Fire Hydrants (DWP) - ArcGIS Online copy of LA GeoHub layer; IDs verified against City BOE Palisades layer", "in_perimeter": true, "elev_m": 123.0, "elev_ft": 404.0, "pressure_zone_est": 529, "static_psi_est": 54.1}, "geometry": {"type": "Point", "coordinates": [-118.505753516022, 34.0544429309502]}}, {"type": "Feature", "properties": {"hydrant_id": "33591", "operator": "LADWP", "size_code": "2 1/2 S", "make": "Van De Venter", "main_size_in": 6.0, "corner": "SW", "street": "LIVORNO DR", "cross_street": "SALERNO DR", "source": "LADWP Fire Hydrants (DWP) - ArcGIS Online copy of LA GeoHub layer; IDs verified against City BOE Palisades layer", "in_perimeter": true, "elev_m": 76.0, "elev_ft": 249.0, "pressure_zone_est": 529, "static_psi_est": 121.2}, "geometry": {"type": "Point", "coordinates": [-118.546750818793, 34.043472473453]}}, {"type": "Feature", "properties": {"hydrant_id": "43560", "operator": "LADWP", "size_code": "2 1/2 X 4D", "make": "Long Beach Iron Works", "main_size_in": 8.0, "corner": "SW", "street": "WILDOMAR ST", "cross_street": "SUNSET BLVD", "source": "LADWP Fire Hydrants (DWP) - ArcGIS Online copy of LA GeoHub layer; IDs verified against City BOE Palisades layer", "in_perimeter": true, "elev_m": 93.7, "elev_ft": 308.0, "pressure_zone_est": 529, "static_psi_est": 95.7}, "geometry": {"type": "Point", "coordinates": [-118.535331124702, 34.0487318449154]}}, {"type": "Feature", "properties": {"hydrant_id": "44477", "operator": "LADWP", "size_code": "2 1/2 X 4D", "make": "Clow", "main_size_in": 6.0, "corner": "NE", "street": "BELLINO DR", "cross_street": "SABBIADORO WAY", "source": "LADWP Fire Hydrants (DWP) - ArcGIS Online copy of LA GeoHub layer; IDs verified against City BOE Palisades layer", "in_perimeter": false, "elev_m": 99.0, "elev_ft": 325.0, "pressure_zone_est": 529, "static_psi_est": 88.3}, "geometry": {"type": "Point", "coordinates": [-118.561954401048, 34.0446925676726]}}, {"type": "Feature", "properties": {"hydrant_id": "40895", "operator": "LADWP", "size_code": "4 S BU", "make": "Jones Angle Valve 6", "main_size_in": 16.0, "corner": null, "street": null, "cross_street": null, "source": "LADWP Fire Hydrants (DWP) - ArcGIS Online copy of LA GeoHub layer; IDs verified against City BOE Palisades layer", "in_perimeter": false, "elev_m": 252.8, "elev_ft": 829.0, "pressure_zone_est": 1137, "static_psi_est": 133.4}, "geometry": {"type": "Point", "coordinates": [-118.511012376129, 34.0810635633168]}}, {"type": "Feature", "properties": {"hydrant_id": "32862", "operator": "LADWP", "size_code": "2 1/2 X 4D", "make": "Rich", "main_size_in": 6.0, "corner": "E", "street": "ALMAR AVE", "cross_street": "594 SS PUERTO DEL MAR", "source": "LADWP Fire Hydrants (DWP) - ArcGIS Online copy of LA GeoHub layer; IDs verified against City BOE Palisades layer", "in_perimeter": true, "elev_m": 80.7, "elev_ft": 265.0, "pressure_zone_est": 529, "static_psi_est": 114.3}, "geometry": {"type": "Point", "coordinates": [-118.539001656638, 34.0404300510439]}}, {"type": "Feature", "properties": {"hydrant_id": "34850", "operator": "LADWP", "size_code": "2 1/2 X 4D", "make": "Jones", "main_size_in": 12.0, "corner": null, "street": null, "cross_street": null, "source": "LADWP Fire Hydrants (DWP) - ArcGIS Online copy of LA GeoHub layer; IDs verified against City BOE Palisades layer", "in_perimeter": false, "elev_m": 181.0, "elev_ft": 594.0, "pressure_zone_est": 720, "static_psi_est": 54.6}, "geometry": {"type": "Point", "coordinates": [-118.500522144821, 34.0762438680357]}}, {"type": "Feature", "properties": {"hydrant_id": "33312", "operator": "LADWP", "size_code": "2 1/2 S", "make": "Van De Venter", "main_size_in": 8.0, "corner": "W", "street": "LAS CASAS AVE", "cross_street": "56 SS SUNSET BLVD", "source": "LADWP Fire Hydrants (DWP) - ArcGIS Online copy of LA GeoHub layer; IDs verified against City BOE Palisades layer", "in_perimeter": true, "elev_m": 89.5, "elev_ft": 294.0, "pressure_zone_est": 529, "static_psi_est": 101.8}, "geometry": {"type": "Point", "coordinates": [-118.541862262732, 34.0482047128935]}}, {"type": "Feature", "properties": {"hydrant_id": "39943", "operator": "LADWP", "size_code": "2 1/2 X 4D", "make": "Van De Venter", "main_size_in": 12.0, "corner": "W", "street": "SUNSET BLVD", "cross_street": "295 SS LOS LIONES", "source": "LADWP Fire Hydrants (DWP) - ArcGIS Online copy of LA GeoHub layer; IDs verified against City BOE Palisades layer", "in_perimeter": true, "elev_m": 17.9, "elev_ft": 59.0, "pressure_zone_est": 529, "static_psi_est": 203.5}, "geometry": {"type": "Point", "coordinates": [-118.553883447808, 34.0410907587369]}}, {"type": "Feature", "properties": {"hydrant_id": "41563", "operator": "LADWP", "size_code": "2 1/2 X 4D", "make": "Rich", "main_size_in": 36.0, "corner": "W", "street": "PALISADES DR", "cross_street": "91 SS AVE DE SANTA YNEZ", "source": "LADWP Fire Hydrants (DWP) - ArcGIS Online copy of LA GeoHub layer; IDs verified against City BOE Palisades layer", "in_perimeter": true, "elev_m": 173.9, "elev_ft": 571.0, "pressure_zone_est": 720, "static_psi_est": 64.5}, "geometry": {"type": "Point", "coordinates": [-118.561623212713, 34.0700658123983]}}, {"type": "Feature", "properties": {"hydrant_id": "41717", "operator": "LADWP", "size_code": "2 1/2 S BU", "make": "Jones Angle Valve 6", "main_size_in": 8.0, "corner": "SE", "street": "AVE DE SANTA YNEZ", "cross_street": "CALLE DE MADRID", "source": "LADWP Fire Hydrants (DWP) - ArcGIS Online copy of LA GeoHub layer; IDs verified against City BOE Palisades layer", "in_perimeter": true, "elev_m": 221.9, "elev_ft": 728.0, "pressure_zone_est": 1137, "static_psi_est": 177.1}, "geometry": {"type": "Point", "coordinates": [-118.557853186408, 34.0715779784037]}}, {"type": "Feature", "properties": {"hydrant_id": "32677", "operator": "LADWP", "size_code": "2 1/2 X 4D", "make": "Rich", "main_size_in": 6.0, "corner": "SE", "street": "E CHANNEL RD", "cross_street": "DRYAD RD", "source": "LADWP Fire Hydrants (DWP) - ArcGIS Online copy of LA GeoHub layer; IDs verified against City BOE Palisades layer", "in_perimeter": false, "elev_m": 38.6, "elev_ft": 127.0, "pressure_zone_est": 529, "static_psi_est": 174.1}, "geometry": {"type": "Point", "coordinates": [-118.510604475234, 34.0364440833881]}}, {"type": "Feature", "properties": {"hydrant_id": "43811", "operator": "LADWP", "size_code": "2 1/2 X 4D", "make": "Long Beach Iron Works", "main_size_in": 8.0, "corner": "N", "street": "CALLE ALICANTE PVT", "cross_street": "39'EE CALLE DEBORAH PVT", "source": "LADWP Fire Hydrants (DWP) - ArcGIS Online copy of LA GeoHub layer; IDs verified against City BOE Palisades layer", "in_perimeter": true, "elev_m": 464.9, "elev_ft": 1525.0, "pressure_zone_est": 1645, "static_psi_est": 52.0}, "geometry": {"type": "Point", "coordinates": [-118.546333361997, 34.0758167890003]}}, {"type": "Feature", "properties": {"hydrant_id": "43320", "operator": "LADWP", "size_code": "2 1/2 X 4D", "make": "Long Beach Iron Works", "main_size_in": 6.0, "corner": "N", "street": "CALLE DE NANCY PVT", "cross_street": "461'EE CALLE DEBORAH PVT", "source": "LADWP Fire Hydrants (DWP) - ArcGIS Online copy of LA GeoHub layer; IDs verified against City BOE Palisades layer", "in_perimeter": true, "elev_m": 452.5, "elev_ft": 1485.0, "pressure_zone_est": 1645, "static_psi_est": 69.3}, "geometry": {"type": "Point", "coordinates": [-118.546405302555, 34.0746113152626]}}, {"type": "Feature", "properties": {"hydrant_id": "32668", "operator": "LADWP", "size_code": "2 1/2 S", "make": "Van De Venter", "main_size_in": 8.0, "corner": "SW", "street": "AMALFI DR", "cross_street": "SPOLETO DR", "source": "LADWP Fire Hydrants (DWP) - ArcGIS Online copy of LA GeoHub layer; IDs verified against City BOE Palisades layer", "in_perimeter": false, "elev_m": 65.3, "elev_ft": 214.0, "pressure_zone_est": 529, "static_psi_est": 136.4}, "geometry": {"type": "Point", "coordinates": [-118.515034078401, 34.0338249909597]}}, {"type": "Feature", "properties": {"hydrant_id": "42270", "operator": "LADWP", "size_code": "2 1/2 S BU", "make": "Jones Angle Valve 6", "main_size_in": 6.0, "corner": "SW", "street": "CALLE ESTRIBO", "cross_street": "CAMINO DE YATASTO", "source": "LADWP Fire Hydrants (DWP) - ArcGIS Online copy of LA GeoHub layer; IDs verified against City BOE Palisades layer", "in_perimeter": true, "elev_m": 214.7, "elev_ft": 705.0, "pressure_zone_est": 1137, "static_psi_est": 187.1}, "geometry": {"type": "Point", "coordinates": [-118.569696025389, 34.0796477441234]}}, {"type": "Feature", "properties": {"hydrant_id": "40490", "operator": "LADWP", "size_code": "2 1/2 X 4D", "make": "Rich", "main_size_in": 8.0, "corner": "S", "street": "SUNSET BLVD", "cross_street": "483 EE MARQUEZ A LN", "source": "LADWP Fire Hydrants (DWP) - ArcGIS Online copy of LA GeoHub layer; IDs verified against City BOE Palisades layer", "in_perimeter": true, "elev_m": 71.6, "elev_ft": 235.0, "pressure_zone_est": 529, "static_psi_est": 127.3}, "geometry": {"type": "Point", "coordinates": [-118.547625332918, 34.0421584768482]}}, {"type": "Feature", "properties": {"hydrant_id": "32853", "operator": "LADWP", "size_code": "2 1/2 X 4D", "make": "Clow", "main_size_in": 6.0, "corner": "N", "street": "TRINO WAY", "cross_street": "354'EE ARNO WAY", "source": "LADWP Fire Hydrants (DWP) - ArcGIS Online copy of LA GeoHub layer; IDs verified against City BOE Palisades layer", "in_perimeter": true, "elev_m": 60.5, "elev_ft": 198.0, "pressure_zone_est": 529, "static_psi_est": 143.3}, "geometry": {"type": "Point", "coordinates": [-118.544421433965, 34.0412439000403]}}, {"type": "Feature", "properties": {"hydrant_id": "32678", "operator": "LADWP", "size_code": "2 1/2 X 4D", "make": "Rich", "main_size_in": 6.0, "corner": "E", "street": "DRYAD RD", "cross_street": "522 SS E CHANNEL RD", "source": "LADWP Fire Hydrants (DWP) - ArcGIS Online copy of LA GeoHub layer; IDs verified against City BOE Palisades layer", "in_perimeter": false, "elev_m": 38.1, "elev_ft": 125.0, "pressure_zone_est": 529, "static_psi_est": 174.9}, "geometry": {"type": "Point", "coordinates": [-118.510240708981, 34.0354920471029]}}, {"type": "Feature", "properties": {"hydrant_id": "40712", "operator": "LADWP", "size_code": "2 1/2 S BU", "make": "Jones Angle Valve 6", "main_size_in": 6.0, "corner": null, "street": null, "cross_street": null, "source": "LADWP Fire Hydrants (DWP) - ArcGIS Online copy of LA GeoHub layer; IDs verified against City BOE Palisades layer", "in_perimeter": false, "elev_m": 234.8, "elev_ft": 770.0, "pressure_zone_est": 1137, "static_psi_est": 158.9}, "geometry": {"type": "Point", "coordinates": [-118.503392207289, 34.0796713480615]}}, {"type": "Feature", "properties": {"hydrant_id": "44379", "operator": "LADWP", "size_code": "2 1/2 X 4D", "make": "Clow", "main_size_in": 6.0, "corner": "E", "street": "EAST CHANNEL RD", "cross_street": "195'SS AMALFI DR (LE)", "source": "LADWP Fire Hydrants (DWP) - ArcGIS Online copy of LA GeoHub layer; IDs verified against City BOE Palisades layer", "in_perimeter": false, "elev_m": 22.4, "elev_ft": 74.0, "pressure_zone_est": 529, "static_psi_est": 197.0}, "geometry": {"type": "Point", "coordinates": [-118.512416516284, 34.0320702777084]}}, {"type": "Feature", "properties": {"hydrant_id": "42278", "operator": "LADWP", "size_code": "2 1/2 X 4D", "make": "Rich", "main_size_in": 20.0, "corner": "S", "street": "PALISADES DR", "cross_street": "4 EE MONTE GRANDE PL", "source": "LADWP Fire Hydrants (DWP) - ArcGIS Online copy of LA GeoHub layer; IDs verified against City BOE Palisades layer", "in_perimeter": true, "elev_m": 285.6, "elev_ft": 937.0, "pressure_zone_est": 1137, "static_psi_est": 86.6}, "geometry": {"type": "Point", "coordinates": [-118.558359234208, 34.0748676861134]}}, {"type": "Feature", "properties": {"hydrant_id": "37189", "operator": "LADWP", "size_code": "2 1/2 S", "make": "Van De Venter", "main_size_in": 8.0, "corner": "SW", "street": "SUNSET BLVD", "cross_street": "MARQUEZ AVE", "source": "LADWP Fire Hydrants (DWP) - ArcGIS Online copy of LA GeoHub layer; IDs verified against City BOE Palisades layer", "in_perimeter": true, "elev_m": 88.1, "elev_ft": 289.0, "pressure_zone_est": 529, "static_psi_est": 103.9}, "geometry": {"type": "Point", "coordinates": [-118.543712561084, 34.0479896168271]}}, {"type": "Feature", "properties": {"hydrant_id": "33611", "operator": "LADWP", "size_code": "2 1/2 X 4D", "make": "Clow", "main_size_in": 6.0, "corner": "SW", "street": "MONACO DR", "cross_street": "ROMANY DR", "source": "LADWP Fire Hydrants (DWP) - ArcGIS Online copy of LA GeoHub layer; IDs verified against City BOE Palisades layer", "in_perimeter": false, "elev_m": 137.5, "elev_ft": 451.0, "pressure_zone_est": 720, "static_psi_est": 116.5}, "geometry": {"type": "Point", "coordinates": [-118.501160434009, 34.0549025393338]}}, {"type": "Feature", "properties": {"hydrant_id": "39698", "operator": "LADWP", "size_code": "2 1/2 S", "make": "Greenberg", "main_size_in": 8.0, "corner": "NW", "street": "EL MEDIO AVE", "cross_street": "ANOKA DR", "source": "LADWP Fire Hydrants (DWP) - ArcGIS Online copy of LA GeoHub layer; IDs verified against City BOE Palisades layer", "in_perimeter": true, "elev_m": 169.5, "elev_ft": 556.0, "pressure_zone_est": 720, "static_psi_est": 71.0}, "geometry": {"type": "Point", "coordinates": [-118.533715238908, 34.0545513550694]}}, {"type": "Feature", "properties": {"hydrant_id": "40032", "operator": "LADWP", "size_code": "2 1/2 X 4D", "make": "Rich", "main_size_in": 6.0, "corner": "N", "street": "SAN ONOFRE DR", "cross_street": "894 WW ALTA MURA RD", "source": "LADWP Fire Hydrants (DWP) - ArcGIS Online copy of LA GeoHub layer; IDs verified against City BOE Palisades layer", "in_perimeter": false, "elev_m": 212.9, "elev_ft": 698.0, "pressure_zone_est": 1137, "static_psi_est": 190.1}, "geometry": {"type": "Point", "coordinates": [-118.504039180232, 34.0619652376071]}}, {"type": "Feature", "properties": {"hydrant_id": "33962", "operator": "LADWP", "size_code": "2 1/2 S", "make": "Van De Venter", "main_size_in": 8.0, "corner": null, "street": null, "cross_street": null, "source": "LADWP Fire Hydrants (DWP) - ArcGIS Online copy of LA GeoHub layer; IDs verified against City BOE Palisades layer", "in_perimeter": false, "elev_m": 123.5, "elev_ft": 405.0, "pressure_zone_est": 529, "static_psi_est": 53.7}, "geometry": {"type": "Point", "coordinates": [-118.495651377373, 34.0601984032844]}}, {"type": "Feature", "properties": {"hydrant_id": "32829", "operator": "LADWP", "size_code": "2 1/2 S BU", "make": "Jones Angle Valve 6", "main_size_in": 6.0, "corner": "SW", "street": "PORTO MARINA WY", "cross_street": "LECCO L W LANE", "source": "LADWP Fire Hydrants (DWP) - ArcGIS Online copy of LA GeoHub layer; IDs verified against City BOE Palisades layer", "in_perimeter": true, "elev_m": 26.3, "elev_ft": 86.0, "pressure_zone_est": 529, "static_psi_est": 191.8}, "geometry": {"type": "Point", "coordinates": [-118.563829414362, 34.0418839062688]}}, {"type": "Feature", "properties": {"hydrant_id": "37425", "operator": "LADWP", "size_code": "2 1/2 D", "make": "Greenberg", "main_size_in": 6.0, "corner": "S", "street": "PORTO MARINA WY", "cross_street": "499 EE BREVE WAY", "source": "LADWP Fire Hydrants (DWP) - ArcGIS Online copy of LA GeoHub layer; IDs verified against City BOE Palisades layer", "in_perimeter": false, "elev_m": 6.9, "elev_ft": 23.0, "pressure_zone_est": 529, "static_psi_est": 219.1}, "geometry": {"type": "Point", "coordinates": [-118.560899990955, 34.040261998671]}}, {"type": "Feature", "properties": {"hydrant_id": "32858", "operator": "LADWP", "size_code": "4 S BU", "make": "Jones Angle Valve 6", "main_size_in": 6.0, "corner": "E", "street": "LAS CASAS AVE", "cross_street": "1054 SS MARQUETTE", "source": "LADWP Fire Hydrants (DWP) - ArcGIS Online copy of LA GeoHub layer; IDs verified against City BOE Palisades layer", "in_perimeter": true, "elev_m": 78.1, "elev_ft": 256.0, "pressure_zone_est": 529, "static_psi_est": 118.2}, "geometry": {"type": "Point", "coordinates": [-118.54286736984, 34.0409591253635]}}, {"type": "Feature", "properties": {"hydrant_id": "31060", "operator": "LADWP", "size_code": "2 1/2 X 4D", "make": "Clow", "main_size_in": 16.0, "corner": "NW", "street": "CHAUTAUQUA BLVD", "cross_street": "PASKENTA RD", "source": "LADWP Fire Hydrants (DWP) - ArcGIS Online copy of LA GeoHub layer; IDs verified against City BOE Palisades layer", "in_perimeter": true, "elev_m": 146.9, "elev_ft": 482.0, "pressure_zone_est": 720, "static_psi_est": 103.1}, "geometry": {"type": "Point", "coordinates": [-118.51925040973, 34.0525079047056]}}, {"type": "Feature", "properties": {"hydrant_id": "42789", "operator": "LADWP", "size_code": "2 1/2 X 4D", "make": "Clow", "main_size_in": 12.0, "corner": "NE", "street": "VIA FLORESTA", "cross_street": "LACHMAN LN", "source": "LADWP Fire Hydrants (DWP) - ArcGIS Online copy of LA GeoHub layer; IDs verified against City BOE Palisades layer", "in_perimeter": true, "elev_m": 255.8, "elev_ft": 839.0, "pressure_zone_est": 1137, "static_psi_est": 129.0}, "geometry": {"type": "Point", "coordinates": [-118.547138658331, 34.0592139939976]}}, {"type": "Feature", "properties": {"hydrant_id": "43487", "operator": "LADWP", "size_code": "2 1/2 X 4D", "make": "Long Beach Iron Works", "main_size_in": 16.0, "corner": "W", "street": "TEMESCAL TK RD", "cross_street": "127'NN CALLE ALICANTE", "source": "LADWP Fire Hydrants (DWP) - ArcGIS Online copy of LA GeoHub layer; IDs verified against City BOE Palisades layer", "in_perimeter": true, "elev_m": 470.7, "elev_ft": 1544.0, "pressure_zone_est": 1645, "static_psi_est": 43.7}, "geometry": {"type": "Point", "coordinates": [-118.546359825686, 34.07638488124]}}, {"type": "Feature", "properties": {"hydrant_id": "32882", "operator": "LADWP", "size_code": "2 1/2 X 4D", "make": "Rich", "main_size_in": 6.0, "corner": "SE", "street": "CHAPALA DR", "cross_street": "ALMA REAL N DR", "source": "LADWP Fire Hydrants (DWP) - ArcGIS Online copy of LA GeoHub layer; IDs verified against City BOE Palisades layer", "in_perimeter": true, "elev_m": 88.1, "elev_ft": 289.0, "pressure_zone_est": 529, "static_psi_est": 103.9}, "geometry": {"type": "Point", "coordinates": [-118.522937469877, 34.0412610634574]}}, {"type": "Feature", "properties": {"hydrant_id": "32879", "operator": "LADWP", "size_code": "2 1/2 X 4D", "make": "Rich", "main_size_in": 8.0, "corner": "NW", "street": "ALMA REAL DR", "cross_street": "LOMBARD AV", "source": "LADWP Fire Hydrants (DWP) - ArcGIS Online copy of LA GeoHub layer; IDs verified against City BOE Palisades layer", "in_perimeter": true, "elev_m": 87.8, "elev_ft": 288.0, "pressure_zone_est": 529, "static_psi_est": 104.4}, "geometry": {"type": "Point", "coordinates": [-118.52413365926, 34.0394656223017]}}, {"type": "Feature", "properties": {"hydrant_id": "32894", "operator": "LADWP", "size_code": "2 1/2 S", "make": "Van De Venter", "main_size_in": 8.0, "corner": "SW", "street": "SUNSET BLVD", "cross_street": "HARTZELL ST", "source": "LADWP Fire Hydrants (DWP) - ArcGIS Online copy of LA GeoHub layer; IDs verified against City BOE Palisades layer", "in_perimeter": true, "elev_m": 90.6, "elev_ft": 297.0, "pressure_zone_est": 529, "static_psi_est": 100.5}, "geometry": {"type": "Point", "coordinates": [-118.519406243583, 34.041868751516]}}, {"type": "Feature", "properties": {"hydrant_id": "32509", "operator": "LADWP", "size_code": "2 1/2 X 4D", "make": "Clow", "main_size_in": 6.0, "corner": "NW", "street": "MESA RD", "cross_street": "WEST CHANNEL RD", "source": "LADWP Fire Hydrants (DWP) - ArcGIS Online copy of LA GeoHub layer; IDs verified against City BOE Palisades layer", "in_perimeter": false, "elev_m": 14.4, "elev_ft": 47.0, "pressure_zone_est": 529, "static_psi_est": 208.7}, "geometry": {"type": "Point", "coordinates": [-118.51546204955, 34.0304355335106]}}, {"type": "Feature", "properties": {"hydrant_id": "32659", "operator": "LADWP", "size_code": "2 1/2 X 4D", "make": "Clow", "main_size_in": 8.0, "corner": "E", "street": "CHAUTAUQUA BLVD", "cross_street": "384'NN ALMOLOYA DR", "source": "LADWP Fire Hydrants (DWP) - ArcGIS Online copy of LA GeoHub layer; IDs verified against City BOE Palisades layer", "in_perimeter": false, "elev_m": 73.3, "elev_ft": 240.0, "pressure_zone_est": 529, "static_psi_est": 125.1}, "geometry": {"type": "Point", "coordinates": [-118.518572164777, 34.0370960265009]}}, {"type": "Feature", "properties": {"hydrant_id": "38206", "operator": "LADWP", "size_code": "2 1/2 X 4D", "make": "Jones", "main_size_in": 6.0, "corner": "SE", "street": "NIMROD PL", "cross_street": "BRINKLEY AVE", "source": "LADWP Fire Hydrants (DWP) - ArcGIS Online copy of LA GeoHub layer; IDs verified against City BOE Palisades layer", "in_perimeter": false, "elev_m": 97.9, "elev_ft": 321.0, "pressure_zone_est": 529, "static_psi_est": 90.1}, "geometry": {"type": "Point", "coordinates": [-118.496638564455, 34.0508709613118]}}, {"type": "Feature", "properties": {"hydrant_id": "37005", "operator": "LADWP", "size_code": "4 S BU", "make": "Jones Angle Valve 6", "main_size_in": 6.0, "corner": "NW", "street": "MUSKINGUM PL", "cross_street": "TAHQUITZ PL", "source": "LADWP Fire Hydrants (DWP) - ArcGIS Online copy of LA GeoHub layer; IDs verified against City BOE Palisades layer", "in_perimeter": true, "elev_m": 84.7, "elev_ft": 278.0, "pressure_zone_est": 529, "static_psi_est": 108.7}, "geometry": {"type": "Point", "coordinates": [-118.538993535027, 34.0430381455856]}}, {"type": "Feature", "properties": {"hydrant_id": "33096", "operator": "LADWP", "size_code": "4S", "make": "Rich", "main_size_in": 6.0, "corner": "W", "street": "ARBRAMAR AVE", "cross_street": "178 SS MIAMI WAY LE", "source": "LADWP Fire Hydrants (DWP) - ArcGIS Online copy of LA GeoHub layer; IDs verified against City BOE Palisades layer", "in_perimeter": true, "elev_m": 90.1, "elev_ft": 296.0, "pressure_zone_est": 529, "static_psi_est": 100.9}, "geometry": {"type": "Point", "coordinates": [-118.535889132453, 34.0435271574695]}}, {"type": "Feature", "properties": {"hydrant_id": "38393", "operator": "LADWP", "size_code": "2 1/2 S", "make": "Van De Venter", "main_size_in": 12.0, "corner": null, "street": null, "cross_street": null, "source": "LADWP Fire Hydrants (DWP) - ArcGIS Online copy of LA GeoHub layer; IDs verified against City BOE Palisades layer", "in_perimeter": false, "elev_m": 237.1, "elev_ft": 778.0, "pressure_zone_est": 1137, "static_psi_est": 155.4}, "geometry": {"type": "Point", "coordinates": [-118.503600129872, 34.0917875634392]}}, {"type": "Feature", "properties": {"hydrant_id": "32833", "operator": "LADWP", "size_code": "2 1/2 S BU", "make": "Jones Angle Valve 6", "main_size_in": 6.0, "corner": "N", "street": "CASTELLAMMARE", "cross_street": "479 W W REVELLO DR", "source": "LADWP Fire Hydrants (DWP) - ArcGIS Online copy of LA GeoHub layer; IDs verified against City BOE Palisades layer", "in_perimeter": true, "elev_m": 50.4, "elev_ft": 165.0, "pressure_zone_est": 529, "static_psi_est": 157.6}, "geometry": {"type": "Point", "coordinates": [-118.563766872834, 34.042630309184]}}, {"type": "Feature", "properties": {"hydrant_id": "32841", "operator": "LADWP", "size_code": "2 1/2 S BU", "make": "Jones Angle Valve 6", "main_size_in": 8.0, "corner": "W", "street": "POSETANO RD", "cross_street": "51 SS REVELLO DR", "source": "LADWP Fire Hydrants (DWP) - ArcGIS Online copy of LA GeoHub layer; IDs verified against City BOE Palisades layer", "in_perimeter": false, "elev_m": 42.7, "elev_ft": 140.0, "pressure_zone_est": 529, "static_psi_est": 168.4}, "geometry": {"type": "Point", "coordinates": [-118.561104319391, 34.0412964311517]}}, {"type": "Feature", "properties": {"hydrant_id": "32840", "operator": "LADWP", "size_code": "2 1/2 X 4D", "make": "Clow", "main_size_in": 6.0, "corner": "E", "street": "POSETANO RD", "cross_street": "310'NN REVELLO DR", "source": "LADWP Fire Hydrants (DWP) - ArcGIS Online copy of LA GeoHub layer; IDs verified against City BOE Palisades layer", "in_perimeter": false, "elev_m": 53.9, "elev_ft": 177.0, "pressure_zone_est": 529, "static_psi_est": 152.4}, "geometry": {"type": "Point", "coordinates": [-118.561552270062, 34.0421794202873]}}, {"type": "Feature", "properties": {"hydrant_id": "44010", "operator": "LADWP", "size_code": "2 1/2 X 4D", "make": "Long Beach Iron Works", "main_size_in": 6.0, "corner": "NE", "street": "BELLINO DR", "cross_street": "TRAMONTO DR", "source": "LADWP Fire Hydrants (DWP) - ArcGIS Online copy of LA GeoHub layer; IDs verified against City BOE Palisades layer", "in_perimeter": true, "elev_m": 97.0, "elev_ft": 318.0, "pressure_zone_est": 529, "static_psi_est": 91.4}, "geometry": {"type": "Point", "coordinates": [-118.560079006735, 34.0421172635237]}}, {"type": "Feature", "properties": {"hydrant_id": "32860", "operator": "LADWP", "size_code": "2 1/2 X 4D", "make": "Jones", "main_size_in": 6.0, "corner": "W", "street": "GRENOLA ST", "cross_street": "619' SS MARQUETTE ST", "source": "LADWP Fire Hydrants (DWP) - ArcGIS Online copy of LA GeoHub layer; IDs verified against City BOE Palisades layer", "in_perimeter": true, "elev_m": 80.5, "elev_ft": 264.0, "pressure_zone_est": 529, "static_psi_est": 114.7}, "geometry": {"type": "Point", "coordinates": [-118.542406586319, 34.042209896669]}}, {"type": "Feature", "properties": {"hydrant_id": "40681", "operator": "LADWP", "size_code": "2 1/2 S BU", "make": "Jones Angle Valve 6", "main_size_in": 8.0, "corner": null, "street": null, "cross_street": null, "source": "LADWP Fire Hydrants (DWP) - ArcGIS Online copy of LA GeoHub layer; IDs verified against City BOE Palisades layer", "in_perimeter": false, "elev_m": 248.4, "elev_ft": 815.0, "pressure_zone_est": 1137, "static_psi_est": 139.4}, "geometry": {"type": "Point", "coordinates": [-118.507408244834, 34.0758078178859]}}, {"type": "Feature", "properties": {"hydrant_id": "39699", "operator": "LADWP", "size_code": "2 1/2 S", "make": "Greenberg", "main_size_in": 6.0, "corner": "SE", "street": "ANOKA DR", "cross_street": "LAS LOMAS AVE", "source": "LADWP Fire Hydrants (DWP) - ArcGIS Online copy of LA GeoHub layer; IDs verified against City BOE Palisades layer", "in_perimeter": true, "elev_m": 134.8, "elev_ft": 442.0, "pressure_zone_est": 720, "static_psi_est": 120.4}, "geometry": {"type": "Point", "coordinates": [-118.53540546207, 34.0530954002597]}}, {"type": "Feature", "properties": {"hydrant_id": "34254", "operator": "LADWP", "size_code": "2 1/2 X 4D", "make": "Clow", "main_size_in": 12.0, "corner": null, "street": null, "cross_street": null, "source": "LADWP Fire Hydrants (DWP) - ArcGIS Online copy of LA GeoHub layer; IDs verified against City BOE Palisades layer", "in_perimeter": false, "elev_m": 169.3, "elev_ft": 555.0, "pressure_zone_est": 720, "static_psi_est": 71.4}, "geometry": {"type": "Point", "coordinates": [-118.495678075277, 34.0652169958398]}}, {"type": "Feature", "properties": {"hydrant_id": "38502", "operator": "LADWP", "size_code": "2 1/2 X 4D", "make": "Long Beach Iron Works", "main_size_in": 6.0, "corner": null, "street": null, "cross_street": null, "source": "LADWP Fire Hydrants (DWP) - ArcGIS Online copy of LA GeoHub layer; IDs verified against City BOE Palisades layer", "in_perimeter": false, "elev_m": 204.7, "elev_ft": 671.0, "pressure_zone_est": 1137, "static_psi_est": 201.8}, "geometry": {"type": "Point", "coordinates": [-118.491931377002, 34.0702474435823]}}, {"type": "Feature", "properties": {"hydrant_id": "33588", "operator": "LADWP", "size_code": "2 1/2 X 4D", "make": "Long Beach Iron Works", "main_size_in": 16.0, "corner": "S", "street": "MARQUEZ AVE", "cross_street": "94'WW BOLLINGER DR (LE)", "source": "LADWP Fire Hydrants (DWP) - ArcGIS Online copy of LA GeoHub layer; IDs verified against City BOE Palisades layer", "in_perimeter": true, "elev_m": 93.6, "elev_ft": 307.0, "pressure_zone_est": 529, "static_psi_est": 96.1}, "geometry": {"type": "Point", "coordinates": [-118.545170340436, 34.0476933053596]}}, {"type": "Feature", "properties": {"hydrant_id": "43072", "operator": "LADWP", "size_code": "2 1/2 S BU", "make": "Jones Angle Valve 6", "main_size_in": 8.0, "corner": "W", "street": "PALISADES DR", "cross_street": "590'NN SUNSET BLVD", "source": "LADWP Fire Hydrants (DWP) - ArcGIS Online copy of LA GeoHub layer; IDs verified against City BOE Palisades layer", "in_perimeter": false, "elev_m": 47.4, "elev_ft": 155.0, "pressure_zone_est": 529, "static_psi_est": 161.9}, "geometry": {"type": "Point", "coordinates": [-118.552476022505, 34.0461170720946]}}, {"type": "Feature", "properties": {"hydrant_id": "40002", "operator": "LADWP", "size_code": "4S", "make": "Rich", "main_size_in": 8.0, "corner": "W", "street": "SUNSET BLVD", "cross_street": "567 NN LIVORNO DR", "source": "LADWP Fire Hydrants (DWP) - ArcGIS Online copy of LA GeoHub layer; IDs verified against City BOE Palisades layer", "in_perimeter": true, "elev_m": 81.0, "elev_ft": 266.0, "pressure_zone_est": 529, "static_psi_est": 113.9}, "geometry": {"type": "Point", "coordinates": [-118.544058497789, 34.0468332261076]}}, {"type": "Feature", "properties": {"hydrant_id": "43316", "operator": "LADWP", "size_code": "2 1/2 X 4D", "make": "Long Beach Iron Works", "main_size_in": 8.0, "corner": "N", "street": "CALLE BELLEVISTA", "cross_street": "62'WW CALLE DEL CIELO", "source": "LADWP Fire Hydrants (DWP) - ArcGIS Online copy of LA GeoHub layer; IDs verified against City BOE Palisades layer", "in_perimeter": true, "elev_m": 445.0, "elev_ft": 1460.0, "pressure_zone_est": 1645, "static_psi_est": 80.1}, "geometry": {"type": "Point", "coordinates": [-118.549154859428, 34.0777544310075]}}, {"type": "Feature", "properties": {"hydrant_id": "40683", "operator": "LADWP", "size_code": "4S", "make": "Mueller", "main_size_in": 16.0, "corner": null, "street": null, "cross_street": null, "source": "LADWP Fire Hydrants (DWP) - ArcGIS Online copy of LA GeoHub layer; IDs verified against City BOE Palisades layer", "in_perimeter": false, "elev_m": 280.0, "elev_ft": 919.0, "pressure_zone_est": 1137, "static_psi_est": 94.4}, "geometry": {"type": "Point", "coordinates": [-118.50812035448, 34.0781469132764]}}, {"type": "Feature", "properties": {"hydrant_id": "34852", "operator": "LADWP", "size_code": "2 1/2 X 4D", "make": "Jones", "main_size_in": 12.0, "corner": null, "street": null, "cross_street": null, "source": "LADWP Fire Hydrants (DWP) - ArcGIS Online copy of LA GeoHub layer; IDs verified against City BOE Palisades layer", "in_perimeter": false, "elev_m": 191.9, "elev_ft": 630.0, "pressure_zone_est": 1137, "static_psi_est": 219.5}, "geometry": {"type": "Point", "coordinates": [-118.50138682173, 34.0802395180863]}}, {"type": "Feature", "properties": {"hydrant_id": "41868", "operator": "LADWP", "size_code": "2 1/2 X 4D", "make": "Rich", "main_size_in": 6.0, "corner": "W", "street": "DUENDE LN", "cross_street": "432 NN LACHMAN LN", "source": "LADWP Fire Hydrants (DWP) - ArcGIS Online copy of LA GeoHub layer; IDs verified against City BOE Palisades layer", "in_perimeter": true, "elev_m": 261.8, "elev_ft": 859.0, "pressure_zone_est": 1137, "static_psi_est": 120.4}, "geometry": {"type": "Point", "coordinates": [-118.548454685137, 34.0598339971577]}}, {"type": "Feature", "properties": {"hydrant_id": "43743", "operator": "LADWP", "size_code": "2 1/2 X 4D", "make": "Long Beach Iron Works", "main_size_in": 16.0, "corner": null, "street": null, "cross_street": null, "source": "LADWP Fire Hydrants (DWP) - ArcGIS Online copy of LA GeoHub layer; IDs verified against City BOE Palisades layer", "in_perimeter": false, "elev_m": 268.8, "elev_ft": 882.0, "pressure_zone_est": 1137, "static_psi_est": 110.4}, "geometry": {"type": "Point", "coordinates": [-118.498044359052, 34.0809042391247]}}, {"type": "Feature", "properties": {"hydrant_id": "32875", "operator": "LADWP", "size_code": "2 1/2 X 4D", "make": "Rich", "main_size_in": 6.0, "corner": "E", "street": "EARLHAM ST", "cross_street": "100 SS EARLHAM ST", "source": "LADWP Fire Hydrants (DWP) - ArcGIS Online copy of LA GeoHub layer; IDs verified against City BOE Palisades layer", "in_perimeter": true, "elev_m": 84.2, "elev_ft": 276.0, "pressure_zone_est": 529, "static_psi_est": 109.5}, "geometry": {"type": "Point", "coordinates": [-118.526360383755, 34.0374483497695]}}, {"type": "Feature", "properties": {"hydrant_id": "82455", "operator": "LADWP", "size_code": "2 1/2 X 4D", "make": "Jones", "main_size_in": 4.0, "corner": "E", "street": "CHARMEL LN", "cross_street": "260' NN GLYNN DR", "source": "LADWP Fire Hydrants (DWP) - ArcGIS Online copy of LA GeoHub layer; IDs verified against City BOE Palisades layer", "in_perimeter": true, "elev_m": 341.9, "elev_ft": 1122.0, "pressure_zone_est": 1345, "static_psi_est": 96.6}, "geometry": {"type": "Point", "coordinates": [-118.55149952593, 34.0635060587432]}}, {"type": "Feature", "properties": {"hydrant_id": "37160", "operator": "LADWP", "size_code": "2 1/2 X 4D", "make": "Long Beach Iron Works", "main_size_in": 12.0, "corner": null, "street": null, "cross_street": null, "source": "LADWP Fire Hydrants (DWP) - ArcGIS Online copy of LA GeoHub layer; IDs verified against City BOE Palisades layer", "in_perimeter": false, "elev_m": 339.2, "elev_ft": 1113.0, "pressure_zone_est": 1345, "static_psi_est": 100.5}, "geometry": {"type": "Point", "coordinates": [-118.496120658117, 34.0830556253797]}}, {"type": "Feature", "properties": {"hydrant_id": "43338", "operator": "LADWP", "size_code": "2 1/2 X 4D", "make": "Long Beach Iron Works", "main_size_in": 12.0, "corner": "E", "street": "CALLE PATRICIA", "cross_street": "80'NN CALLE JERMAINE", "source": "LADWP Fire Hydrants (DWP) - ArcGIS Online copy of LA GeoHub layer; IDs verified against City BOE Palisades layer", "in_perimeter": true, "elev_m": 411.5, "elev_ft": 1350.0, "pressure_zone_est": 1645, "static_psi_est": 127.7}, "geometry": {"type": "Point", "coordinates": [-118.549534399303, 34.074427300543]}}, {"type": "Feature", "properties": {"hydrant_id": "40134", "operator": "LADWP", "size_code": "2 1/2 S BU", "make": "Jones Angle Valve 6", "main_size_in": 12.0, "corner": null, "street": null, "cross_street": null, "source": "LADWP Fire Hydrants (DWP) - ArcGIS Online copy of LA GeoHub layer; IDs verified against City BOE Palisades layer", "in_perimeter": false, "elev_m": 241.6, "elev_ft": 793.0, "pressure_zone_est": 1137, "static_psi_est": 149.0}, "geometry": {"type": "Point", "coordinates": [-118.503281344188, 34.0929637014072]}}, {"type": "Feature", "properties": {"hydrant_id": "43340", "operator": "LADWP", "size_code": "2 1/2 X 4D", "make": "Long Beach Iron Works", "main_size_in": 8.0, "corner": "W", "street": "CHASTAIN PKWY EAST", "cross_street": "105'NN CALLE BRITTANY", "source": "LADWP Fire Hydrants (DWP) - ArcGIS Online copy of LA GeoHub layer; IDs verified against City BOE Palisades layer", "in_perimeter": true, "elev_m": 433.2, "elev_ft": 1421.0, "pressure_zone_est": 1645, "static_psi_est": 97.0}, "geometry": {"type": "Point", "coordinates": [-118.547289355176, 34.0737456808885]}}, {"type": "Feature", "properties": {"hydrant_id": "33608", "operator": "LADWP", "size_code": "2 1/2 X 4D", "make": "Clow", "main_size_in": 6.0, "corner": "NW", "street": "AMALFI DR", "cross_street": "ROMANY DR", "source": "LADWP Fire Hydrants (DWP) - ArcGIS Online copy of LA GeoHub layer; IDs verified against City BOE Palisades layer", "in_perimeter": false, "elev_m": 141.0, "elev_ft": 462.0, "pressure_zone_est": 720, "static_psi_est": 111.7}, "geometry": {"type": "Point", "coordinates": [-118.504246255459, 34.0549744396942]}}, {"type": "Feature", "properties": {"hydrant_id": "43325", "operator": "LADWP", "size_code": "2 1/2 X 4D", "make": "Long Beach Iron Works", "main_size_in": 6.0, "corner": "S", "street": "CALLE ARBOLADA", "cross_street": "233'EE CALLE PATRICIA", "source": "LADWP Fire Hydrants (DWP) - ArcGIS Online copy of LA GeoHub layer; IDs verified against City BOE Palisades layer", "in_perimeter": true, "elev_m": 394.5, "elev_ft": 1294.0, "pressure_zone_est": 1645, "static_psi_est": 152.0}, "geometry": {"type": "Point", "coordinates": [-118.550524937404, 34.073560304985]}}, {"type": "Feature", "properties": {"hydrant_id": "43327", "operator": "LADWP", "size_code": "2 1/2 X 4D", "make": "Long Beach Iron Works", "main_size_in": 6.0, "corner": "NW", "street": "CALLE ARBOLADA", "cross_street": "PALISADES DR", "source": "LADWP Fire Hydrants (DWP) - ArcGIS Online copy of LA GeoHub layer; IDs verified against City BOE Palisades layer", "in_perimeter": true, "elev_m": 388.5, "elev_ft": 1275.0, "pressure_zone_est": 1645, "static_psi_est": 160.2}, "geometry": {"type": "Point", "coordinates": [-118.549523096979, 34.0719831733298]}}, {"type": "Feature", "properties": {"hydrant_id": "43343", "operator": "LADWP", "size_code": "2 1/2 X 4D", "make": "Long Beach Iron Works", "main_size_in": 6.0, "corner": "E", "street": "CHASTAIN PKWY EAST", "cross_street": "33'SS CALLE JERMAINE", "source": "LADWP Fire Hydrants (DWP) - ArcGIS Online copy of LA GeoHub layer; IDs verified against City BOE Palisades layer", "in_perimeter": true, "elev_m": 409.9, "elev_ft": 1345.0, "pressure_zone_est": 1645, "static_psi_est": 129.9}, "geometry": {"type": "Point", "coordinates": [-118.547691100848, 34.0722582330619]}}, {"type": "Feature", "properties": {"hydrant_id": "42829", "operator": "LADWP", "size_code": "2 1/2 X 4D", "make": "Clow", "main_size_in": 6.0, "corner": "NE", "street": "CUMBRE VERDE CT", "cross_street": "PIEDRA MORADA DR", "source": "LADWP Fire Hydrants (DWP) - ArcGIS Online copy of LA GeoHub layer; IDs verified against City BOE Palisades layer", "in_perimeter": true, "elev_m": 372.5, "elev_ft": 1222.0, "pressure_zone_est": 1345, "static_psi_est": 53.3}, "geometry": {"type": "Point", "coordinates": [-118.551564213397, 34.0710486774258]}}, {"type": "Feature", "properties": {"hydrant_id": "43331", "operator": "LADWP", "size_code": "2 1/2 X 4D", "make": "Long Beach Iron Works", "main_size_in": 8.0, "corner": "NW", "street": "CHASTIAN PKWY WEST", "cross_street": "CALLE DE SARAH (PVT)", "source": "LADWP Fire Hydrants (DWP) - ArcGIS Online copy of LA GeoHub layer; IDs verified against City BOE Palisades layer", "in_perimeter": true, "elev_m": 404.5, "elev_ft": 1327.0, "pressure_zone_est": 1645, "static_psi_est": 137.7}, "geometry": {"type": "Point", "coordinates": [-118.552429239333, 34.0771505976423]}}, {"type": "Feature", "properties": {"hydrant_id": "32665", "operator": "LADWP", "size_code": "2 1/2 X 4D", "make": "Clow", "main_size_in": 6.0, "corner": "W", "street": "MESA RD", "cross_street": "1084'NN SYCAMORE RD", "source": "LADWP Fire Hydrants (DWP) - ArcGIS Online copy of LA GeoHub layer; IDs verified against City BOE Palisades layer", "in_perimeter": false, "elev_m": 28.6, "elev_ft": 94.0, "pressure_zone_est": 529, "static_psi_est": 188.4}, "geometry": {"type": "Point", "coordinates": [-118.51661569955, 34.0337883918569]}}, {"type": "Feature", "properties": {"hydrant_id": "41189", "operator": "LADWP", "size_code": "2 1/2 X 4D", "make": "Rich", "main_size_in": 6.0, "corner": "S", "street": "ALTA MURA RD", "cross_street": "756NN SAN ONOFRE DR", "source": "LADWP Fire Hydrants (DWP) - ArcGIS Online copy of LA GeoHub layer; IDs verified against City BOE Palisades layer", "in_perimeter": false, "elev_m": 216.9, "elev_ft": 712.0, "pressure_zone_est": 1137, "static_psi_est": 184.0}, "geometry": {"type": "Point", "coordinates": [-118.502714983604, 34.0633699579367]}}, {"type": "Feature", "properties": {"hydrant_id": "37418", "operator": "LADWP", "size_code": "2 1/2 S BU", "make": "Jones Angle Valve 4", "main_size_in": 12.0, "corner": null, "street": null, "cross_street": null, "source": "LADWP Fire Hydrants (DWP) - ArcGIS Online copy of LA GeoHub layer; IDs verified against City BOE Palisades layer", "in_perimeter": false, "elev_m": 219.5, "elev_ft": 720.0, "pressure_zone_est": 1137, "static_psi_est": 180.6}, "geometry": {"type": "Point", "coordinates": [-118.503443424757, 34.0826829149229]}}, {"type": "Feature", "properties": {"hydrant_id": "37434", "operator": "LADWP", "size_code": "2 1/2 S BU", "make": "Jones Angle Valve 6", "main_size_in": 12.0, "corner": "E", "street": "EVANS PVT RD", "cross_street": "1450 NN SUNSET BLVD", "source": "LADWP Fire Hydrants (DWP) - ArcGIS Online copy of LA GeoHub layer; IDs verified against City BOE Palisades layer", "in_perimeter": true, "elev_m": 82.0, "elev_ft": 269.0, "pressure_zone_est": 529, "static_psi_est": 112.6}, "geometry": {"type": "Point", "coordinates": [-118.507840013014, 34.0540626316949]}}, {"type": "Feature", "properties": {"hydrant_id": "40004", "operator": "LADWP", "size_code": "2 1/2 X 4D", "make": "Clow", "main_size_in": 6.0, "corner": "NE", "street": "ANTIOCH ST", "cross_street": "HAVERFORD AVE", "source": "LADWP Fire Hydrants (DWP) - ArcGIS Online copy of LA GeoHub layer; IDs verified against City BOE Palisades layer", "in_perimeter": true, "elev_m": 94.4, "elev_ft": 310.0, "pressure_zone_est": 529, "static_psi_est": 94.8}, "geometry": {"type": "Point", "coordinates": [-118.528612928093, 34.0474516002187]}}, {"type": "Feature", "properties": {"hydrant_id": "36969", "operator": "LADWP", "size_code": "2 1/2 X 4D", "make": "Clow", "main_size_in": 8.0, "corner": "NW", "street": "CAPRI DR", "cross_street": "ROMANY DR", "source": "LADWP Fire Hydrants (DWP) - ArcGIS Online copy of LA GeoHub layer; IDs verified against City BOE Palisades layer", "in_perimeter": false, "elev_m": 138.8, "elev_ft": 455.0, "pressure_zone_est": 720, "static_psi_est": 114.7}, "geometry": {"type": "Point", "coordinates": [-118.502712874782, 34.0548322534753]}}, {"type": "Feature", "properties": {"hydrant_id": "34267", "operator": "LADWP", "size_code": "2 1/2 X 4D", "make": "Rich", "main_size_in": 6.0, "corner": null, "street": null, "cross_street": null, "source": "LADWP Fire Hydrants (DWP) - ArcGIS Online copy of LA GeoHub layer; IDs verified against City BOE Palisades layer", "in_perimeter": false, "elev_m": 177.3, "elev_ft": 582.0, "pressure_zone_est": 720, "static_psi_est": 59.8}, "geometry": {"type": "Point", "coordinates": [-118.490908094408, 34.0679832188767]}}, {"type": "Feature", "properties": {"hydrant_id": "38441", "operator": "LADWP", "size_code": "2 1/2 S", "make": "Van De Venter", "main_size_in": 6.0, "corner": null, "street": null, "cross_street": null, "source": "LADWP Fire Hydrants (DWP) - ArcGIS Online copy of LA GeoHub layer; IDs verified against City BOE Palisades layer", "in_perimeter": false, "elev_m": 185.8, "elev_ft": 609.0, "pressure_zone_est": 720, "static_psi_est": 48.1}, "geometry": {"type": "Point", "coordinates": [-118.490671382693, 34.0701682350458]}}, {"type": "Feature", "properties": {"hydrant_id": "33587", "operator": "LADWP", "size_code": "2 1/2 X 4D", "make": "Rich", "main_size_in": 8.0, "corner": "N", "street": "SUNSET BL", "cross_street": "1711 WW MARQUEZ AV", "source": "LADWP Fire Hydrants (DWP) - ArcGIS Online copy of LA GeoHub layer; IDs verified against City BOE Palisades layer", "in_perimeter": false, "elev_m": 45.8, "elev_ft": 150.0, "pressure_zone_est": 529, "static_psi_est": 164.1}, "geometry": {"type": "Point", "coordinates": [-118.551117084693, 34.0443314583342]}}, {"type": "Feature", "properties": {"hydrant_id": "44772", "operator": "LADWP", "size_code": "2 1/2 S BU", "make": "Jones Angle Valve 6", "main_size_in": 6.0, "corner": null, "street": null, "cross_street": null, "source": "LADWP Fire Hydrants (DWP) - ArcGIS Online copy of LA GeoHub layer; IDs verified against City BOE Palisades layer", "in_perimeter": false, "elev_m": 194.4, "elev_ft": 638.0, "pressure_zone_est": 1137, "static_psi_est": 216.1}, "geometry": {"type": "Point", "coordinates": [-118.496633145441, 34.0747352760545]}}, {"type": "Feature", "properties": {"hydrant_id": "37233", "operator": "LADWP", "size_code": "2 1/2 X 4D", "make": "Rich", "main_size_in": 8.0, "corner": null, "street": null, "cross_street": null, "source": "LADWP Fire Hydrants (DWP) - ArcGIS Online copy of LA GeoHub layer; IDs verified against City BOE Palisades layer", "in_perimeter": false, "elev_m": 185.3, "elev_ft": 608.0, "pressure_zone_est": 720, "static_psi_est": 48.5}, "geometry": {"type": "Point", "coordinates": [-118.493922717709, 34.0717429930156]}}, {"type": "Feature", "properties": {"hydrant_id": "40730", "operator": "LADWP", "size_code": "4S", "make": "Rich", "main_size_in": 6.0, "corner": null, "street": null, "cross_street": null, "source": "LADWP Fire Hydrants (DWP) - ArcGIS Online copy of LA GeoHub layer; IDs verified against City BOE Palisades layer", "in_perimeter": false, "elev_m": 200.9, "elev_ft": 659.0, "pressure_zone_est": 1137, "static_psi_est": 207.0}, "geometry": {"type": "Point", "coordinates": [-118.493865648342, 34.0729661505572]}}, {"type": "Feature", "properties": {"hydrant_id": "43808", "operator": "LADWP", "size_code": "2 1/2 X 4D", "make": "Long Beach Iron Works", "main_size_in": 6.0, "corner": "NW", "street": "CALLE MONTECITO", "cross_street": "CALLE DEL CIELO PVT", "source": "LADWP Fire Hydrants (DWP) - ArcGIS Online copy of LA GeoHub layer; IDs verified against City BOE Palisades layer", "in_perimeter": true, "elev_m": 452.4, "elev_ft": 1484.0, "pressure_zone_est": 1645, "static_psi_est": 69.7}, "geometry": {"type": "Point", "coordinates": [-118.548559049366, 34.0780513833401]}}, {"type": "Feature", "properties": {"hydrant_id": "33957", "operator": "LADWP", "size_code": "2 1/2 X 4D", "make": "Clow", "main_size_in": 6.0, "corner": "SW", "street": "SAN REMO DR", "cross_street": "SORRENTO DR", "source": "LADWP Fire Hydrants (DWP) - ArcGIS Online copy of LA GeoHub layer; IDs verified against City BOE Palisades layer", "in_perimeter": false, "elev_m": 166.0, "elev_ft": 545.0, "pressure_zone_est": 720, "static_psi_est": 75.8}, "geometry": {"type": "Point", "coordinates": [-118.500078935904, 34.0599428709375]}}, {"type": "Feature", "properties": {"hydrant_id": "32505", "operator": "LADWP", "size_code": "2 1/2 X 4D", "make": "Clow", "main_size_in": 6.0, "corner": "W", "street": "MAYBERY RD", "cross_street": "558'NN OCEAN WAY", "source": "LADWP Fire Hydrants (DWP) - ArcGIS Online copy of LA GeoHub layer; IDs verified against City BOE Palisades layer", "in_perimeter": false, "elev_m": 25.7, "elev_ft": 84.0, "pressure_zone_est": 529, "static_psi_est": 192.7}, "geometry": {"type": "Point", "coordinates": [-118.515738312574, 34.0283865404132]}}, {"type": "Feature", "properties": {"hydrant_id": "40790", "operator": "LADWP", "size_code": "4S", "make": "Rich", "main_size_in": 6.0, "corner": "W", "street": "TURQUESA LN", "cross_street": "322 SS CHARMEL LN", "source": "LADWP Fire Hydrants (DWP) - ArcGIS Online copy of LA GeoHub layer; IDs verified against City BOE Palisades layer", "in_perimeter": true, "elev_m": 246.8, "elev_ft": 810.0, "pressure_zone_est": 1137, "static_psi_est": 141.6}, "geometry": {"type": "Point", "coordinates": [-118.548514030349, 34.0568351616099]}}, {"type": "Feature", "properties": {"hydrant_id": "32658", "operator": "LADWP", "size_code": "2 1/2 X 4D", "make": "Clow", "main_size_in": 8.0, "corner": "SE", "street": "CHAUTAUQUA BLVD", "cross_street": "ALMOLOYA DR", "source": "LADWP Fire Hydrants (DWP) - ArcGIS Online copy of LA GeoHub layer; IDs verified against City BOE Palisades layer", "in_perimeter": false, "elev_m": 71.0, "elev_ft": 233.0, "pressure_zone_est": 529, "static_psi_est": 128.2}, "geometry": {"type": "Point", "coordinates": [-118.51912654937, 34.0359510692338]}}, {"type": "Feature", "properties": {"hydrant_id": "44325", "operator": "LADWP", "size_code": "2 1/2 X 4D", "make": "Clow", "main_size_in": 6.0, "corner": "N", "street": "CALLE HALEIGH", "cross_street": "406'WW CHASTAIN PKWY E", "source": "LADWP Fire Hydrants (DWP) - ArcGIS Online copy of LA GeoHub layer; IDs verified against City BOE Palisades layer", "in_perimeter": true, "elev_m": 413.7, "elev_ft": 1357.0, "pressure_zone_est": 1645, "static_psi_est": 124.7}, "geometry": {"type": "Point", "coordinates": [-118.54861581032, 34.0737456814426]}}, {"type": "Feature", "properties": {"hydrant_id": "29216", "operator": "LADWP", "size_code": "2 1/2 X 4D", "make": "Long Beach Iron Works", "main_size_in": 16.0, "corner": "N", "street": "CALLE ARBOLADA", "cross_street": "71'EE CALLE PATRICIA", "source": "LADWP Fire Hydrants (DWP) - ArcGIS Online copy of LA GeoHub layer; IDs verified against City BOE Palisades layer", "in_perimeter": true, "elev_m": 397.0, "elev_ft": 1302.0, "pressure_zone_est": 1645, "static_psi_est": 148.5}, "geometry": {"type": "Point", "coordinates": [-118.550313169566, 34.0740423182018]}}, {"type": "Feature", "properties": {"hydrant_id": "43326", "operator": "LADWP", "size_code": "2 1/2 X 4D", "make": "Long Beach Iron Works", "main_size_in": 6.0, "corner": "E", "street": "CALLE ARBOLADA", "cross_street": "421'NN PALISADES DR", "source": "LADWP Fire Hydrants (DWP) - ArcGIS Online copy of LA GeoHub layer; IDs verified against City BOE Palisades layer", "in_perimeter": true, "elev_m": 393.4, "elev_ft": 1291.0, "pressure_zone_est": 1645, "static_psi_est": 153.3}, "geometry": {"type": "Point", "coordinates": [-118.549421215249, 34.0729365825261]}}, {"type": "Feature", "properties": {"hydrant_id": "42825", "operator": "LADWP", "size_code": "2 1/2 X 4D", "make": "Clow", "main_size_in": 12.0, "corner": "SE", "street": "PIEDRA MORADA DR", "cross_street": "PALISADES DR", "source": "LADWP Fire Hydrants (DWP) - ArcGIS Online copy of LA GeoHub layer; IDs verified against City BOE Palisades layer", "in_perimeter": true, "elev_m": 370.9, "elev_ft": 1217.0, "pressure_zone_est": 1345, "static_psi_est": 55.4}, "geometry": {"type": "Point", "coordinates": [-118.551264014156, 34.0726458668422]}}, {"type": "Feature", "properties": {"hydrant_id": "33322", "operator": "LADWP", "size_code": "2 1/2 S", "make": "Van De Venter", "main_size_in": 8.0, "corner": "NW", "street": "EL MEDIO AVE PV", "cross_street": "ALCIMA AVE  PVT", "source": "LADWP Fire Hydrants (DWP) - ArcGIS Online copy of LA GeoHub layer; IDs verified against City BOE Palisades layer", "in_perimeter": true, "elev_m": 121.2, "elev_ft": 398.0, "pressure_zone_est": 529, "static_psi_est": 56.7}, "geometry": {"type": "Point", "coordinates": [-118.531816065796, 34.0510359093568]}}, {"type": "Feature", "properties": {"hydrant_id": "33576", "operator": "LADWP", "size_code": "2 1/2 S", "make": "Van De Venter", "main_size_in": 6.0, "corner": "W", "street": "QUADRO VACCHIO", "cross_street": "466 S E BELLINO DR", "source": "LADWP Fire Hydrants (DWP) - ArcGIS Online copy of LA GeoHub layer; IDs verified against City BOE Palisades layer", "in_perimeter": true, "elev_m": 107.3, "elev_ft": 352.0, "pressure_zone_est": 529, "static_psi_est": 76.6}, "geometry": {"type": "Point", "coordinates": [-118.55959942478, 34.0429926600976]}}, {"type": "Feature", "properties": {"hydrant_id": "29101", "operator": "LADWP", "size_code": "4 S BU", "make": "Jones Angle Valve 4", "main_size_in": 6.0, "corner": "S", "street": "SPRINKLER MAIN", "cross_street": "305 SN SOUTH CREST RD", "source": "LADWP Fire Hydrants (DWP) - ArcGIS Online copy of LA GeoHub layer; IDs verified against City BOE Palisades layer", "in_perimeter": true, "elev_m": 220.5, "elev_ft": 723.0, "pressure_zone_est": 1137, "static_psi_est": 179.3}, "geometry": {"type": "Point", "coordinates": [-118.567610506574, 34.0714910824367]}}, {"type": "Feature", "properties": {"hydrant_id": "32849", "operator": "LADWP", "size_code": "2 1/2 X 4D", "make": "Clow", "main_size_in": 6.0, "corner": "W", "street": "MANTUA RD", "cross_street": "595'SS ARNO WAY", "source": "LADWP Fire Hydrants (DWP) - ArcGIS Online copy of LA GeoHub layer; IDs verified against City BOE Palisades layer", "in_perimeter": true, "elev_m": 44.5, "elev_ft": 146.0, "pressure_zone_est": 529, "static_psi_est": 165.8}, "geometry": {"type": "Point", "coordinates": [-118.547192689876, 34.0403732041941]}}, {"type": "Feature", "properties": {"hydrant_id": "44490", "operator": "LADWP", "size_code": "2 1/2 X 4D", "make": "Clow", "main_size_in": 8.0, "corner": "W", "street": "BAY CLUB DR(PVT)", "cross_street": "PACIFIC COAST HWY", "source": "LADWP Fire Hydrants (DWP) - ArcGIS Online copy of LA GeoHub layer; IDs verified against City BOE Palisades layer", "in_perimeter": true, "elev_m": 12.8, "elev_ft": 42.0, "pressure_zone_est": 529, "static_psi_est": 210.9}, "geometry": {"type": "Point", "coordinates": [-118.546109727461, 34.0398349842262]}}, {"type": "Feature", "properties": {"hydrant_id": "32852", "operator": "LADWP", "size_code": "2 1/2 X 4D", "make": "Clow", "main_size_in": 6.0, "corner": "E", "street": "ARNO WAY", "cross_street": "74'SS BAY CLUB DR(PVT)", "source": "LADWP Fire Hydrants (DWP) - ArcGIS Online copy of LA GeoHub layer; IDs verified against City BOE Palisades layer", "in_perimeter": true, "elev_m": 44.9, "elev_ft": 147.0, "pressure_zone_est": 529, "static_psi_est": 165.4}, "geometry": {"type": "Point", "coordinates": [-118.544097020866, 34.0403301197827]}}, {"type": "Feature", "properties": {"hydrant_id": "32831", "operator": "LADWP", "size_code": "2 1/2 S BU", "make": "Jones Angle Valve 6", "main_size_in": 6.0, "corner": "SE", "street": "PORTO MARINA WY", "cross_street": "LECCO L E LANE", "source": "LADWP Fire Hydrants (DWP) - ArcGIS Online copy of LA GeoHub layer; IDs verified against City BOE Palisades layer", "in_perimeter": true, "elev_m": 32.2, "elev_ft": 106.0, "pressure_zone_est": 529, "static_psi_est": 183.2}, "geometry": {"type": "Point", "coordinates": [-118.564643216669, 34.0418582302513]}}, {"type": "Feature", "properties": {"hydrant_id": "42793", "operator": "LADWP", "size_code": "2 1/2 S BU", "make": "Jones Angle Valve 6", "main_size_in": 12.0, "corner": "S", "street": "VIA FLORESTA", "cross_street": "351 WW BIENVENEDA AVE", "source": "LADWP Fire Hydrants (DWP) - ArcGIS Online copy of LA GeoHub layer; IDs verified against City BOE Palisades layer", "in_perimeter": true, "elev_m": 215.7, "elev_ft": 708.0, "pressure_zone_est": 1137, "static_psi_est": 185.8}, "geometry": {"type": "Point", "coordinates": [-118.544279513499, 34.0619468693027]}}, {"type": "Feature", "properties": {"hydrant_id": "32661", "operator": "LADWP", "size_code": "2 1/2 X 4D", "make": "Clow", "main_size_in": 6.0, "corner": "NE", "street": "SYCAMORE RD", "cross_street": "EAST RUSTIC RD", "source": "LADWP Fire Hydrants (DWP) - ArcGIS Online copy of LA GeoHub layer; IDs verified against City BOE Palisades layer", "in_perimeter": false, "elev_m": 21.2, "elev_ft": 69.0, "pressure_zone_est": 529, "static_psi_est": 199.2}, "geometry": {"type": "Point", "coordinates": [-118.517785817283, 34.0340745465122]}}, {"type": "Feature", "properties": {"hydrant_id": "38511", "operator": "LADWP", "size_code": "2 1/2 X 4D", "make": "Clow", "main_size_in": 4.0, "corner": "NW", "street": "WEST RUSTIC RD", "cross_street": "HILLSIDE LN", "source": "LADWP Fire Hydrants (DWP) - ArcGIS Online copy of LA GeoHub layer; IDs verified against City BOE Palisades layer", "in_perimeter": false, "elev_m": 21.8, "elev_ft": 72.0, "pressure_zone_est": 529, "static_psi_est": 197.9}, "geometry": {"type": "Point", "coordinates": [-118.518208394123, 34.0339198677393]}}, {"type": "Feature", "properties": {"hydrant_id": "44378", "operator": "LADWP", "size_code": "2 1/2 X 4D", "make": "Clow", "main_size_in": 6.0, "corner": "E", "street": "UPPER MESA RD", "cross_street": "365'SS LATIMER RD", "source": "LADWP Fire Hydrants (DWP) - ArcGIS Online copy of LA GeoHub layer; IDs verified against City BOE Palisades layer", "in_perimeter": false, "elev_m": 62.6, "elev_ft": 205.0, "pressure_zone_est": 529, "static_psi_est": 140.3}, "geometry": {"type": "Point", "coordinates": [-118.515546007219, 34.0340295026782]}}, {"type": "Feature", "properties": {"hydrant_id": "41700", "operator": "LADWP", "size_code": "2 1/2 X 4D", "make": "Mueller", "main_size_in": 16.0, "corner": "E", "street": "BIENVENEDA AV", "cross_street": "512 NN EL HITO CIR", "source": "LADWP Fire Hydrants (DWP) - ArcGIS Online copy of LA GeoHub layer; IDs verified against City BOE Palisades layer", "in_perimeter": true, "elev_m": 158.3, "elev_ft": 519.0, "pressure_zone_est": 720, "static_psi_est": 87.0}, "geometry": {"type": "Point", "coordinates": [-118.541997351861, 34.058056265531]}}, {"type": "Feature", "properties": {"hydrant_id": "33139", "operator": "LADWP", "size_code": "2 1/2 X 4D", "make": "Clow", "main_size_in": 6.0, "corner": "SW", "street": "NAPOLI DR", "cross_street": "TOULON DR", "source": "LADWP Fire Hydrants (DWP) - ArcGIS Online copy of LA GeoHub layer; IDs verified against City BOE Palisades layer", "in_perimeter": false, "elev_m": 90.9, "elev_ft": 298.0, "pressure_zone_est": 529, "static_psi_est": 100.0}, "geometry": {"type": "Point", "coordinates": [-118.507321275974, 34.044231852965]}}, {"type": "Feature", "properties": {"hydrant_id": "41144", "operator": "LADWP", "size_code": "2 1/2 X 4D", "make": "Rich", "main_size_in": 12.0, "corner": null, "street": null, "cross_street": null, "source": "LADWP Fire Hydrants (DWP) - ArcGIS Online copy of LA GeoHub layer; IDs verified against City BOE Palisades layer", "in_perimeter": false, "elev_m": 325.3, "elev_ft": 1067.0, "pressure_zone_est": 1345, "static_psi_est": 120.4}, "geometry": {"type": "Point", "coordinates": [-118.506993926063, 34.0835737462906]}}, {"type": "Feature", "properties": {"hydrant_id": "39871", "operator": "LADWP", "size_code": "2 1/2 S BU", "make": "Jones Angle Valve 6", "main_size_in": 6.0, "corner": null, "street": null, "cross_street": null, "source": "LADWP Fire Hydrants (DWP) - ArcGIS Online copy of LA GeoHub layer; IDs verified against City BOE Palisades layer", "in_perimeter": false, "elev_m": 200.9, "elev_ft": 659.0, "pressure_zone_est": 1137, "static_psi_est": 207.0}, "geometry": {"type": "Point", "coordinates": [-118.491593275142, 34.0741850986819]}}, {"type": "Feature", "properties": {"hydrant_id": "33321", "operator": "LADWP", "size_code": "2 1/2 S", "make": "Van De Venter", "main_size_in": 8.0, "corner": "SW", "street": "EL MEDIO AVE", "cross_street": "MUSKINGUM AVE PVT", "source": "LADWP Fire Hydrants (DWP) - ArcGIS Online copy of LA GeoHub layer; IDs verified against City BOE Palisades layer", "in_perimeter": true, "elev_m": 105.4, "elev_ft": 346.0, "pressure_zone_est": 529, "static_psi_est": 79.2}, "geometry": {"type": "Point", "coordinates": [-118.532369370168, 34.0497403647353]}}, {"type": "Feature", "properties": {"hydrant_id": "44366", "operator": "LADWP", "size_code": "2 1/2 X 4D", "make": "Clow", "main_size_in": 6.0, "corner": "NW", "street": "HARTZELL ST", "cross_street": "DRUMMOND ST", "source": "LADWP Fire Hydrants (DWP) - ArcGIS Online copy of LA GeoHub layer; IDs verified against City BOE Palisades layer", "in_perimeter": true, "elev_m": 94.6, "elev_ft": 310.0, "pressure_zone_est": 529, "static_psi_est": 94.8}, "geometry": {"type": "Point", "coordinates": [-118.519365995529, 34.0434680077252]}}, {"type": "Feature", "properties": {"hydrant_id": "42410", "operator": "LADWP", "size_code": "2 1/2 X 4D", "make": "Rich", "main_size_in": 6.0, "corner": "SE", "street": "P S EO BROOKTREE", "cross_street": "LATIMER(PVT)RD", "source": "LADWP Fire Hydrants (DWP) - ArcGIS Online copy of LA GeoHub layer; IDs verified against City BOE Palisades layer", "in_perimeter": false, "elev_m": 63.7, "elev_ft": 209.0, "pressure_zone_est": 529, "static_psi_est": 138.6}, "geometry": {"type": "Point", "coordinates": [-118.513325839187, 34.0461936721079]}}, {"type": "Feature", "properties": {"hydrant_id": "33136", "operator": "LADWP", "size_code": "2 1/2 X 4D", "make": "Clow", "main_size_in": 8.0, "corner": "SW", "street": "AMALFI DR", "cross_street": "TOULON DR", "source": "LADWP Fire Hydrants (DWP) - ArcGIS Online copy of LA GeoHub layer; IDs verified against City BOE Palisades layer", "in_perimeter": false, "elev_m": 98.1, "elev_ft": 322.0, "pressure_zone_est": 529, "static_psi_est": 89.6}, "geometry": {"type": "Point", "coordinates": [-118.510279554301, 34.0441359620736]}}, {"type": "Feature", "properties": {"hydrant_id": "33130", "operator": "LADWP", "size_code": "2 1/2 X 4D", "make": "Jones", "main_size_in": 8.0, "corner": "NW", "street": "BROOKTREE RD", "cross_street": "GREENTREE RD", "source": "LADWP Fire Hydrants (DWP) - ArcGIS Online copy of LA GeoHub layer; IDs verified against City BOE Palisades layer", "in_perimeter": false, "elev_m": 66.2, "elev_ft": 217.0, "pressure_zone_est": 529, "static_psi_est": 135.1}, "geometry": {"type": "Point", "coordinates": [-118.514501650495, 34.0450708508121]}}, {"type": "Feature", "properties": {"hydrant_id": "33333", "operator": "LADWP", "size_code": "2 1/2 S", "make": "Van De Venter", "main_size_in": 6.0, "corner": "NW", "street": "RIMMER AVE", "cross_street": "MC KENDREE AVE", "source": "LADWP Fire Hydrants (DWP) - ArcGIS Online copy of LA GeoHub layer; IDs verified against City BOE Palisades layer", "in_perimeter": true, "elev_m": 149.7, "elev_ft": 491.0, "pressure_zone_est": 720, "static_psi_est": 99.2}, "geometry": {"type": "Point", "coordinates": [-118.526373005318, 34.0528829610802]}}, {"type": "Feature", "properties": {"hydrant_id": "43342", "operator": "LADWP", "size_code": "2 1/2 X 4D", "make": "Long Beach Iron Works", "main_size_in": 8.0, "corner": "NW", "street": "CHASTAIN PKWY EAST", "cross_street": "CALLE HALEIGH", "source": "LADWP Fire Hydrants (DWP) - ArcGIS Online copy of LA GeoHub layer; IDs verified against City BOE Palisades layer", "in_perimeter": true, "elev_m": 418.4, "elev_ft": 1373.0, "pressure_zone_est": 1645, "static_psi_est": 117.8}, "geometry": {"type": "Point", "coordinates": [-118.547822461482, 34.0730248789906]}}, {"type": "Feature", "properties": {"hydrant_id": "29142", "operator": "LADWP", "size_code": "4 S BU", "make": "Jones Angle Valve 6", "main_size_in": 12.0, "corner": "E", "street": "MARQUEZ KNOLLS TNK", "cross_street": "12 WW VAULT", "source": "LADWP Fire Hydrants (DWP) - ArcGIS Online copy of LA GeoHub layer; IDs verified against City BOE Palisades layer", "in_perimeter": true, "elev_m": 334.6, "elev_ft": 1098.0, "pressure_zone_est": 1345, "static_psi_est": 107.0}, "geometry": {"type": "Point", "coordinates": [-118.550289799528, 34.0621027262883]}}, {"type": "Feature", "properties": {"hydrant_id": "40405", "operator": "LADWP", "size_code": "2 1/2 S BU", "make": "Jones Angle Valve 6", "main_size_in": 6.0, "corner": "NW", "street": "GLENHAVEN LW DR", "cross_street": "LACHMAN LANE", "source": "LADWP Fire Hydrants (DWP) - ArcGIS Online copy of LA GeoHub layer; IDs verified against City BOE Palisades layer", "in_perimeter": true, "elev_m": 186.9, "elev_ft": 613.0, "pressure_zone_est": 720, "static_psi_est": 46.3}, "geometry": {"type": "Point", "coordinates": [-118.547023761159, 34.0550076135753]}}, {"type": "Feature", "properties": {"hydrant_id": "44382", "operator": "LADWP", "size_code": "2 1/2 X 4D", "make": "Clow", "main_size_in": 6.0, "corner": "N", "street": "AMALFI DR", "cross_street": "307'EE SUMAC LN (S)", "source": "LADWP Fire Hydrants (DWP) - ArcGIS Online copy of LA GeoHub layer; IDs verified against City BOE Palisades layer", "in_perimeter": false, "elev_m": 39.3, "elev_ft": 129.0, "pressure_zone_est": 529, "static_psi_est": 173.2}, "geometry": {"type": "Point", "coordinates": [-118.514131472063, 34.0326554876939]}}, {"type": "Feature", "properties": {"hydrant_id": "42986", "operator": "LADWP", "size_code": "2 1/2 S BU", "make": "Jones Angle Valve 6", "main_size_in": 8.0, "corner": "N", "street": "SHADOW MTN DR", "cross_street": "589 EE BIENVENEDA AVE", "source": "LADWP Fire Hydrants (DWP) - ArcGIS Online copy of LA GeoHub layer; IDs verified against City BOE Palisades layer", "in_perimeter": true, "elev_m": 207.5, "elev_ft": 681.0, "pressure_zone_est": 1137, "static_psi_est": 197.4}, "geometry": {"type": "Point", "coordinates": [-118.541537528292, 34.0609357659382]}}, {"type": "Feature", "properties": {"hydrant_id": "40276", "operator": "LADWP", "size_code": "2 1/2 X 4D", "make": "Clow", "main_size_in": 6.0, "corner": "W", "street": "RIVAS CANYON RD (PVT)", "cross_street": "1880' NN SUNSET BLVD", "source": "LADWP Fire Hydrants (DWP) - ArcGIS Online copy of LA GeoHub layer; IDs verified against City BOE Palisades layer", "in_perimeter": true, "elev_m": 89.6, "elev_ft": 294.0, "pressure_zone_est": 529, "static_psi_est": 101.8}, "geometry": {"type": "Point", "coordinates": [-118.515924870275, 34.050896666639]}}, {"type": "Feature", "properties": {"hydrant_id": "33319", "operator": "LADWP", "size_code": "2 1/2 X 4D", "make": "Clow", "main_size_in": 6.0, "corner": "SW", "street": "ALMAR AVE", "cross_street": "SUNSET BLVD", "source": "LADWP Fire Hydrants (DWP) - ArcGIS Online copy of LA GeoHub layer; IDs verified against City BOE Palisades layer", "in_perimeter": true, "elev_m": 98.9, "elev_ft": 324.0, "pressure_zone_est": 529, "static_psi_est": 88.8}, "geometry": {"type": "Point", "coordinates": [-118.534415450975, 34.0486975952381]}}, {"type": "Feature", "properties": {"hydrant_id": "32672", "operator": "LADWP", "size_code": "2 1/2 X 4D", "make": "Clow", "main_size_in": 6.0, "corner": "W", "street": "AMALFI DR", "cross_street": "662'NN SPOLETO DR (S)", "source": "LADWP Fire Hydrants (DWP) - ArcGIS Online copy of LA GeoHub layer; IDs verified against City BOE Palisades layer", "in_perimeter": false, "elev_m": 72.5, "elev_ft": 238.0, "pressure_zone_est": 529, "static_psi_est": 126.0}, "geometry": {"type": "Point", "coordinates": [-118.513515637388, 34.035283061699]}}, {"type": "Feature", "properties": {"hydrant_id": "42834", "operator": "LADWP", "size_code": "2 1/2 X 4D", "make": "Clow", "main_size_in": 6.0, "corner": "N", "street": "CUMBRE ALTA CT", "cross_street": "551 WW MONTE HERMOSO DR", "source": "LADWP Fire Hydrants (DWP) - ArcGIS Online copy of LA GeoHub layer; IDs verified against City BOE Palisades layer", "in_perimeter": true, "elev_m": 313.3, "elev_ft": 1028.0, "pressure_zone_est": 1137, "static_psi_est": 47.2}, "geometry": {"type": "Point", "coordinates": [-118.554267370241, 34.0686429616689]}}, {"type": "Feature", "properties": {"hydrant_id": "39866", "operator": "LADWP", "size_code": "2 1/2 S BU", "make": "Jones Angle Valve 6", "main_size_in": 6.0, "corner": null, "street": null, "cross_street": null, "source": "LADWP Fire Hydrants (DWP) - ArcGIS Online copy of LA GeoHub layer; IDs verified against City BOE Palisades layer", "in_perimeter": false, "elev_m": 215.0, "elev_ft": 705.0, "pressure_zone_est": 1137, "static_psi_est": 187.1}, "geometry": {"type": "Point", "coordinates": [-118.491547122055, 34.0728552496413]}}, {"type": "Feature", "properties": {"hydrant_id": "33953", "operator": "LADWP", "size_code": "2 1/2 X 4D", "make": "Clow", "main_size_in": 8.0, "corner": "NW", "street": "CASALE RD", "cross_street": "CAPRI DR", "source": "LADWP Fire Hydrants (DWP) - ArcGIS Online copy of LA GeoHub layer; IDs verified against City BOE Palisades layer", "in_perimeter": false, "elev_m": 188.9, "elev_ft": 620.0, "pressure_zone_est": 720, "static_psi_est": 43.3}, "geometry": {"type": "Point", "coordinates": [-118.503600566534, 34.0611620984074]}}, {"type": "Feature", "properties": {"hydrant_id": "37231", "operator": "LADWP", "size_code": "2 1/2 X 4D", "make": "Rich", "main_size_in": 8.0, "corner": null, "street": null, "cross_street": null, "source": "LADWP Fire Hydrants (DWP) - ArcGIS Online copy of LA GeoHub layer; IDs verified against City BOE Palisades layer", "in_perimeter": false, "elev_m": 163.9, "elev_ft": 538.0, "pressure_zone_est": 720, "static_psi_est": 78.8}, "geometry": {"type": "Point", "coordinates": [-118.495385920963, 34.0729157939829]}}, {"type": "Feature", "properties": {"hydrant_id": "33079", "operator": "LADWP", "size_code": "2 1/2 S", "make": "Van De Venter", "main_size_in": 6.0, "corner": "SE", "street": "CASTELLAMMARE", "cross_street": "TRAMANTO DR", "source": "LADWP Fire Hydrants (DWP) - ArcGIS Online copy of LA GeoHub layer; IDs verified against City BOE Palisades layer", "in_perimeter": true, "elev_m": 54.5, "elev_ft": 179.0, "pressure_zone_est": 529, "static_psi_est": 151.6}, "geometry": {"type": "Point", "coordinates": [-118.565556859732, 34.0430905659226]}}, {"type": "Feature", "properties": {"hydrant_id": "33574", "operator": "LADWP", "size_code": "2 1/2 S BU", "make": "Jones Angle Valve 6", "main_size_in": 8.0, "corner": "NE", "street": "TRAMONTO DR", "cross_street": "NOTTE ARGENTA DR", "source": "LADWP Fire Hydrants (DWP) - ArcGIS Online copy of LA GeoHub layer; IDs verified against City BOE Palisades layer", "in_perimeter": false, "elev_m": 97.9, "elev_ft": 321.0, "pressure_zone_est": 529, "static_psi_est": 90.1}, "geometry": {"type": "Point", "coordinates": [-118.561258881313, 34.0428091476191]}}, {"type": "Feature", "properties": {"hydrant_id": "81173", "operator": "LADWP", "size_code": "2 1/2 S BU", "make": "Jones Angle Valve 6", "main_size_in": 6.0, "corner": "S", "street": "PASEO MIRAMAR", "cross_street": "271' WW VIA NICOLAS CURB", "source": "LADWP Fire Hydrants (DWP) - ArcGIS Online copy of LA GeoHub layer; IDs verified against City BOE Palisades layer", "in_perimeter": true, "elev_m": 53.5, "elev_ft": 175.0, "pressure_zone_est": 529, "static_psi_est": 153.3}, "geometry": {"type": "Point", "coordinates": [-118.555396163742, 34.04450450701]}}, {"type": "Feature", "properties": {"hydrant_id": "42198", "operator": "LADWP", "size_code": "2 1/2 S BU", "make": "Jones Angle Valve 6", "main_size_in": 8.0, "corner": "W", "street": "MICHAEL LN", "cross_street": "346 NN VEREDA DE MONTURA", "source": "LADWP Fire Hydrants (DWP) - ArcGIS Online copy of LA GeoHub layer; IDs verified against City BOE Palisades layer", "in_perimeter": true, "elev_m": 217.1, "elev_ft": 712.0, "pressure_zone_est": 1137, "static_psi_est": 184.0}, "geometry": {"type": "Point", "coordinates": [-118.565377421543, 34.0782172755471]}}, {"type": "Feature", "properties": {"hydrant_id": "42268", "operator": "LADWP", "size_code": "2 1/2 S BU", "make": "Jones Angle Valve 6", "main_size_in": 8.0, "corner": "E", "street": "CAMINO YATASTO", "cross_street": "1 NS CALLE DE PALERMO", "source": "LADWP Fire Hydrants (DWP) - ArcGIS Online copy of LA GeoHub layer; IDs verified against City BOE Palisades layer", "in_perimeter": true, "elev_m": 233.8, "elev_ft": 767.0, "pressure_zone_est": 1137, "static_psi_est": 160.2}, "geometry": {"type": "Point", "coordinates": [-118.571153325475, 34.0795182510428]}}, {"type": "Feature", "properties": {"hydrant_id": "42291", "operator": "LADWP", "size_code": "2 1/2 S BU", "make": "Jones Angle Valve 6", "main_size_in": 8.0, "corner": "N", "street": "CAMINO YATASTO", "cross_street": "506 WW VEREDA MONTURA", "source": "LADWP Fire Hydrants (DWP) - ArcGIS Online copy of LA GeoHub layer; IDs verified against City BOE Palisades layer", "in_perimeter": true, "elev_m": 202.4, "elev_ft": 664.0, "pressure_zone_est": 1137, "static_psi_est": 204.8}, "geometry": {"type": "Point", "coordinates": [-118.56925049852, 34.0781392642682]}}, {"type": "Feature", "properties": {"hydrant_id": "41970", "operator": "LADWP", "size_code": "2 1/2 S BU", "make": "Jones Angle Valve 6", "main_size_in": 8.0, "corner": "N", "street": "PALISADES CIR", "cross_street": "800 EE PALISADES DR", "source": "LADWP Fire Hydrants (DWP) - ArcGIS Online copy of LA GeoHub layer; IDs verified against City BOE Palisades layer", "in_perimeter": true, "elev_m": 221.0, "elev_ft": 725.0, "pressure_zone_est": 1137, "static_psi_est": 178.4}, "geometry": {"type": "Point", "coordinates": [-118.562343555416, 34.0757047641977]}}, {"type": "Feature", "properties": {"hydrant_id": "42970", "operator": "LADWP", "size_code": "2 1/2 X 4D", "make": "Clow", "main_size_in": 6.0, "corner": "SW", "street": "EDGAR ST", "cross_street": "MARQUEZ AVE", "source": "LADWP Fire Hydrants (DWP) - ArcGIS Online copy of LA GeoHub layer; IDs verified against City BOE Palisades layer", "in_perimeter": true, "elev_m": 98.0, "elev_ft": 321.0, "pressure_zone_est": 529, "static_psi_est": 90.1}, "geometry": {"type": "Point", "coordinates": [-118.545693183656, 34.0471070701127]}}, {"type": "Feature", "properties": {"hydrant_id": "41710", "operator": "LADWP", "size_code": "2 1/2 X 4D", "make": "Jones", "main_size_in": 8.0, "corner": "N", "street": "AVD DE SANTA YNEZ", "cross_street": "10' WW PASEO ANTIGUO PVT", "source": "LADWP Fire Hydrants (DWP) - ArcGIS Online copy of LA GeoHub layer; IDs verified against City BOE Palisades layer", "in_perimeter": true, "elev_m": 183.6, "elev_ft": 602.0, "pressure_zone_est": 720, "static_psi_est": 51.1}, "geometry": {"type": "Point", "coordinates": [-118.560130616325, 34.0702323685537]}}, {"type": "Feature", "properties": {"hydrant_id": "42186", "operator": "LADWP", "size_code": "2 1/2 X 4D", "make": "Mueller", "main_size_in": 8.0, "corner": "N", "street": "MICHAEL LN", "cross_street": "736 WW AVE DE HERRADURA", "source": "LADWP Fire Hydrants (DWP) - ArcGIS Online copy of LA GeoHub layer; IDs verified against City BOE Palisades layer", "in_perimeter": true, "elev_m": 274.2, "elev_ft": 900.0, "pressure_zone_est": 1137, "static_psi_est": 102.6}, "geometry": {"type": "Point", "coordinates": [-118.559824556663, 34.0786307841895]}}, {"type": "Feature", "properties": {"hydrant_id": "33082", "operator": "LADWP", "size_code": "2 1/2 S", "make": "Van De Venter", "main_size_in": 6.0, "corner": "NW", "street": "BAYLOR ST", "cross_street": "LAS CASAS AVE", "source": "LADWP Fire Hydrants (DWP) - ArcGIS Online copy of LA GeoHub layer; IDs verified against City BOE Palisades layer", "in_perimeter": true, "elev_m": 81.6, "elev_ft": 268.0, "pressure_zone_est": 529, "static_psi_est": 113.0}, "geometry": {"type": "Point", "coordinates": [-118.543296029683, 34.0461508104675]}}, {"type": "Feature", "properties": {"hydrant_id": "33966", "operator": "LADWP", "size_code": "2 1/2 S", "make": "Van De Venter", "main_size_in": 6.0, "corner": null, "street": null, "cross_street": null, "source": "LADWP Fire Hydrants (DWP) - ArcGIS Online copy of LA GeoHub layer; IDs verified against City BOE Palisades layer", "in_perimeter": false, "elev_m": 137.9, "elev_ft": 452.0, "pressure_zone_est": 720, "static_psi_est": 116.0}, "geometry": {"type": "Point", "coordinates": [-118.491854264502, 34.0643325274009]}}, {"type": "Feature", "properties": {"hydrant_id": "33320", "operator": "LADWP", "size_code": "2 1/2 S", "make": "Keystone", "main_size_in": 6.0, "corner": "SW", "street": "EL MEDIO AVE", "cross_street": "SUNSET BL", "source": "LADWP Fire Hydrants (DWP) - ArcGIS Online copy of LA GeoHub layer; IDs verified against City BOE Palisades layer", "in_perimeter": true, "elev_m": 102.6, "elev_ft": 337.0, "pressure_zone_est": 529, "static_psi_est": 83.1}, "geometry": {"type": "Point", "coordinates": [-118.533475365016, 34.0486190681705]}}, {"type": "Feature", "properties": {"hydrant_id": "32521", "operator": "LADWP", "size_code": "2 1/2 X 4D", "make": "Rich", "main_size_in": 6.0, "corner": "N", "street": "MABERY RD", "cross_street": "60 WW OCEAN AVE", "source": "LADWP Fire Hydrants (DWP) - ArcGIS Online copy of LA GeoHub layer; IDs verified against City BOE Palisades layer", "in_perimeter": false, "elev_m": 30.1, "elev_ft": 99.0, "pressure_zone_est": 529, "static_psi_est": 186.2}, "geometry": {"type": "Point", "coordinates": [-118.513975161019, 34.0295981592383]}}, {"type": "Feature", "properties": {"hydrant_id": "44381", "operator": "LADWP", "size_code": "2 1/2 X 4D", "make": "Clow", "main_size_in": 6.0, "corner": "N", "street": "AMALFI DR", "cross_street": "281'SS AMALFI DR (LE)", "source": "LADWP Fire Hydrants (DWP) - ArcGIS Online copy of LA GeoHub layer; IDs verified against City BOE Palisades layer", "in_perimeter": false, "elev_m": 35.9, "elev_ft": 118.0, "pressure_zone_est": 529, "static_psi_est": 178.0}, "geometry": {"type": "Point", "coordinates": [-118.514475508889, 34.0315043860161]}}, {"type": "Feature", "properties": {"hydrant_id": "37421", "operator": "LADWP", "size_code": "2 1/2 S BU", "make": "Jones Angle Valve 4", "main_size_in": 12.0, "corner": null, "street": null, "cross_street": null, "source": "LADWP Fire Hydrants (DWP) - ArcGIS Online copy of LA GeoHub layer; IDs verified against City BOE Palisades layer", "in_perimeter": false, "elev_m": 221.0, "elev_ft": 725.0, "pressure_zone_est": 1137, "static_psi_est": 178.4}, "geometry": {"type": "Point", "coordinates": [-118.504079657639, 34.0875543754008]}}, {"type": "Feature", "properties": {"hydrant_id": "38198", "operator": "LADWP", "size_code": "2 1/2 X 4D", "make": "Jones", "main_size_in": 8.0, "corner": "S", "street": "ALLENFORD AVE", "cross_street": "483' EE BRINKLEY AVE", "source": "LADWP Fire Hydrants (DWP) - ArcGIS Online copy of LA GeoHub layer; IDs verified against City BOE Palisades layer", "in_perimeter": false, "elev_m": 107.2, "elev_ft": 352.0, "pressure_zone_est": 529, "static_psi_est": 76.6}, "geometry": {"type": "Point", "coordinates": [-118.49418928303, 34.0543584138061]}}, {"type": "Feature", "properties": {"hydrant_id": "35111", "operator": "LADWP", "size_code": "2 1/2 S", "make": "Van De Venter", "main_size_in": 12.0, "corner": null, "street": null, "cross_street": null, "source": "LADWP Fire Hydrants (DWP) - ArcGIS Online copy of LA GeoHub layer; IDs verified against City BOE Palisades layer", "in_perimeter": false, "elev_m": 198.7, "elev_ft": 652.0, "pressure_zone_est": 1137, "static_psi_est": 210.0}, "geometry": {"type": "Point", "coordinates": [-118.502351256386, 34.081623722077]}}, {"type": "Feature", "properties": {"hydrant_id": "32510", "operator": "LADWP", "size_code": "2 1/2 X 4D", "make": "Clow", "main_size_in": 6.0, "corner": "NW", "street": "SYCAMORE RD", "cross_street": "MESA RD", "source": "LADWP Fire Hydrants (DWP) - ArcGIS Online copy of LA GeoHub layer; IDs verified against City BOE Palisades layer", "in_perimeter": false, "elev_m": 15.2, "elev_ft": 50.0, "pressure_zone_est": 529, "static_psi_est": 207.4}, "geometry": {"type": "Point", "coordinates": [-118.515605622637, 34.031110902803]}}, {"type": "Feature", "properties": {"hydrant_id": "38521", "operator": "LADWP", "size_code": "2 1/2 X 4D", "make": "Rich", "main_size_in": 6.0, "corner": "N", "street": "REVELLO DR", "cross_street": "655 SS TRAMONTO DR", "source": "LADWP Fire Hydrants (DWP) - ArcGIS Online copy of LA GeoHub layer; IDs verified against City BOE Palisades layer", "in_perimeter": false, "elev_m": 73.6, "elev_ft": 241.0, "pressure_zone_est": 529, "static_psi_est": 124.7}, "geometry": {"type": "Point", "coordinates": [-118.556333581897, 34.0406008098654]}}, {"type": "Feature", "properties": {"hydrant_id": "33615", "operator": "LADWP", "size_code": "2 1/2 X 4D", "make": "Clow", "main_size_in": 6.0, "corner": "NW", "street": "SAN REMO DR", "cross_street": "D'ESTE DR", "source": "LADWP Fire Hydrants (DWP) - ArcGIS Online copy of LA GeoHub layer; IDs verified against City BOE Palisades layer", "in_perimeter": false, "elev_m": 152.0, "elev_ft": 499.0, "pressure_zone_est": 720, "static_psi_est": 95.7}, "geometry": {"type": "Point", "coordinates": [-118.498042741835, 34.057478481551]}}, {"type": "Feature", "properties": {"hydrant_id": "33084", "operator": "LADWP", "size_code": "2 1/2 X 4D", "make": "Long Beach Iron Works", "main_size_in": 6.0, "corner": "SW", "street": "BIENVENIDA AVE", "cross_street": "MARQUETTE ST", "source": "LADWP Fire Hydrants (DWP) - ArcGIS Online copy of LA GeoHub layer; IDs verified against City BOE Palisades layer", "in_perimeter": true, "elev_m": 78.8, "elev_ft": 258.0, "pressure_zone_est": 529, "static_psi_est": 117.3}, "geometry": {"type": "Point", "coordinates": [-118.540380684725, 34.0472165295084]}}, {"type": "Feature", "properties": {"hydrant_id": "38462", "operator": "LADWP", "size_code": "2 1/2 X 4D", "make": "Clow", "main_size_in": 6.0, "corner": "NE", "street": "CAREY ST ", "cross_street": "SUNSET BL", "source": "LADWP Fire Hydrants (DWP) - ArcGIS Online copy of LA GeoHub layer; IDs verified against City BOE Palisades layer", "in_perimeter": true, "elev_m": 94.7, "elev_ft": 311.0, "pressure_zone_est": 529, "static_psi_est": 94.4}, "geometry": {"type": "Point", "coordinates": [-118.522766755015, 34.0450771478619]}}, {"type": "Feature", "properties": {"hydrant_id": "38460", "operator": "LADWP", "size_code": "2 1/2 S", "make": "Van De Venter", "main_size_in": 6.0, "corner": "NE", "street": "HARTZELL ST", "cross_street": "SUNSET BLVD", "source": "LADWP Fire Hydrants (DWP) - ArcGIS Online copy of LA GeoHub layer; IDs verified against City BOE Palisades layer", "in_perimeter": true, "elev_m": 89.7, "elev_ft": 294.0, "pressure_zone_est": 529, "static_psi_est": 101.8}, "geometry": {"type": "Point", "coordinates": [-118.518734047745, 34.0417628245361]}}, {"type": "Feature", "properties": {"hydrant_id": "42190", "operator": "LADWP", "size_code": "2 1/2 X 4D", "make": "Mueller", "main_size_in": 6.0, "corner": "SW", "street": "AVE DE HERRADURA", "cross_street": "MICHAEL LN", "source": "LADWP Fire Hydrants (DWP) - ArcGIS Online copy of LA GeoHub layer; IDs verified against City BOE Palisades layer", "in_perimeter": true, "elev_m": 254.0, "elev_ft": 833.0, "pressure_zone_est": 1137, "static_psi_est": 131.6}, "geometry": {"type": "Point", "coordinates": [-118.563079793861, 34.0797612571848]}}, {"type": "Feature", "properties": {"hydrant_id": "38329", "operator": "LADWP", "size_code": "2 1/2 S BU", "make": "Jones Angle Valve 6", "main_size_in": 8.0, "corner": "E", "street": "VIA NICOLAS", "cross_street": "105 SS PASEO MIRAMR", "source": "LADWP Fire Hydrants (DWP) - ArcGIS Online copy of LA GeoHub layer; IDs verified against City BOE Palisades layer", "in_perimeter": false, "elev_m": 62.2, "elev_ft": 204.0, "pressure_zone_est": 529, "static_psi_est": 140.7}, "geometry": {"type": "Point", "coordinates": [-118.554217590775, 34.0442346105705]}}, {"type": "Feature", "properties": {"hydrant_id": "40553", "operator": "LADWP", "size_code": "2 1/2 X 4D", "make": "Rich", "main_size_in": 8.0, "corner": "NW", "street": "EL MEDIO AVE", "cross_street": "SUNSET BL", "source": "LADWP Fire Hydrants (DWP) - ArcGIS Online copy of LA GeoHub layer; IDs verified against City BOE Palisades layer", "in_perimeter": true, "elev_m": 102.0, "elev_ft": 335.0, "pressure_zone_est": 529, "static_psi_est": 84.0}, "geometry": {"type": "Point", "coordinates": [-118.533428687376, 34.0489403659196]}}, {"type": "Feature", "properties": {"hydrant_id": "33332", "operator": "LADWP", "size_code": "2 1/2 S", "make": "Van De Venter", "main_size_in": 6.0, "corner": "NW", "street": "RIMMER AVE", "cross_street": "WHITFIELD AVE", "source": "LADWP Fire Hydrants (DWP) - ArcGIS Online copy of LA GeoHub layer; IDs verified against City BOE Palisades layer", "in_perimeter": true, "elev_m": 135.5, "elev_ft": 445.0, "pressure_zone_est": 720, "static_psi_est": 119.1}, "geometry": {"type": "Point", "coordinates": [-118.527086571682, 34.0521039790913]}}, {"type": "Feature", "properties": {"hydrant_id": "33327", "operator": "LADWP", "size_code": "2 1/2 X 4D", "make": "Rich", "main_size_in": 6.0, "corner": "SW", "street": "ALBRIGHT ST", "cross_street": "VIA DE LA PAZ", "source": "LADWP Fire Hydrants (DWP) - ArcGIS Online copy of LA GeoHub layer; IDs verified against City BOE Palisades layer", "in_perimeter": true, "elev_m": 105.8, "elev_ft": 347.0, "pressure_zone_est": 529, "static_psi_est": 78.8}, "geometry": {"type": "Point", "coordinates": [-118.526830652968, 34.0490473176286]}}, {"type": "Feature", "properties": {"hydrant_id": "40555", "operator": "LADWP", "size_code": "2 1/2 X 4D", "make": "Rich", "main_size_in": 30.0, "corner": "SW", "street": "SUNSET BLVD", "cross_street": "HAVERFORD AVE", "source": "LADWP Fire Hydrants (DWP) - ArcGIS Online copy of LA GeoHub layer; IDs verified against City BOE Palisades layer", "in_perimeter": true, "elev_m": 87.1, "elev_ft": 286.0, "pressure_zone_est": 529, "static_psi_est": 105.2}, "geometry": {"type": "Point", "coordinates": [-118.529598897746, 34.0495977857735]}}, {"type": "Feature", "properties": {"hydrant_id": "39722", "operator": "LADWP", "size_code": "4S", "make": "Rich", "main_size_in": 6.0, "corner": "E", "street": "MARINETTE RD", "cross_street": "390 SS PASKENTA RD", "source": "LADWP Fire Hydrants (DWP) - ArcGIS Online copy of LA GeoHub layer; IDs verified against City BOE Palisades layer", "in_perimeter": true, "elev_m": 124.1, "elev_ft": 407.0, "pressure_zone_est": 529, "static_psi_est": 52.8}, "geometry": {"type": "Point", "coordinates": [-118.518667389476, 34.0537003592133]}}, {"type": "Feature", "properties": {"hydrant_id": "37445", "operator": "LADWP", "size_code": "2 1/2 S", "make": "Van De Venter", "main_size_in": 6.0, "corner": "SE", "street": "MARONEY LANE", "cross_street": "LAS PULGAS RD", "source": "LADWP Fire Hydrants (DWP) - ArcGIS Online copy of LA GeoHub layer; IDs verified against City BOE Palisades layer", "in_perimeter": true, "elev_m": 99.5, "elev_ft": 326.0, "pressure_zone_est": 529, "static_psi_est": 87.9}, "geometry": {"type": "Point", "coordinates": [-118.537432535887, 34.0509421818768]}}, {"type": "Feature", "properties": {"hydrant_id": "33307", "operator": "LADWP", "size_code": "2 1/2 X 4D", "make": "Clow", "main_size_in": 8.0, "corner": "W", "street": "LAS LOMAS AVE", "cross_street": "255'NN SUNSET BLVD", "source": "LADWP Fire Hydrants (DWP) - ArcGIS Online copy of LA GeoHub layer; IDs verified against City BOE Palisades layer", "in_perimeter": true, "elev_m": 99.9, "elev_ft": 328.0, "pressure_zone_est": 529, "static_psi_est": 87.0}, "geometry": {"type": "Point", "coordinates": [-118.538316730664, 34.0492560345126]}}, {"type": "Feature", "properties": {"hydrant_id": "41968", "operator": "LADWP", "size_code": "2 1/2 X 4D", "make": "Mueller", "main_size_in": 20.0, "corner": "S", "street": "PALISADES DR", "cross_street": "1234 NN VEREDA MONTURA", "source": "LADWP Fire Hydrants (DWP) - ArcGIS Online copy of LA GeoHub layer; IDs verified against City BOE Palisades layer", "in_perimeter": true, "elev_m": 250.1, "elev_ft": 820.0, "pressure_zone_est": 1137, "static_psi_est": 137.3}, "geometry": {"type": "Point", "coordinates": [-118.561372639746, 34.0766862709032]}}, {"type": "Feature", "properties": {"hydrant_id": "36744", "operator": "LADWP", "size_code": "2 1/2 S", "make": "Van De Venter", "main_size_in": 12.0, "corner": "W", "street": "WILL ROGERS STA", "cross_street": "560 S VILLA VIEW DR", "source": "LADWP Fire Hydrants (DWP) - ArcGIS Online copy of LA GeoHub layer; IDs verified against City BOE Palisades layer", "in_perimeter": true, "elev_m": 103.8, "elev_ft": 340.0, "pressure_zone_est": 529, "static_psi_est": 81.8}, "geometry": {"type": "Point", "coordinates": [-118.512885819352, 34.0496751475134]}}, {"type": "Feature", "properties": {"hydrant_id": "37432", "operator": "LADWP", "size_code": "2 1/2 S BU", "make": "Jones Angle Valve 6", "main_size_in": 6.0, "corner": "N", "street": "RW NO SUNSET BL", "cross_street": "1599 EE CHAUTAUQUA", "source": "LADWP Fire Hydrants (DWP) - ArcGIS Online copy of LA GeoHub layer; IDs verified against City BOE Palisades layer", "in_perimeter": true, "elev_m": 112.7, "elev_ft": 370.0, "pressure_zone_est": 529, "static_psi_est": 68.8}, "geometry": {"type": "Point", "coordinates": [-118.513326991554, 34.0529191155876]}}, {"type": "Feature", "properties": {"hydrant_id": "43003", "operator": "LADWP", "size_code": "2 1/2 X 4D", "make": "Clow", "main_size_in": 6.0, "corner": "NW", "street": "SUNSET BL", "cross_street": "PACIFIC COAST HWY", "source": "LADWP Fire Hydrants (DWP) - ArcGIS Online copy of LA GeoHub layer; IDs verified against City BOE Palisades layer", "in_perimeter": false, "elev_m": 6.9, "elev_ft": 23.0, "pressure_zone_est": 529, "static_psi_est": 219.1}, "geometry": {"type": "Point", "coordinates": [-118.555702309981, 34.0388196140305]}}, {"type": "Feature", "properties": {"hydrant_id": "37128", "operator": "LADWP", "size_code": "2 1/2 X 4D", "make": "Clow", "main_size_in": 6.0, "corner": "N", "street": "LIVORNO DR", "cross_street": "360' WW MARQUEZ AVE", "source": "LADWP Fire Hydrants (DWP) - ArcGIS Online copy of LA GeoHub layer; IDs verified against City BOE Palisades layer", "in_perimeter": true, "elev_m": 71.9, "elev_ft": 236.0, "pressure_zone_est": 529, "static_psi_est": 126.9}, "geometry": {"type": "Point", "coordinates": [-118.549938540758, 34.0423355623771]}}, {"type": "Feature", "properties": {"hydrant_id": "42795", "operator": "LADWP", "size_code": "2 1/2 X 4D", "make": "Clow", "main_size_in": 6.0, "corner": "W", "street": "FLORESTA PL", "cross_street": "341 NN VIA FLORESTA", "source": "LADWP Fire Hydrants (DWP) - ArcGIS Online copy of LA GeoHub layer; IDs verified against City BOE Palisades layer", "in_perimeter": true, "elev_m": 247.0, "elev_ft": 810.0, "pressure_zone_est": 1137, "static_psi_est": 141.6}, "geometry": {"type": "Point", "coordinates": [-118.547105601989, 34.0620400314004]}}, {"type": "Feature", "properties": {"hydrant_id": "40299", "operator": "LADWP", "size_code": "4S", "make": "Darling", "main_size_in": 6.0, "corner": "E", "street": "MT HOLYOKE AVE", "cross_street": "229 NN BEIRUT LE AV", "source": "LADWP Fire Hydrants (DWP) - ArcGIS Online copy of LA GeoHub layer; IDs verified against City BOE Palisades layer", "in_perimeter": true, "elev_m": 92.2, "elev_ft": 303.0, "pressure_zone_est": 529, "static_psi_est": 97.9}, "geometry": {"type": "Point", "coordinates": [-118.529772803677, 34.039587062791]}}, {"type": "Feature", "properties": {"hydrant_id": "32877", "operator": "LADWP", "size_code": "2 1/2 X 4D", "make": "Rich", "main_size_in": 6.0, "corner": "NW", "street": "ALMOLOYA DR", "cross_street": "CHAPALA DR", "source": "LADWP Fire Hydrants (DWP) - ArcGIS Online copy of LA GeoHub layer; IDs verified against City BOE Palisades layer", "in_perimeter": true, "elev_m": 84.0, "elev_ft": 276.0, "pressure_zone_est": 529, "static_psi_est": 109.5}, "geometry": {"type": "Point", "coordinates": [-118.521539595539, 34.0378435334421]}}, {"type": "Feature", "properties": {"hydrant_id": "32892", "operator": "LADWP", "size_code": "2 1/2 X 4D", "make": "Clow", "main_size_in": 8.0, "corner": "E", "street": "CHAUTUAQUA BLVD", "cross_street": "496'SS PAMPAS RICAS BL", "source": "LADWP Fire Hydrants (DWP) - ArcGIS Online copy of LA GeoHub layer; IDs verified against City BOE Palisades layer", "in_perimeter": false, "elev_m": 85.0, "elev_ft": 279.0, "pressure_zone_est": 529, "static_psi_est": 108.2}, "geometry": {"type": "Point", "coordinates": [-118.51792010355, 34.0397463126861]}}, {"type": "Feature", "properties": {"hydrant_id": "44803", "operator": "LADWP", "size_code": "2 1/2 X 4D", "make": "Clow", "main_size_in": 6.0, "corner": "W", "street": "GOUCHER ST", "cross_street": "998' NN MCKENDREE AVE", "source": "LADWP Fire Hydrants (DWP) - ArcGIS Online copy of LA GeoHub layer; IDs verified against City BOE Palisades layer", "in_perimeter": true, "elev_m": 159.0, "elev_ft": 522.0, "pressure_zone_est": 720, "static_psi_est": 85.7}, "geometry": {"type": "Point", "coordinates": [-118.522674635225, 34.0544169361366]}}, {"type": "Feature", "properties": {"hydrant_id": "81016", "operator": "LADWP", "size_code": "2 1/2 X 4D", "make": "Jones", "main_size_in": 6.0, "corner": "W", "street": "CHAUTAUQUA BL", "cross_street": "959' NN BEREA PL", "source": "LADWP Fire Hydrants (DWP) - ArcGIS Online copy of LA GeoHub layer; IDs verified against City BOE Palisades layer", "in_perimeter": true, "elev_m": 204.6, "elev_ft": 671.0, "pressure_zone_est": 1137, "static_psi_est": 201.8}, "geometry": {"type": "Point", "coordinates": [-118.522272234066, 34.0567030325253]}}, {"type": "Feature", "properties": {"hydrant_id": "33609", "operator": "LADWP", "size_code": "2 1/2 X 4D", "make": "Clow", "main_size_in": 6.0, "corner": "NW", "street": "AMALFI DR", "cross_street": "SORRENTO DR", "source": "LADWP Fire Hydrants (DWP) - ArcGIS Online copy of LA GeoHub layer; IDs verified against City BOE Palisades layer", "in_perimeter": false, "elev_m": 164.8, "elev_ft": 541.0, "pressure_zone_est": 720, "static_psi_est": 77.5}, "geometry": {"type": "Point", "coordinates": [-118.503747489328, 34.057712930523]}}, {"type": "Feature", "properties": {"hydrant_id": "37132", "operator": "LADWP", "size_code": "2 1/2 S", "make": "Van De Venter", "main_size_in": 6.0, "corner": "E", "street": "FERMO DR", "cross_street": "200 N N ROMANY DR", "source": "LADWP Fire Hydrants (DWP) - ArcGIS Online copy of LA GeoHub layer; IDs verified against City BOE Palisades layer", "in_perimeter": false, "elev_m": 144.8, "elev_ft": 475.0, "pressure_zone_est": 720, "static_psi_est": 106.1}, "geometry": {"type": "Point", "coordinates": [-118.504555313795, 34.0556112922968]}}, {"type": "Feature", "properties": {"hydrant_id": "33614", "operator": "LADWP", "size_code": "2 1/2 X 4D", "make": "Clow", "main_size_in": 6.0, "corner": "SW", "street": "SAN REMO DR", "cross_street": "ROMANY DR", "source": "LADWP Fire Hydrants (DWP) - ArcGIS Online copy of LA GeoHub layer; IDs verified against City BOE Palisades layer", "in_perimeter": false, "elev_m": 138.7, "elev_ft": 455.0, "pressure_zone_est": 720, "static_psi_est": 114.7}, "geometry": {"type": "Point", "coordinates": [-118.499711214344, 34.0547604336411]}}, {"type": "Feature", "properties": {"hydrant_id": "38400", "operator": "LADWP", "size_code": "2 1/2 S", "make": "Van De Venter", "main_size_in": 6.0, "corner": "NW", "street": "ORLON AVE", "cross_street": "EL MEDIO AVE", "source": "LADWP Fire Hydrants (DWP) - ArcGIS Online copy of LA GeoHub layer; IDs verified against City BOE Palisades layer", "in_perimeter": true, "elev_m": 165.5, "elev_ft": 543.0, "pressure_zone_est": 720, "static_psi_est": 76.6}, "geometry": {"type": "Point", "coordinates": [-118.53255105281, 34.054472957836]}}, {"type": "Feature", "properties": {"hydrant_id": "40775", "operator": "LADWP", "size_code": "4S", "make": "Darling", "main_size_in": 8.0, "corner": "E", "street": "SURFVIEW DR", "cross_street": "676 NN SANDY CAPE D", "source": "LADWP Fire Hydrants (DWP) - ArcGIS Online copy of LA GeoHub layer; IDs verified against City BOE Palisades layer", "in_perimeter": false, "elev_m": 99.1, "elev_ft": 325.0, "pressure_zone_est": 529, "static_psi_est": 88.3}, "geometry": {"type": "Point", "coordinates": [-118.566300915152, 34.0481215127857]}}, {"type": "Feature", "properties": {"hydrant_id": "33107", "operator": "LADWP", "size_code": "2 1/2 X 4D", "make": "Jones", "main_size_in": 6.0, "corner": "SW", "street": "EL MEDIO AVE", "cross_street": "TEMECULA ST", "source": "LADWP Fire Hydrants (DWP) - ArcGIS Online copy of LA GeoHub layer; IDs verified against City BOE Palisades layer", "in_perimeter": true, "elev_m": 93.5, "elev_ft": 307.0, "pressure_zone_est": 529, "static_psi_est": 96.1}, "geometry": {"type": "Point", "coordinates": [-118.534227269588, 34.0441093819499]}}, {"type": "Feature", "properties": {"hydrant_id": "32902", "operator": "LADWP", "size_code": "2 1/2 S", "make": "Van De Venter", "main_size_in": 8.0, "corner": "SW", "street": "BROOKTREE RD", "cross_street": "HIGHTREE RD", "source": "LADWP Fire Hydrants (DWP) - ArcGIS Online copy of LA GeoHub layer; IDs verified against City BOE Palisades layer", "in_perimeter": false, "elev_m": 47.5, "elev_ft": 156.0, "pressure_zone_est": 529, "static_psi_est": 161.5}, "geometry": {"type": "Point", "coordinates": [-118.514712704981, 34.0402442074158]}}, {"type": "Feature", "properties": {"hydrant_id": "44388", "operator": "LADWP", "size_code": "2 1/2 X 4D", "make": "Clow", "main_size_in": 8.0, "corner": "W", "street": "AMALFI DR", "cross_street": "293'NN NAPOLI DR", "source": "LADWP Fire Hydrants (DWP) - ArcGIS Online copy of LA GeoHub layer; IDs verified against City BOE Palisades layer", "in_perimeter": false, "elev_m": 92.3, "elev_ft": 303.0, "pressure_zone_est": 529, "static_psi_est": 97.9}, "geometry": {"type": "Point", "coordinates": [-118.511831083055, 34.0417540593668]}}, {"type": "Feature", "properties": {"hydrant_id": "44599", "operator": "LADWP", "size_code": "2 1/2 X 4D", "make": "Clow", "main_size_in": 6.0, "corner": "S", "street": "NAPOLI DR", "cross_street": "425'EE AMALFI DR", "source": "LADWP Fire Hydrants (DWP) - ArcGIS Online copy of LA GeoHub layer; IDs verified against City BOE Palisades layer", "in_perimeter": false, "elev_m": 83.9, "elev_ft": 275.0, "pressure_zone_est": 529, "static_psi_est": 110.0}, "geometry": {"type": "Point", "coordinates": [-118.510379437022, 34.0413748666315]}}, {"type": "Feature", "properties": {"hydrant_id": "40458", "operator": "LADWP", "size_code": "4S", "make": "Rich", "main_size_in": 6.0, "corner": null, "street": null, "cross_street": null, "source": "LADWP Fire Hydrants (DWP) - ArcGIS Online copy of LA GeoHub layer; IDs verified against City BOE Palisades layer", "in_perimeter": false, "elev_m": 178.1, "elev_ft": 584.0, "pressure_zone_est": 720, "static_psi_est": 58.9}, "geometry": {"type": "Point", "coordinates": [-118.497451123297, 34.0651103422762]}}, {"type": "Feature", "properties": {"hydrant_id": "39688", "operator": "LADWP", "size_code": "2 1/2 X 4D", "make": "Clow", "main_size_in": 6.0, "corner": "W", "street": "ENCHANTED WAY", "cross_street": "41'NN EL ORO LN", "source": "LADWP Fire Hydrants (DWP) - ArcGIS Online copy of LA GeoHub layer; IDs verified against City BOE Palisades layer", "in_perimeter": true, "elev_m": 153.6, "elev_ft": 504.0, "pressure_zone_est": 720, "static_psi_est": 93.5}, "geometry": {"type": "Point", "coordinates": [-118.548968432167, 34.0508699017621]}}, {"type": "Feature", "properties": {"hydrant_id": "33599", "operator": "LADWP", "size_code": "2 1/2 X 4D", "make": "Clow", "main_size_in": 8.0, "corner": "N", "street": "PASEO MIRAMAR", "cross_street": "19 EW RESOLANO DR", "source": "LADWP Fire Hydrants (DWP) - ArcGIS Online copy of LA GeoHub layer; IDs verified against City BOE Palisades layer", "in_perimeter": true, "elev_m": 173.7, "elev_ft": 570.0, "pressure_zone_est": 720, "static_psi_est": 65.0}, "geometry": {"type": "Point", "coordinates": [-118.557186546249, 34.0484506833075]}}, {"type": "Feature", "properties": {"hydrant_id": "41040", "operator": "LADWP", "size_code": "2 1/2 X 4D", "make": "Rich", "main_size_in": 6.0, "corner": null, "street": null, "cross_street": null, "source": "LADWP Fire Hydrants (DWP) - ArcGIS Online copy of LA GeoHub layer; IDs verified against City BOE Palisades layer", "in_perimeter": false, "elev_m": 104.0, "elev_ft": 341.0, "pressure_zone_est": 529, "static_psi_est": 81.4}, "geometry": {"type": "Point", "coordinates": [-118.490657148459, 34.0474362266845]}}, {"type": "Feature", "properties": {"hydrant_id": "39721", "operator": "LADWP", "size_code": "4S", "make": "Rich", "main_size_in": 8.0, "corner": "NW", "street": "PASKENTA RD", "cross_street": "MARINETTE RD", "source": "LADWP Fire Hydrants (DWP) - ArcGIS Online copy of LA GeoHub layer; IDs verified against City BOE Palisades layer", "in_perimeter": true, "elev_m": 143.6, "elev_ft": 471.0, "pressure_zone_est": 720, "static_psi_est": 107.8}, "geometry": {"type": "Point", "coordinates": [-118.519892689721, 34.0544052574435]}}, {"type": "Feature", "properties": {"hydrant_id": "33613", "operator": "LADWP", "size_code": "2 1/2 X 4D", "make": "Clow", "main_size_in": 6.0, "corner": "SE", "street": "SAN REMO DR", "cross_street": "MONACO DR", "source": "LADWP Fire Hydrants (DWP) - ArcGIS Online copy of LA GeoHub layer; IDs verified against City BOE Palisades layer", "in_perimeter": false, "elev_m": 160.3, "elev_ft": 526.0, "pressure_zone_est": 720, "static_psi_est": 84.0}, "geometry": {"type": "Point", "coordinates": [-118.500077037333, 34.058669723897]}}, {"type": "Feature", "properties": {"hydrant_id": "29028", "operator": "LADWP", "size_code": "2 1/2 S BU", "make": "Jones Angle Valve 6", "main_size_in": 6.0, "corner": null, "street": null, "cross_street": null, "source": "LADWP Fire Hydrants (DWP) - ArcGIS Online copy of LA GeoHub layer; IDs verified against City BOE Palisades layer", "in_perimeter": true, "elev_m": 205.1, "elev_ft": 673.0, "pressure_zone_est": 1137, "static_psi_est": 200.9}, "geometry": {"type": "Point", "coordinates": [-118.557526544052, 34.0512065243868]}}, {"type": "Feature", "properties": {"hydrant_id": "31066", "operator": "LADWP", "size_code": "4S", "make": "Rich", "main_size_in": 6.0, "corner": null, "street": null, "cross_street": null, "source": "LADWP Fire Hydrants (DWP) - ArcGIS Online copy of LA GeoHub layer; IDs verified against City BOE Palisades layer", "in_perimeter": false, "elev_m": 107.8, "elev_ft": 354.0, "pressure_zone_est": 529, "static_psi_est": 75.8}, "geometry": {"type": "Point", "coordinates": [-118.490010899562, 34.0489832762799]}}, {"type": "Feature", "properties": {"hydrant_id": "39802", "operator": "LADWP", "size_code": "4S", "make": "Rich", "main_size_in": 8.0, "corner": "W", "street": "GLENHAVEN DR", "cross_street": "145 NN MERIVALE LAN", "source": "LADWP Fire Hydrants (DWP) - ArcGIS Online copy of LA GeoHub layer; IDs verified against City BOE Palisades layer", "in_perimeter": true, "elev_m": 169.3, "elev_ft": 556.0, "pressure_zone_est": 720, "static_psi_est": 71.0}, "geometry": {"type": "Point", "coordinates": [-118.546135606599, 34.0531617456788]}}, {"type": "Feature", "properties": {"hydrant_id": "39804", "operator": "LADWP", "size_code": "4S", "make": "Rich", "main_size_in": 8.0, "corner": "W", "street": "LACHMAN LANE", "cross_street": "618 NN AKRON ST", "source": "LADWP Fire Hydrants (DWP) - ArcGIS Online copy of LA GeoHub layer; IDs verified against City BOE Palisades layer", "in_perimeter": true, "elev_m": 159.9, "elev_ft": 524.0, "pressure_zone_est": 720, "static_psi_est": 84.9}, "geometry": {"type": "Point", "coordinates": [-118.545134530775, 34.0515199186008]}}, {"type": "Feature", "properties": {"hydrant_id": "37971", "operator": "LADWP", "size_code": "4S", "make": "Rich", "main_size_in": 6.0, "corner": "SE", "street": "ENCHANTED WAY", "cross_street": "SCENIC PL", "source": "LADWP Fire Hydrants (DWP) - ArcGIS Online copy of LA GeoHub layer; IDs verified against City BOE Palisades layer", "in_perimeter": true, "elev_m": 163.3, "elev_ft": 536.0, "pressure_zone_est": 720, "static_psi_est": 79.7}, "geometry": {"type": "Point", "coordinates": [-118.548825148718, 34.0522125180915]}}, {"type": "Feature", "properties": {"hydrant_id": "39690", "operator": "LADWP", "size_code": "4S", "make": "Rich", "main_size_in": 8.0, "corner": "W", "street": "ENCHANTED WAY", "cross_street": "544 SS EL ORO LN", "source": "LADWP Fire Hydrants (DWP) - ArcGIS Online copy of LA GeoHub layer; IDs verified against City BOE Palisades layer", "in_perimeter": true, "elev_m": 137.1, "elev_ft": 450.0, "pressure_zone_est": 720, "static_psi_est": 116.9}, "geometry": {"type": "Point", "coordinates": [-118.549357407391, 34.0491431104362]}}, {"type": "Feature", "properties": {"hydrant_id": "36865", "operator": "LADWP", "size_code": "2 1/2 X 4D", "make": "Mueller", "main_size_in": 6.0, "corner": null, "street": null, "cross_street": null, "source": "LADWP Fire Hydrants (DWP) - ArcGIS Online copy of LA GeoHub layer; IDs verified against City BOE Palisades layer", "in_perimeter": false, "elev_m": 133.4, "elev_ft": 438.0, "pressure_zone_est": 720, "static_psi_est": 122.1}, "geometry": {"type": "Point", "coordinates": [-118.491666827149, 34.0564515859338]}}, {"type": "Feature", "properties": {"hydrant_id": "32662", "operator": "LADWP", "size_code": "2 1/2 X 4D", "make": "Clow", "main_size_in": 6.0, "corner": "E", "street": "SYCAMORE RD", "cross_street": "372'SS EAST RUSTIC RD", "source": "LADWP Fire Hydrants (DWP) - ArcGIS Online copy of LA GeoHub layer; IDs verified against City BOE Palisades layer", "in_perimeter": false, "elev_m": 19.2, "elev_ft": 63.0, "pressure_zone_est": 529, "static_psi_est": 201.8}, "geometry": {"type": "Point", "coordinates": [-118.516971607209, 34.0333348947668]}}, {"type": "Feature", "properties": {"hydrant_id": "32639", "operator": "LADWP", "size_code": "2 1/2 S", "make": "Greenberg", "main_size_in": 6.0, "corner": "NW", "street": "FRIENDS ST", "cross_street": "VIA DE LA PAZ", "source": "LADWP Fire Hydrants (DWP) - ArcGIS Online copy of LA GeoHub layer; IDs verified against City BOE Palisades layer", "in_perimeter": true, "elev_m": 85.6, "elev_ft": 281.0, "pressure_zone_est": 529, "static_psi_est": 107.4}, "geometry": {"type": "Point", "coordinates": [-118.529775061771, 34.0371803614205]}}, {"type": "Feature", "properties": {"hydrant_id": "33315", "operator": "LADWP", "size_code": "2 1/2 X 4D", "make": "Clow", "main_size_in": 6.0, "corner": "S", "street": "CHATANOOGA PL", "cross_street": "318'SS LAS CASAS PL", "source": "LADWP Fire Hydrants (DWP) - ArcGIS Online copy of LA GeoHub layer; IDs verified against City BOE Palisades layer", "in_perimeter": true, "elev_m": 112.2, "elev_ft": 368.0, "pressure_zone_est": 529, "static_psi_est": 69.7}, "geometry": {"type": "Point", "coordinates": [-118.543301482807, 34.0489276211418]}}, {"type": "Feature", "properties": {"hydrant_id": "33323", "operator": "LADWP", "size_code": "2 1/2 S", "make": "Van De Venter", "main_size_in": 8.0, "corner": "W", "street": "EL MEDIO AVE PV", "cross_street": "696 NN ALCIMA AV PV", "source": "LADWP Fire Hydrants (DWP) - ArcGIS Online copy of LA GeoHub layer; IDs verified against City BOE Palisades layer", "in_perimeter": true, "elev_m": 150.1, "elev_ft": 492.0, "pressure_zone_est": 720, "static_psi_est": 98.7}, "geometry": {"type": "Point", "coordinates": [-118.531406267627, 34.0526457288487]}}, {"type": "Feature", "properties": {"hydrant_id": "33324", "operator": "LADWP", "size_code": "2 1/2 X 4D", "make": "Jones", "main_size_in": 6.0, "corner": "N", "street": "ALCIMA AVE ", "cross_street": "662' WW EL MEDIO AVE", "source": "LADWP Fire Hydrants (DWP) - ArcGIS Online copy of LA GeoHub layer; IDs verified against City BOE Palisades layer", "in_perimeter": true, "elev_m": 120.5, "elev_ft": 395.0, "pressure_zone_est": 529, "static_psi_est": 58.0}, "geometry": {"type": "Point", "coordinates": [-118.533739838604, 34.0516798835199]}}, {"type": "Feature", "properties": {"hydrant_id": "33330", "operator": "LADWP", "size_code": "2 1/2 S", "make": "Van De Venter", "main_size_in": 6.0, "corner": "SW", "street": "BESTOR BLVD", "cross_street": "VIA DE LA PAZ", "source": "LADWP Fire Hydrants (DWP) - ArcGIS Online copy of LA GeoHub layer; IDs verified against City BOE Palisades layer", "in_perimeter": true, "elev_m": 119.4, "elev_ft": 392.0, "pressure_zone_est": 529, "static_psi_est": 59.3}, "geometry": {"type": "Point", "coordinates": [-118.526311355447, 34.0510808004022]}}, {"type": "Feature", "properties": {"hydrant_id": "40500", "operator": "LADWP", "size_code": "2 1/2 S", "make": "Rich", "main_size_in": 6.0, "corner": "NW", "street": "MC KENDREE AVE", "cross_street": "40 WW GOUCHER ST", "source": "LADWP Fire Hydrants (DWP) - ArcGIS Online copy of LA GeoHub layer; IDs verified against City BOE Palisades layer", "in_perimeter": true, "elev_m": 140.2, "elev_ft": 460.0, "pressure_zone_est": 720, "static_psi_est": 112.6}, "geometry": {"type": "Point", "coordinates": [-118.521481630065, 34.0525358268057]}}, {"type": "Feature", "properties": {"hydrant_id": "31063", "operator": "LADWP", "size_code": "2 1/2 X 4D", "make": "Mueller", "main_size_in": 6.0, "corner": "SE", "street": "EMBURY ST", "cross_street": "BESTOR BL", "source": "LADWP Fire Hydrants (DWP) - ArcGIS Online copy of LA GeoHub layer; IDs verified against City BOE Palisades layer", "in_perimeter": true, "elev_m": 117.7, "elev_ft": 386.0, "pressure_zone_est": 529, "static_psi_est": 61.9}, "geometry": {"type": "Point", "coordinates": [-118.523952255512, 34.0513442501857]}}, {"type": "Feature", "properties": {"hydrant_id": "31062", "operator": "LADWP", "size_code": "2 1/2 X 4D", "make": "Rich", "main_size_in": 6.0, "corner": "E", "street": "CHAUTAUQUA BL", "cross_street": "2 SS BESTOR BL", "source": "LADWP Fire Hydrants (DWP) - ArcGIS Online copy of LA GeoHub layer; IDs verified against City BOE Palisades layer", "in_perimeter": true, "elev_m": 134.8, "elev_ft": 442.0, "pressure_zone_est": 720, "static_psi_est": 120.4}, "geometry": {"type": "Point", "coordinates": [-118.517871177252, 34.0514842170704]}}, {"type": "Feature", "properties": {"hydrant_id": "37435", "operator": "LADWP", "size_code": "2 1/2 S BU", "make": "Jones Angle Valve 6", "main_size_in": 8.0, "corner": "N", "street": "RW N SUNSET BL", "cross_street": "482 E CHAUTAUQUA BL", "source": "LADWP Fire Hydrants (DWP) - ArcGIS Online copy of LA GeoHub layer; IDs verified against City BOE Palisades layer", "in_perimeter": true, "elev_m": 95.4, "elev_ft": 313.0, "pressure_zone_est": 529, "static_psi_est": 93.5}, "geometry": {"type": "Point", "coordinates": [-118.516306531793, 34.0521806943723]}}, {"type": "Feature", "properties": {"hydrant_id": "33306", "operator": "LADWP", "size_code": "2 1/2 X 4D", "make": "Mueller", "main_size_in": 6.0, "corner": "SW", "street": "LAS LOMAS AV", "cross_street": "SUNSET BL", "source": "LADWP Fire Hydrants (DWP) - ArcGIS Online copy of LA GeoHub layer; IDs verified against City BOE Palisades layer", "in_perimeter": true, "elev_m": 92.7, "elev_ft": 304.0, "pressure_zone_est": 529, "static_psi_est": 97.4}, "geometry": {"type": "Point", "coordinates": [-118.538921851944, 34.0483858780246]}}, {"type": "Feature", "properties": {"hydrant_id": "33308", "operator": "LADWP", "size_code": "2 1/2 X 4D", "make": "Clow", "main_size_in": 8.0, "corner": "SW", "street": "LAS LOMAS AVE", "cross_street": "ALCIMA AVE", "source": "LADWP Fire Hydrants (DWP) - ArcGIS Online copy of LA GeoHub layer; IDs verified against City BOE Palisades layer", "in_perimeter": true, "elev_m": 112.5, "elev_ft": 369.0, "pressure_zone_est": 529, "static_psi_est": 69.3}, "geometry": {"type": "Point", "coordinates": [-118.537464492164, 34.0501867518438]}}, {"type": "Feature", "properties": {"hydrant_id": "37560", "operator": "LADWP", "size_code": "2 1/2 S BU", "make": "Jones Angle Valve 6", "main_size_in": 6.0, "corner": null, "street": null, "cross_street": null, "source": "LADWP Fire Hydrants (DWP) - ArcGIS Online copy of LA GeoHub layer; IDs verified against City BOE Palisades layer", "in_perimeter": false, "elev_m": 232.5, "elev_ft": 763.0, "pressure_zone_est": 1137, "static_psi_est": 161.9}, "geometry": {"type": "Point", "coordinates": [-118.501932194145, 34.0728009186703]}}, {"type": "Feature", "properties": {"hydrant_id": "34553", "operator": "LADWP", "size_code": "2 1/2 X 4D", "make": "Jones", "main_size_in": 6.0, "corner": null, "street": null, "cross_street": null, "source": "LADWP Fire Hydrants (DWP) - ArcGIS Online copy of LA GeoHub layer; IDs verified against City BOE Palisades layer", "in_perimeter": false, "elev_m": 180.0, "elev_ft": 590.0, "pressure_zone_est": 720, "static_psi_est": 56.3}, "geometry": {"type": "Point", "coordinates": [-118.496967054192, 34.0750501852739]}}, {"type": "Feature", "properties": {"hydrant_id": "42757", "operator": "LADWP", "size_code": "2 1/2 X 4D", "make": "Rich", "main_size_in": 12.0, "corner": "E", "street": "ACCESS RD", "cross_street": "389 NN LACHMAN LN", "source": "LADWP Fire Hydrants (DWP) - ArcGIS Online copy of LA GeoHub layer; IDs verified against City BOE Palisades layer", "in_perimeter": true, "elev_m": 358.5, "elev_ft": 1176.0, "pressure_zone_est": 1345, "static_psi_est": 73.2}, "geometry": {"type": "Point", "coordinates": [-118.550504529492, 34.0651711290695]}}, {"type": "Feature", "properties": {"hydrant_id": "42835", "operator": "LADWP", "size_code": "2 1/2 X 4D", "make": "Clow", "main_size_in": 12.0, "corner": "E", "street": "ACCESS RD", "cross_street": "273 SS MONTE HERMOSA DR", "source": "LADWP Fire Hydrants (DWP) - ArcGIS Online copy of LA GeoHub layer; IDs verified against City BOE Palisades layer", "in_perimeter": true, "elev_m": 342.6, "elev_ft": 1124.0, "pressure_zone_est": 1345, "static_psi_est": 95.7}, "geometry": {"type": "Point", "coordinates": [-118.551808710753, 34.0670258385343]}}, {"type": "Feature", "properties": {"hydrant_id": "42831", "operator": "LADWP", "size_code": "2 1/2 X 4D", "make": "Clow", "main_size_in": 8.0, "corner": "W", "street": "MONTE HERMOSO DR", "cross_street": "559 SS CUMBRE ALTA CT", "source": "LADWP Fire Hydrants (DWP) - ArcGIS Online copy of LA GeoHub layer; IDs verified against City BOE Palisades layer", "in_perimeter": true, "elev_m": 333.3, "elev_ft": 1093.0, "pressure_zone_est": 1345, "static_psi_est": 109.1}, "geometry": {"type": "Point", "coordinates": [-118.553227004214, 34.0685117094072]}}, {"type": "Feature", "properties": {"hydrant_id": "32914", "operator": "LADWP", "size_code": "2 1/2 X 4D", "make": "Clow", "main_size_in": 6.0, "corner": "NE", "street": "SAN LORENZO ST", "cross_street": "ESPARTA WAY", "source": "LADWP Fire Hydrants (DWP) - ArcGIS Online copy of LA GeoHub layer; IDs verified against City BOE Palisades layer", "in_perimeter": false, "elev_m": 51.3, "elev_ft": 168.0, "pressure_zone_est": 529, "static_psi_est": 156.3}, "geometry": {"type": "Point", "coordinates": [-118.509583287518, 34.038045967635]}}, {"type": "Feature", "properties": {"hydrant_id": "32644", "operator": "LADWP", "size_code": "2 1/2 X 4D", "make": "Clow", "main_size_in": 4.0, "corner": "S", "street": "ALTATA DR", "cross_street": "452'EE CORONA DEL MAR", "source": "LADWP Fire Hydrants (DWP) - ArcGIS Online copy of LA GeoHub layer; IDs verified against City BOE Palisades layer", "in_perimeter": false, "elev_m": 61.5, "elev_ft": 202.0, "pressure_zone_est": 529, "static_psi_est": 141.6}, "geometry": {"type": "Point", "coordinates": [-118.523016562892, 34.0326429893923]}}, {"type": "Feature", "properties": {"hydrant_id": "41965", "operator": "LADWP", "size_code": "2 1/2 S BU", "make": "Jones Angle Valve 6", "main_size_in": 24.0, "corner": "W", "street": "PALISADES DR", "cross_street": "298 NN VEREDA MONTURA", "source": "LADWP Fire Hydrants (DWP) - ArcGIS Online copy of LA GeoHub layer; IDs verified against City BOE Palisades layer", "in_perimeter": true, "elev_m": 225.4, "elev_ft": 740.0, "pressure_zone_est": 1137, "static_psi_est": 171.9}, "geometry": {"type": "Point", "coordinates": [-118.564043366441, 34.0776639560936]}}, {"type": "Feature", "properties": {"hydrant_id": "33976", "operator": "LADWP", "size_code": "2 1/2 X 4D", "make": "Rich", "main_size_in": 6.0, "corner": null, "street": null, "cross_street": null, "source": "LADWP Fire Hydrants (DWP) - ArcGIS Online copy of LA GeoHub layer; IDs verified against City BOE Palisades layer", "in_perimeter": false, "elev_m": 150.6, "elev_ft": 494.0, "pressure_zone_est": 720, "static_psi_est": 97.9}, "geometry": {"type": "Point", "coordinates": [-118.49133699183, 34.0599736132476]}}, {"type": "Feature", "properties": {"hydrant_id": "33572", "operator": "LADWP", "size_code": "2 1/2 S BU", "make": "Jones Angle Valve 6", "main_size_in": 8.0, "corner": "NE", "street": "TRAMONTO DR", "cross_street": "MONTE GRIGIO DR", "source": "LADWP Fire Hydrants (DWP) - ArcGIS Online copy of LA GeoHub layer; IDs verified against City BOE Palisades layer", "in_perimeter": true, "elev_m": 79.2, "elev_ft": 260.0, "pressure_zone_est": 529, "static_psi_est": 116.5}, "geometry": {"type": "Point", "coordinates": [-118.56338841501, 34.0430957291712]}}, {"type": "Feature", "properties": {"hydrant_id": "44479", "operator": "LADWP", "size_code": "2 1/2 X 4D", "make": "Clow", "main_size_in": 6.0, "corner": "E", "street": "NOTTEARGENTA RD", "cross_street": "340'NN TRAMONTO DR", "source": "LADWP Fire Hydrants (DWP) - ArcGIS Online copy of LA GeoHub layer; IDs verified against City BOE Palisades layer", "in_perimeter": false, "elev_m": 105.7, "elev_ft": 347.0, "pressure_zone_est": 529, "static_psi_est": 78.8}, "geometry": {"type": "Point", "coordinates": [-118.561252947783, 34.0437110912412]}}, {"type": "Feature", "properties": {"hydrant_id": "41961", "operator": "LADWP", "size_code": "2 1/2 S BU", "make": "Jones Angle Valve 6", "main_size_in": 24.0, "corner": "E", "street": "PALISADES DR", "cross_street": "28 SS VEREDA DE MONTURA", "source": "LADWP Fire Hydrants (DWP) - ArcGIS Online copy of LA GeoHub layer; IDs verified against City BOE Palisades layer", "in_perimeter": true, "elev_m": 213.1, "elev_ft": 699.0, "pressure_zone_est": 1137, "static_psi_est": 189.7}, "geometry": {"type": "Point", "coordinates": [-118.564625482176, 34.0766189551307]}}, {"type": "Feature", "properties": {"hydrant_id": "41964", "operator": "LADWP", "size_code": "2 1/2 S BU", "make": "Jones Angle Valve 6", "main_size_in": 24.0, "corner": "E", "street": "PALISADES DR", "cross_street": "220 NN VEREDA MONTURA", "source": "LADWP Fire Hydrants (DWP) - ArcGIS Online copy of LA GeoHub layer; IDs verified against City BOE Palisades layer", "in_perimeter": true, "elev_m": 220.1, "elev_ft": 722.0, "pressure_zone_est": 1137, "static_psi_est": 179.7}, "geometry": {"type": "Point", "coordinates": [-118.564029185058, 34.0772407345618]}}, {"type": "Feature", "properties": {"hydrant_id": "42197", "operator": "LADWP", "size_code": "2 1/2 S BU", "make": "Jones Angle Valve 6", "main_size_in": 8.0, "corner": "NW", "street": "VEREDA MONTURA", "cross_street": "MICHAEL LN", "source": "LADWP Fire Hydrants (DWP) - ArcGIS Online copy of LA GeoHub layer; IDs verified against City BOE Palisades layer", "in_perimeter": true, "elev_m": 215.1, "elev_ft": 706.0, "pressure_zone_est": 1137, "static_psi_est": 186.6}, "geometry": {"type": "Point", "coordinates": [-118.565544614638, 34.0773323536562]}}, {"type": "Feature", "properties": {"hydrant_id": "42290", "operator": "LADWP", "size_code": "2 1/2 S BU", "make": "Jones Angle Valve 6", "main_size_in": 8.0, "corner": "NW", "street": "CAMINO YATASTO", "cross_street": "VEREDA DE LA MONTURA", "source": "LADWP Fire Hydrants (DWP) - ArcGIS Online copy of LA GeoHub layer; IDs verified against City BOE Palisades layer", "in_perimeter": true, "elev_m": 193.6, "elev_ft": 635.0, "pressure_zone_est": 1137, "static_psi_est": 217.4}, "geometry": {"type": "Point", "coordinates": [-118.567750113578, 34.0782671780813]}}, {"type": "Feature", "properties": {"hydrant_id": "42265", "operator": "LADWP", "size_code": "2 1/2 S BU", "make": "Jones Angle Valve 6", "main_size_in": 8.0, "corner": "N", "street": "CAMINO YATASTO", "cross_street": "1578 WW VEREDA MONTURA", "source": "LADWP Fire Hydrants (DWP) - ArcGIS Online copy of LA GeoHub layer; IDs verified against City BOE Palisades layer", "in_perimeter": true, "elev_m": 242.5, "elev_ft": 796.0, "pressure_zone_est": 1137, "static_psi_est": 147.7}, "geometry": {"type": "Point", "coordinates": [-118.572544498549, 34.0771876489491]}}, {"type": "Feature", "properties": {"hydrant_id": "42191", "operator": "LADWP", "size_code": "2 1/2 X 4D", "make": "Mueller", "main_size_in": 8.0, "corner": "NW", "street": "MICHAEL LN", "cross_street": "PALISADES DR", "source": "LADWP Fire Hydrants (DWP) - ArcGIS Online copy of LA GeoHub layer; IDs verified against City BOE Palisades layer", "in_perimeter": true, "elev_m": 296.7, "elev_ft": 973.0, "pressure_zone_est": 1137, "static_psi_est": 71.0}, "geometry": {"type": "Point", "coordinates": [-118.557603543466, 34.0770014912652]}}, {"type": "Feature", "properties": {"hydrant_id": "42192", "operator": "LADWP", "size_code": "2 1/2 X 4D", "make": "Mueller", "main_size_in": 6.0, "corner": "S", "street": "AVE DE HERRADURA", "cross_street": "356 SS MICHAEL LN (LE)", "source": "LADWP Fire Hydrants (DWP) - ArcGIS Online copy of LA GeoHub layer; IDs verified against City BOE Palisades layer", "in_perimeter": true, "elev_m": 287.6, "elev_ft": 944.0, "pressure_zone_est": 1137, "static_psi_est": 83.6}, "geometry": {"type": "Point", "coordinates": [-118.559058833735, 34.0764173468175]}}, {"type": "Feature", "properties": {"hydrant_id": "42188", "operator": "LADWP", "size_code": "2 1/2 X 4D", "make": "Mueller", "main_size_in": 8.0, "corner": "N", "street": "MICHAEL LN", "cross_street": "301 EE AVE DE HERRADURA", "source": "LADWP Fire Hydrants (DWP) - ArcGIS Online copy of LA GeoHub layer; IDs verified against City BOE Palisades layer", "in_perimeter": true, "elev_m": 258.9, "elev_ft": 849.0, "pressure_zone_est": 1137, "static_psi_est": 124.7}, "geometry": {"type": "Point", "coordinates": [-118.561852151752, 34.0795795660214]}}, {"type": "Feature", "properties": {"hydrant_id": "43744", "operator": "LADWP", "size_code": "2 1/2 X 4D", "make": "Long Beach Iron Works", "main_size_in": 16.0, "corner": null, "street": null, "cross_street": null, "source": "LADWP Fire Hydrants (DWP) - ArcGIS Online copy of LA GeoHub layer; IDs verified against City BOE Palisades layer", "in_perimeter": false, "elev_m": 287.8, "elev_ft": 944.0, "pressure_zone_est": 1137, "static_psi_est": 83.6}, "geometry": {"type": "Point", "coordinates": [-118.498217674287, 34.0822739286219]}}, {"type": "Feature", "properties": {"hydrant_id": "33133", "operator": "LADWP", "size_code": "2 1/2 X 4D", "make": "Clow", "main_size_in": 6.0, "corner": "NE", "street": "CORSICA DR", "cross_street": "AMALFI DR", "source": "LADWP Fire Hydrants (DWP) - ArcGIS Online copy of LA GeoHub layer; IDs verified against City BOE Palisades layer", "in_perimeter": false, "elev_m": 104.0, "elev_ft": 341.0, "pressure_zone_est": 529, "static_psi_est": 81.4}, "geometry": {"type": "Point", "coordinates": [-118.509735289297, 34.0454047378]}}, {"type": "Feature", "properties": {"hydrant_id": "33138", "operator": "LADWP", "size_code": "2 1/2 X 4D", "make": "Clow", "main_size_in": 6.0, "corner": "W", "street": "AMALFI DR", "cross_street": "482' NN SUNSET BLVD", "source": "LADWP Fire Hydrants (DWP) - ArcGIS Online copy of LA GeoHub layer; IDs verified against City BOE Palisades layer", "in_perimeter": false, "elev_m": 111.9, "elev_ft": 367.0, "pressure_zone_est": 529, "static_psi_est": 70.1}, "geometry": {"type": "Point", "coordinates": [-118.508968007619, 34.0477248349124]}}, {"type": "Feature", "properties": {"hydrant_id": "33135", "operator": "LADWP", "size_code": "2 1/2 X 4D", "make": "Clow", "main_size_in": 6.0, "corner": "SW", "street": "CORSICA DR", "cross_street": "MINORCA DR", "source": "LADWP Fire Hydrants (DWP) - ArcGIS Online copy of LA GeoHub layer; IDs verified against City BOE Palisades layer", "in_perimeter": false, "elev_m": 115.7, "elev_ft": 380.0, "pressure_zone_est": 529, "static_psi_est": 64.5}, "geometry": {"type": "Point", "coordinates": [-118.505786370386, 34.0480817173707]}}, {"type": "Feature", "properties": {"hydrant_id": "33141", "operator": "LADWP", "size_code": "2 1/2 X 4D", "make": "Clow", "main_size_in": 6.0, "corner": "E", "street": "NAPOLI DR", "cross_street": "73' SS MINORCA DR", "source": "LADWP Fire Hydrants (DWP) - ArcGIS Online copy of LA GeoHub layer; IDs verified against City BOE Palisades layer", "in_perimeter": false, "elev_m": 110.6, "elev_ft": 363.0, "pressure_zone_est": 529, "static_psi_est": 71.9}, "geometry": {"type": "Point", "coordinates": [-118.504708134902, 34.0473961776629]}}, {"type": "Feature", "properties": {"hydrant_id": "38468", "operator": "LADWP", "size_code": "2 1/2 X 4D", "make": "Van De Venter", "main_size_in": 8.0, "corner": "N", "street": "ALLENFORD AVE", "cross_street": "441 EE BRINKLEY AVE", "source": "LADWP Fire Hydrants (DWP) - ArcGIS Online copy of LA GeoHub layer; IDs verified against City BOE Palisades layer", "in_perimeter": false, "elev_m": 107.2, "elev_ft": 352.0, "pressure_zone_est": 529, "static_psi_est": 76.6}, "geometry": {"type": "Point", "coordinates": [-118.494108085628, 34.0546072929595]}}, {"type": "Feature", "properties": {"hydrant_id": "42826", "operator": "LADWP", "size_code": "2 1/2 X 4D", "make": "Clow", "main_size_in": 12.0, "corner": "E", "street": "PIEDRA MORADA DR", "cross_street": "20 SS MONTE ALTO PL", "source": "LADWP Fire Hydrants (DWP) - ArcGIS Online copy of LA GeoHub layer; IDs verified against City BOE Palisades layer", "in_perimeter": true, "elev_m": 371.0, "elev_ft": 1217.0, "pressure_zone_est": 1345, "static_psi_est": 55.4}, "geometry": {"type": "Point", "coordinates": [-118.551690395176, 34.0718960777747]}}, {"type": "Feature", "properties": {"hydrant_id": "41140", "operator": "LADWP", "size_code": "2 1/2 S BU", "make": "Jones Angle Valve 6", "main_size_in": 6.0, "corner": null, "street": null, "cross_street": null, "source": "LADWP Fire Hydrants (DWP) - ArcGIS Online copy of LA GeoHub layer; IDs verified against City BOE Palisades layer", "in_perimeter": false, "elev_m": 334.7, "elev_ft": 1098.0, "pressure_zone_est": 1345, "static_psi_est": 107.0}, "geometry": {"type": "Point", "coordinates": [-118.508122808949, 34.0827419954297]}}, {"type": "Feature", "properties": {"hydrant_id": "32187", "operator": "LADWP", "size_code": "2 1/2 X 4D", "make": "Clow", "main_size_in": 8.0, "corner": "N", "street": "RESOLANO DR", "cross_street": "547 EE PASEO MIRAMAR", "source": "LADWP Fire Hydrants (DWP) - ArcGIS Online copy of LA GeoHub layer; IDs verified against City BOE Palisades layer", "in_perimeter": true, "elev_m": 153.8, "elev_ft": 505.0, "pressure_zone_est": 720, "static_psi_est": 93.1}, "geometry": {"type": "Point", "coordinates": [-118.556260391734, 34.047903504012]}}, {"type": "Feature", "properties": {"hydrant_id": "29099", "operator": "LADWP", "size_code": "4 S BU", "make": "Jones Angle Valve 6", "main_size_in": 12.0, "corner": null, "street": null, "cross_street": null, "source": "LADWP Fire Hydrants (DWP) - ArcGIS Online copy of LA GeoHub layer; IDs verified against City BOE Palisades layer", "in_perimeter": false, "elev_m": 345.4, "elev_ft": 1133.0, "pressure_zone_est": 1345, "static_psi_est": 91.8}, "geometry": {"type": "Point", "coordinates": [-118.50644967421, 34.0848571824525]}}, {"type": "Feature", "properties": {"hydrant_id": "41419", "operator": "LADWP", "size_code": "2 1/2 X 4D", "make": "Rich", "main_size_in": 6.0, "corner": "NE", "street": "CHARMEL CT", "cross_street": "CHARMEL LN", "source": "LADWP Fire Hydrants (DWP) - ArcGIS Online copy of LA GeoHub layer; IDs verified against City BOE Palisades layer", "in_perimeter": true, "elev_m": 306.2, "elev_ft": 1005.0, "pressure_zone_est": 1137, "static_psi_est": 57.2}, "geometry": {"type": "Point", "coordinates": [-118.551580770528, 34.0604244637874]}}, {"type": "Feature", "properties": {"hydrant_id": "33955", "operator": "LADWP", "size_code": "2 1/2 X 4D", "make": "Clow", "main_size_in": 6.0, "corner": "W", "street": "SAN REMO DR", "cross_street": "560' NN AMALFI DR", "source": "LADWP Fire Hydrants (DWP) - ArcGIS Online copy of LA GeoHub layer; IDs verified against City BOE Palisades layer", "in_perimeter": false, "elev_m": 184.0, "elev_ft": 604.0, "pressure_zone_est": 720, "static_psi_est": 50.2}, "geometry": {"type": "Point", "coordinates": [-118.499773226107, 34.0627982110346]}}, {"type": "Feature", "properties": {"hydrant_id": "39873", "operator": "LADWP", "size_code": "2 1/2 S BU", "make": "Jones Angle Valve 6", "main_size_in": 6.0, "corner": null, "street": null, "cross_street": null, "source": "LADWP Fire Hydrants (DWP) - ArcGIS Online copy of LA GeoHub layer; IDs verified against City BOE Palisades layer", "in_perimeter": false, "elev_m": 206.9, "elev_ft": 679.0, "pressure_zone_est": 1137, "static_psi_est": 198.3}, "geometry": {"type": "Point", "coordinates": [-118.490850818068, 34.0745802973648]}}, {"type": "Feature", "properties": {"hydrant_id": "32909", "operator": "LADWP", "size_code": "2 1/2 X 4D", "make": "Van De Venter", "main_size_in": 6.0, "corner": "NE", "street": "HALDEMAN DR", "cross_street": "LATIMER RD", "source": "LADWP Fire Hydrants (DWP) - ArcGIS Online copy of LA GeoHub layer; IDs verified against City BOE Palisades layer", "in_perimeter": false, "elev_m": 52.7, "elev_ft": 173.0, "pressure_zone_est": 529, "static_psi_est": 154.1}, "geometry": {"type": "Point", "coordinates": [-118.514155510541, 34.0379593987969]}}, {"type": "Feature", "properties": {"hydrant_id": "43570", "operator": "LADWP", "size_code": "2 1/2 X 4D", "make": "Long Beach Iron Works", "main_size_in": 6.0, "corner": "E", "street": "HALDEMAN DR W", "cross_street": "25'NN 1ST RW S SUNSET BL", "source": "LADWP Fire Hydrants (DWP) - ArcGIS Online copy of LA GeoHub layer; IDs verified against City BOE Palisades layer", "in_perimeter": false, "elev_m": 58.0, "elev_ft": 190.0, "pressure_zone_est": 529, "static_psi_est": 146.8}, "geometry": {"type": "Point", "coordinates": [-118.513015486305, 34.0396383202415]}}, {"type": "Feature", "properties": {"hydrant_id": "32912", "operator": "LADWP", "size_code": "2 1/2 S", "make": "Van De Venter", "main_size_in": 8.0, "corner": "NE", "street": "E CHANNEL RD", "cross_street": "ESPARTA WAY", "source": "LADWP Fire Hydrants (DWP) - ArcGIS Online copy of LA GeoHub layer; IDs verified against City BOE Palisades layer", "in_perimeter": false, "elev_m": 44.6, "elev_ft": 146.0, "pressure_zone_est": 529, "static_psi_est": 165.8}, "geometry": {"type": "Point", "coordinates": [-118.510522603887, 34.0378267853007]}}, {"type": "Feature", "properties": {"hydrant_id": "41635", "operator": "LADWP", "size_code": "2 1/2 X 4D", "make": "Mueller", "main_size_in": 8.0, "corner": "E", "street": "SAN LORENZO ST", "cross_street": "10 NN ALISAL (PVT) LN", "source": "LADWP Fire Hydrants (DWP) - ArcGIS Online copy of LA GeoHub layer; IDs verified against City BOE Palisades layer", "in_perimeter": false, "elev_m": 54.1, "elev_ft": 177.0, "pressure_zone_est": 529, "static_psi_est": 152.4}, "geometry": {"type": "Point", "coordinates": [-118.508681822669, 34.0402953754681]}}, {"type": "Feature", "properties": {"hydrant_id": "28603", "operator": "LADWP", "size_code": "2 1/2 S", "make": "Van De Venter", "main_size_in": 6.0, "corner": null, "street": null, "cross_street": null, "source": "LADWP Fire Hydrants (DWP) - ArcGIS Online copy of LA GeoHub layer; IDs verified against City BOE Palisades layer", "in_perimeter": false, "elev_m": 85.0, "elev_ft": 279.0, "pressure_zone_est": 529, "static_psi_est": 108.2}, "geometry": {"type": "Point", "coordinates": [-118.504724198976, 34.0404112655166]}}, {"type": "Feature", "properties": {"hydrant_id": "37131", "operator": "LADWP", "size_code": "2 1/2 X 4D", "make": "Jones", "main_size_in": 8.0, "corner": "W", "street": "SUNSET BL", "cross_street": "519' NN PASEO MIRAMAR", "source": "LADWP Fire Hydrants (DWP) - ArcGIS Online copy of LA GeoHub layer; IDs verified against City BOE Palisades layer", "in_perimeter": false, "elev_m": 38.9, "elev_ft": 128.0, "pressure_zone_est": 529, "static_psi_est": 173.6}, "geometry": {"type": "Point", "coordinates": [-118.552832808541, 34.0442139465544]}}, {"type": "Feature", "properties": {"hydrant_id": "40374", "operator": "LADWP", "size_code": "4S", "make": "Rich", "main_size_in": 8.0, "corner": "NE", "street": "TELLEM DR", "cross_street": "LACHMAN LANE", "source": "LADWP Fire Hydrants (DWP) - ArcGIS Online copy of LA GeoHub layer; IDs verified against City BOE Palisades layer", "in_perimeter": true, "elev_m": 233.5, "elev_ft": 766.0, "pressure_zone_est": 1137, "static_psi_est": 160.6}, "geometry": {"type": "Point", "coordinates": [-118.545306450639, 34.0583763937149]}}, {"type": "Feature", "properties": {"hydrant_id": "32681", "operator": "LADWP", "size_code": "2 1/2 X 4D", "make": "Clow", "main_size_in": 6.0, "corner": "E", "street": "SAN LORENZO ST", "cross_street": "200'SS MESITA WAY", "source": "LADWP Fire Hydrants (DWP) - ArcGIS Online copy of LA GeoHub layer; IDs verified against City BOE Palisades layer", "in_perimeter": false, "elev_m": 52.3, "elev_ft": 172.0, "pressure_zone_est": 529, "static_psi_est": 154.6}, "geometry": {"type": "Point", "coordinates": [-118.509190149577, 34.0360415819619]}}, {"type": "Feature", "properties": {"hydrant_id": "33097", "operator": "LADWP", "size_code": "2 1/2 X 4D", "make": "Clow", "main_size_in": 6.0, "corner": "SE", "street": "CARTHAGE ST", "cross_street": "RADCLIFFE AVE", "source": "LADWP Fire Hydrants (DWP) - ArcGIS Online copy of LA GeoHub layer; IDs verified against City BOE Palisades layer", "in_perimeter": true, "elev_m": 79.9, "elev_ft": 262.0, "pressure_zone_est": 529, "static_psi_est": 115.6}, "geometry": {"type": "Point", "coordinates": [-118.53048641868, 34.0429361722952]}}, {"type": "Feature", "properties": {"hydrant_id": "44485", "operator": "LADWP", "size_code": "2 1/2 X 4D", "make": "Clow", "main_size_in": 6.0, "corner": "SE", "street": "RADCLIFFE AVE", "cross_street": "BOWDOIN ST", "source": "LADWP Fire Hydrants (DWP) - ArcGIS Online copy of LA GeoHub layer; IDs verified against City BOE Palisades layer", "in_perimeter": true, "elev_m": 81.8, "elev_ft": 268.0, "pressure_zone_est": 529, "static_psi_est": 113.0}, "geometry": {"type": "Point", "coordinates": [-118.529901322754, 34.0452558232644]}}, {"type": "Feature", "properties": {"hydrant_id": "44356", "operator": "LADWP", "size_code": "2 1/2 X 4D", "make": "Clow", "main_size_in": 8.0, "corner": "NW", "street": "SUNSET BLVD", "cross_street": "SWARTHMORE AVE", "source": "LADWP Fire Hydrants (DWP) - ArcGIS Online copy of LA GeoHub layer; IDs verified against City BOE Palisades layer", "in_perimeter": true, "elev_m": 98.8, "elev_ft": 324.0, "pressure_zone_est": 529, "static_psi_est": 88.8}, "geometry": {"type": "Point", "coordinates": [-118.525835873095, 34.0476931200017]}}, {"type": "Feature", "properties": {"hydrant_id": "44357", "operator": "LADWP", "size_code": "2 1/2 X 4D", "make": "Clow", "main_size_in": 8.0, "corner": "N", "street": "SUNSET BLVD", "cross_street": "200'EE SWARTHMORE AVE", "source": "LADWP Fire Hydrants (DWP) - ArcGIS Online copy of LA GeoHub layer; IDs verified against City BOE Palisades layer", "in_perimeter": true, "elev_m": 96.7, "elev_ft": 317.0, "pressure_zone_est": 529, "static_psi_est": 91.8}, "geometry": {"type": "Point", "coordinates": [-118.525263154843, 34.0469618415244]}}, {"type": "Feature", "properties": {"hydrant_id": "42858", "operator": "LADWP", "size_code": "2 1/2 X 4D", "make": "Clow", "main_size_in": 6.0, "corner": "W", "street": "HAVERFORD AVE", "cross_street": "313 NN RADCLIFFE AVE", "source": "LADWP Fire Hydrants (DWP) - ArcGIS Online copy of LA GeoHub layer; IDs verified against City BOE Palisades layer", "in_perimeter": true, "elev_m": 92.5, "elev_ft": 304.0, "pressure_zone_est": 529, "static_psi_est": 97.4}, "geometry": {"type": "Point", "coordinates": [-118.529027780019, 34.0481142253809]}}, {"type": "Feature", "properties": {"hydrant_id": "40613", "operator": "LADWP", "size_code": "4S", "make": "Darling", "main_size_in": 8.0, "corner": "SE", "street": "CHARMEL LANE", "cross_street": "TURQUESA LANE", "source": "LADWP Fire Hydrants (DWP) - ArcGIS Online copy of LA GeoHub layer; IDs verified against City BOE Palisades layer", "in_perimeter": true, "elev_m": 255.8, "elev_ft": 839.0, "pressure_zone_est": 1137, "static_psi_est": 129.0}, "geometry": {"type": "Point", "coordinates": [-118.548192782912, 34.0576246635239]}}, {"type": "Feature", "properties": {"hydrant_id": "41558", "operator": "LADWP", "size_code": "4 S BU", "make": "Jones Angle Valve 6", "main_size_in": 36.0, "corner": "W", "street": "STA YNEZ CYN RD", "cross_street": "5009 NN SUNSET BL", "source": "LADWP Fire Hydrants (DWP) - ArcGIS Online copy of LA GeoHub layer; IDs verified against City BOE Palisades layer", "in_perimeter": true, "elev_m": 100.4, "elev_ft": 329.0, "pressure_zone_est": 529, "static_psi_est": 86.6}, "geometry": {"type": "Point", "coordinates": [-118.555269186079, 34.0577630896985]}}, {"type": "Feature", "properties": {"hydrant_id": "40612", "operator": "LADWP", "size_code": "4S", "make": "Darling", "main_size_in": 8.0, "corner": "N", "street": "CHARMEL LANE", "cross_street": "414 WW LACHMAN LANE", "source": "LADWP Fire Hydrants (DWP) - ArcGIS Online copy of LA GeoHub layer; IDs verified against City BOE Palisades layer", "in_perimeter": true, "elev_m": 250.1, "elev_ft": 820.0, "pressure_zone_est": 1137, "static_psi_est": 137.3}, "geometry": {"type": "Point", "coordinates": [-118.547065597269, 34.0582451125258]}}, {"type": "Feature", "properties": {"hydrant_id": "40375", "operator": "LADWP", "size_code": "4S", "make": "Darling", "main_size_in": 8.0, "corner": "SE", "street": "LACHMAN LANE", "cross_street": "CHARMEL LANE", "source": "LADWP Fire Hydrants (DWP) - ArcGIS Online copy of LA GeoHub layer; IDs verified against City BOE Palisades layer", "in_perimeter": true, "elev_m": 239.8, "elev_ft": 787.0, "pressure_zone_est": 1137, "static_psi_est": 151.6}, "geometry": {"type": "Point", "coordinates": [-118.545744111682, 34.0589336975927]}}, {"type": "Feature", "properties": {"hydrant_id": "40727", "operator": "LADWP", "size_code": "2 1/2 S BU", "make": "Jones Angle Valve 6", "main_size_in": 6.0, "corner": "E", "street": "ENCHANTED WAY", "cross_street": "1062 NN SCENIC PL", "source": "LADWP Fire Hydrants (DWP) - ArcGIS Online copy of LA GeoHub layer; IDs verified against City BOE Palisades layer", "in_perimeter": true, "elev_m": 192.5, "elev_ft": 632.0, "pressure_zone_est": 1137, "static_psi_est": 218.7}, "geometry": {"type": "Point", "coordinates": [-118.548955572739, 34.0552094746981]}}, {"type": "Feature", "properties": {"hydrant_id": "44373", "operator": "LADWP", "size_code": "2 1/2 X 4D", "make": "Clow", "main_size_in": 8.0, "corner": "E", "street": "CHAUTAUQUA BLVD", "cross_street": "300'SS ALMOLOYA DR", "source": "LADWP Fire Hydrants (DWP) - ArcGIS Online copy of LA GeoHub layer; IDs verified against City BOE Palisades layer", "in_perimeter": false, "elev_m": 67.8, "elev_ft": 222.0, "pressure_zone_est": 529, "static_psi_est": 132.9}, "geometry": {"type": "Point", "coordinates": [-118.519433416991, 34.0351697598507]}}, {"type": "Feature", "properties": {"hydrant_id": "41695", "operator": "LADWP", "size_code": "2 1/2 X 4D", "make": "Mueller", "main_size_in": 16.0, "corner": "E", "street": "BIENVENEDA AV", "cross_street": "1111 NN LAS PULGAS RD", "source": "LADWP Fire Hydrants (DWP) - ArcGIS Online copy of LA GeoHub layer; IDs verified against City BOE Palisades layer", "in_perimeter": true, "elev_m": 105.6, "elev_ft": 347.0, "pressure_zone_est": 529, "static_psi_est": 78.8}, "geometry": {"type": "Point", "coordinates": [-118.540832792867, 34.0529545945297]}}, {"type": "Feature", "properties": {"hydrant_id": "31054", "operator": "LADWP", "size_code": "2 1/2 X 4D", "make": "Clow", "main_size_in": 8.0, "corner": "SW", "street": "ALBRIGHT ST", "cross_street": "FISKE ST", "source": "LADWP Fire Hydrants (DWP) - ArcGIS Online copy of LA GeoHub layer; IDs verified against City BOE Palisades layer", "in_perimeter": true, "elev_m": 110.6, "elev_ft": 363.0, "pressure_zone_est": 529, "static_psi_est": 71.9}, "geometry": {"type": "Point", "coordinates": [-118.522674339995, 34.0488684088984]}}, {"type": "Feature", "properties": {"hydrant_id": "33589", "operator": "LADWP", "size_code": "2 1/2 S", "make": "Van De Venter", "main_size_in": 6.0, "corner": "NE", "street": "BOLLINGER DR", "cross_street": "SALERNO DR", "source": "LADWP Fire Hydrants (DWP) - ArcGIS Online copy of LA GeoHub layer; IDs verified against City BOE Palisades layer", "in_perimeter": true, "elev_m": 83.6, "elev_ft": 274.0, "pressure_zone_est": 529, "static_psi_est": 110.4}, "geometry": {"type": "Point", "coordinates": [-118.547064965295, 34.0445264369736]}}, {"type": "Feature", "properties": {"hydrant_id": "44011", "operator": "LADWP", "size_code": "2 1/2 X 4D", "make": "Long Beach Iron Works", "main_size_in": 12.0, "corner": "N", "street": "TRAMONTO DR", "cross_street": "393'EW REVELLO DR", "source": "LADWP Fire Hydrants (DWP) - ArcGIS Online copy of LA GeoHub layer; IDs verified against City BOE Palisades layer", "in_perimeter": true, "elev_m": 79.2, "elev_ft": 260.0, "pressure_zone_est": 529, "static_psi_est": 116.5}, "geometry": {"type": "Point", "coordinates": [-118.557895235278, 34.042448602932]}}, {"type": "Feature", "properties": {"hydrant_id": "39798", "operator": "LADWP", "size_code": "2 1/2 X 4D", "make": "Clow", "main_size_in": 6.0, "corner": null, "street": null, "cross_street": null, "source": "LADWP Fire Hydrants (DWP) - ArcGIS Online copy of LA GeoHub layer; IDs verified against City BOE Palisades layer", "in_perimeter": false, "elev_m": 157.2, "elev_ft": 516.0, "pressure_zone_est": 720, "static_psi_est": 88.3}, "geometry": {"type": "Point", "coordinates": [-118.494007515263, 34.0690311325362]}}, {"type": "Feature", "properties": {"hydrant_id": "43328", "operator": "LADWP", "size_code": "2 1/2 X 4D", "make": "Long Beach Iron Works", "main_size_in": 6.0, "corner": "E", "street": "CHASTAIN PKWY W", "cross_street": "396'NN PALISADES DR", "source": "LADWP Fire Hydrants (DWP) - ArcGIS Online copy of LA GeoHub layer; IDs verified against City BOE Palisades layer", "in_perimeter": true, "elev_m": 376.8, "elev_ft": 1236.0, "pressure_zone_est": 1345, "static_psi_est": 47.2}, "geometry": {"type": "Point", "coordinates": [-118.552006650541, 34.0745000039313]}}, {"type": "Feature", "properties": {"hydrant_id": "32847", "operator": "LADWP", "size_code": "2 1/2 S BU", "make": "Jones Angle Valve 6", "main_size_in": 8.0, "corner": "SW", "street": "TRAMONTO DR", "cross_street": "TRAMONTO LN DR", "source": "LADWP Fire Hydrants (DWP) - ArcGIS Online copy of LA GeoHub layer; IDs verified against City BOE Palisades layer", "in_perimeter": false, "elev_m": 86.1, "elev_ft": 282.0, "pressure_zone_est": 529, "static_psi_est": 107.0}, "geometry": {"type": "Point", "coordinates": [-118.557736240719, 34.0414006003124]}}, {"type": "Feature", "properties": {"hydrant_id": "38443", "operator": "LADWP", "size_code": "2 1/2 S", "make": "Van De Venter", "main_size_in": 6.0, "corner": null, "street": null, "cross_street": null, "source": "LADWP Fire Hydrants (DWP) - ArcGIS Online copy of LA GeoHub layer; IDs verified against City BOE Palisades layer", "in_perimeter": false, "elev_m": 169.1, "elev_ft": 555.0, "pressure_zone_est": 720, "static_psi_est": 71.4}, "geometry": {"type": "Point", "coordinates": [-118.490031434296, 34.0706955168611]}}, {"type": "Feature", "properties": {"hydrant_id": "36746", "operator": "LADWP", "size_code": "2 1/2 S", "make": "Van De Venter", "main_size_in": 12.0, "corner": "NW", "street": "VILLA VIEW DR", "cross_street": "WILL ROGERS STA PK", "source": "LADWP Fire Hydrants (DWP) - ArcGIS Online copy of LA GeoHub layer; IDs verified against City BOE Palisades layer", "in_perimeter": true, "elev_m": 113.0, "elev_ft": 371.0, "pressure_zone_est": 529, "static_psi_est": 68.4}, "geometry": {"type": "Point", "coordinates": [-118.513075068803, 34.050717911938]}}, {"type": "Feature", "properties": {"hydrant_id": "32676", "operator": "LADWP", "size_code": "2 1/2 X 4D", "make": "Rich", "main_size_in": 6.0, "corner": "E", "street": "E CHANNEL RD", "cross_street": "400 WW DRYAD RD", "source": "LADWP Fire Hydrants (DWP) - ArcGIS Online copy of LA GeoHub layer; IDs verified against City BOE Palisades layer", "in_perimeter": false, "elev_m": 34.9, "elev_ft": 114.0, "pressure_zone_est": 529, "static_psi_est": 179.7}, "geometry": {"type": "Point", "coordinates": [-118.511006269809, 34.0355466520789]}}, {"type": "Feature", "properties": {"hydrant_id": "33083", "operator": "LADWP", "size_code": "2 1/2 X 4D", "make": "Rich", "main_size_in": 6.0, "corner": "W", "street": "BIENVENEDA AVE", "cross_street": "514SS MARQUETTE ST", "source": "LADWP Fire Hydrants (DWP) - ArcGIS Online copy of LA GeoHub layer; IDs verified against City BOE Palisades layer", "in_perimeter": true, "elev_m": 75.5, "elev_ft": 248.0, "pressure_zone_est": 529, "static_psi_est": 121.7}, "geometry": {"type": "Point", "coordinates": [-118.540242360013, 34.0459321481485]}}, {"type": "Feature", "properties": {"hydrant_id": "37129", "operator": "LADWP", "size_code": "2 1/2 S", "make": "Van De Venter", "main_size_in": 6.0, "corner": "N", "street": "LIVORNO DR", "cross_street": "930 W W MARQUEZ AVE", "source": "LADWP Fire Hydrants (DWP) - ArcGIS Online copy of LA GeoHub layer; IDs verified against City BOE Palisades layer", "in_perimeter": true, "elev_m": 72.7, "elev_ft": 238.0, "pressure_zone_est": 529, "static_psi_est": 126.0}, "geometry": {"type": "Point", "coordinates": [-118.551028761928, 34.0421328536]}}, {"type": "Feature", "properties": {"hydrant_id": "39805", "operator": "LADWP", "size_code": "4S", "make": "Rich", "main_size_in": 6.0, "corner": "W", "street": "GLENHAVEN DR", "cross_street": "461 SS MERIVALE LAN", "source": "LADWP Fire Hydrants (DWP) - ArcGIS Online copy of LA GeoHub layer; IDs verified against City BOE Palisades layer", "in_perimeter": true, "elev_m": 159.2, "elev_ft": 522.0, "pressure_zone_est": 720, "static_psi_est": 85.7}, "geometry": {"type": "Point", "coordinates": [-118.545642553452, 34.0516086626914]}}, {"type": "Feature", "properties": {"hydrant_id": "32836", "operator": "LADWP", "size_code": "2 1/2 S BU", "make": "Jones Angle Valve 6", "main_size_in": 6.0, "corner": "NW", "street": "CASTELLAMARE", "cross_street": "STRETTO WAY", "source": "LADWP Fire Hydrants (DWP) - ArcGIS Online copy of LA GeoHub layer; IDs verified against City BOE Palisades layer", "in_perimeter": false, "elev_m": 29.9, "elev_ft": 98.0, "pressure_zone_est": 529, "static_psi_est": 186.6}, "geometry": {"type": "Point", "coordinates": [-118.558087276011, 34.039700555858]}}, {"type": "Feature", "properties": {"hydrant_id": "37574", "operator": "LADWP", "size_code": "4 S BU", "make": "Jones Angle Valve 6", "main_size_in": 12.0, "corner": null, "street": null, "cross_street": null, "source": "LADWP Fire Hydrants (DWP) - ArcGIS Online copy of LA GeoHub layer; IDs verified against City BOE Palisades layer", "in_perimeter": false, "elev_m": 252.8, "elev_ft": 829.0, "pressure_zone_est": 1137, "static_psi_est": 133.4}, "geometry": {"type": "Point", "coordinates": [-118.503604479947, 34.094561275295]}}, {"type": "Feature", "properties": {"hydrant_id": "32508", "operator": "LADWP", "size_code": "2 1/2 X 4D", "make": "Clow", "main_size_in": 6.0, "corner": "SW", "street": "ENTRADA DR", "cross_street": "MESA RD", "source": "LADWP Fire Hydrants (DWP) - ArcGIS Online copy of LA GeoHub layer; IDs verified against City BOE Palisades layer", "in_perimeter": false, "elev_m": 14.8, "elev_ft": 49.0, "pressure_zone_est": 529, "static_psi_est": 207.8}, "geometry": {"type": "Point", "coordinates": [-118.515193440439, 34.0297090377809]}}, {"type": "Feature", "properties": {"hydrant_id": "41404", "operator": "LADWP", "size_code": "2 1/2 X 4D", "make": "Rich", "main_size_in": 6.0, "corner": "NW", "street": "SHORT ST", "cross_street": "ENTRADA DR", "source": "LADWP Fire Hydrants (DWP) - ArcGIS Online copy of LA GeoHub layer; IDs verified against City BOE Palisades layer", "in_perimeter": false, "elev_m": 8.8, "elev_ft": 29.0, "pressure_zone_est": 529, "static_psi_est": 216.5}, "geometry": {"type": "Point", "coordinates": [-118.517477034539, 34.02877257112]}}, {"type": "Feature", "properties": {"hydrant_id": "32504", "operator": "LADWP", "size_code": "2 1/2 X 4D", "make": "Rich", "main_size_in": 6.0, "corner": "NW", "street": "MABERY RD", "cross_street": "OCEAN WAY", "source": "LADWP Fire Hydrants (DWP) - ArcGIS Online copy of LA GeoHub layer; IDs verified against City BOE Palisades layer", "in_perimeter": false, "elev_m": 19.8, "elev_ft": 65.0, "pressure_zone_est": 529, "static_psi_est": 200.9}, "geometry": {"type": "Point", "coordinates": [-118.516483134854, 34.0270427420768]}}, {"type": "Feature", "properties": {"hydrant_id": "32506", "operator": "LADWP", "size_code": "2 1/2 X 4D", "make": "Rich", "main_size_in": 6.0, "corner": "E", "street": "PAC COAST HWY", "cross_street": "165 SS ENTRADA DR", "source": "LADWP Fire Hydrants (DWP) - ArcGIS Online copy of LA GeoHub layer; IDs verified against City BOE Palisades layer", "in_perimeter": false, "elev_m": 5.9, "elev_ft": 19.0, "pressure_zone_est": 529, "static_psi_est": 220.8}, "geometry": {"type": "Point", "coordinates": [-118.518206823241, 34.0276644028872]}}, {"type": "Feature", "properties": {"hydrant_id": "40798", "operator": "LADWP", "size_code": "2 1/2 X 4D", "make": "Rich", "main_size_in": 8.0, "corner": "E", "street": "FISKE ST", "cross_street": "401 NN ALBRIGHT ST", "source": "LADWP Fire Hydrants (DWP) - ArcGIS Online copy of LA GeoHub layer; IDs verified against City BOE Palisades layer", "in_perimeter": true, "elev_m": 115.1, "elev_ft": 378.0, "pressure_zone_est": 529, "static_psi_est": 65.4}, "geometry": {"type": "Point", "coordinates": [-118.522662158871, 34.0502001759804]}}, {"type": "Feature", "properties": {"hydrant_id": "44369", "operator": "LADWP", "size_code": "2 1/2 X 4D", "make": "Clow", "main_size_in": 6.0, "corner": "E", "street": "HARTZELL ST", "cross_street": "365'NN ALBRIGHT ST", "source": "LADWP Fire Hydrants (DWP) - ArcGIS Online copy of LA GeoHub layer; IDs verified against City BOE Palisades layer", "in_perimeter": true, "elev_m": 123.3, "elev_ft": 404.0, "pressure_zone_est": 529, "static_psi_est": 54.1}, "geometry": {"type": "Point", "coordinates": [-118.520620180233, 34.0504299820609]}}, {"type": "Feature", "properties": {"hydrant_id": "32643", "operator": "LADWP", "size_code": "2 1/2 X 4D", "make": "Clow", "main_size_in": 6.0, "corner": "W", "street": "CORONA DEL MAR", "cross_street": "4' SS ALTATA DR", "source": "LADWP Fire Hydrants (DWP) - ArcGIS Online copy of LA GeoHub layer; IDs verified against City BOE Palisades layer", "in_perimeter": false, "elev_m": 60.2, "elev_ft": 197.0, "pressure_zone_est": 529, "static_psi_est": 143.8}, "geometry": {"type": "Point", "coordinates": [-118.524707033778, 34.0324728969396]}}, {"type": "Feature", "properties": {"hydrant_id": "32651", "operator": "LADWP", "size_code": "2 1/2 S", "make": "Van De Venter", "main_size_in": 8.0, "corner": "NW", "street": "ALMA REAL DR", "cross_street": "CAMAROSA DR", "source": "LADWP Fire Hydrants (DWP) - ArcGIS Online copy of LA GeoHub layer; IDs verified against City BOE Palisades layer", "in_perimeter": false, "elev_m": 77.3, "elev_ft": 253.0, "pressure_zone_est": 529, "static_psi_est": 119.5}, "geometry": {"type": "Point", "coordinates": [-118.523769130354, 34.0349064387292]}}, {"type": "Feature", "properties": {"hydrant_id": "33101", "operator": "LADWP", "size_code": "2 1/2 X 4D", "make": "Clow", "main_size_in": 8.0, "corner": "NE", "street": "SUNSET BLVD", "cross_street": "VIA DE LA PAZ", "source": "LADWP Fire Hydrants (DWP) - ArcGIS Online copy of LA GeoHub layer; IDs verified against City BOE Palisades layer", "in_perimeter": true, "elev_m": 102.4, "elev_ft": 336.0, "pressure_zone_est": 529, "static_psi_est": 83.6}, "geometry": {"type": "Point", "coordinates": [-118.526686340371, 34.048184639165]}}, {"type": "Feature", "properties": {"hydrant_id": "44384", "operator": "LADWP", "size_code": "2 1/2 X 4D", "make": "Clow", "main_size_in": 6.0, "corner": "W", "street": "AMALFI DR", "cross_street": "220'NN SPOLETO DR (S)", "source": "LADWP Fire Hydrants (DWP) - ArcGIS Online copy of LA GeoHub layer; IDs verified against City BOE Palisades layer", "in_perimeter": false, "elev_m": 67.9, "elev_ft": 223.0, "pressure_zone_est": 529, "static_psi_est": 132.5}, "geometry": {"type": "Point", "coordinates": [-118.514144052712, 34.0343378325705]}}, {"type": "Feature", "properties": {"hydrant_id": "41728", "operator": "LADWP", "size_code": "2 1/2 X 4D", "make": "Mueller", "main_size_in": 36.0, "corner": "W", "street": "PALISADES DR", "cross_street": "182 SS PALISADES CIR", "source": "LADWP Fire Hydrants (DWP) - ArcGIS Online copy of LA GeoHub layer; IDs verified against City BOE Palisades layer", "in_perimeter": true, "elev_m": 193.9, "elev_ft": 636.0, "pressure_zone_est": 1137, "static_psi_est": 216.9}, "geometry": {"type": "Point", "coordinates": [-118.563198094502, 34.071822277401]}}, {"type": "Feature", "properties": {"hydrant_id": "33089", "operator": "LADWP", "size_code": "4 S BU", "make": "Jones Angle Valve 6", "main_size_in": 6.0, "corner": "SW", "street": "MUSKINGUM AVE", "cross_street": "TEMECULA ST LE", "source": "LADWP Fire Hydrants (DWP) - ArcGIS Online copy of LA GeoHub layer; IDs verified against City BOE Palisades layer", "in_perimeter": true, "elev_m": 87.1, "elev_ft": 286.0, "pressure_zone_est": 529, "static_psi_est": 105.2}, "geometry": {"type": "Point", "coordinates": [-118.537274405547, 34.0465109082194]}}, {"type": "Feature", "properties": {"hydrant_id": "29169", "operator": "LADWP", "size_code": "2 1/2 S BU", "make": "Jones Angle Valve 6", "main_size_in": 12.0, "corner": null, "street": null, "cross_street": null, "source": "LADWP Fire Hydrants (DWP) - ArcGIS Online copy of LA GeoHub layer; IDs verified against City BOE Palisades layer", "in_perimeter": false, "elev_m": 368.3, "elev_ft": 1208.0, "pressure_zone_est": 1345, "static_psi_est": 59.3}, "geometry": {"type": "Point", "coordinates": [-118.49554792555, 34.0852564037227]}}, {"type": "Feature", "properties": {"hydrant_id": "33342", "operator": "LADWP", "size_code": "2 1/2 S", "make": "Van De Venter", "main_size_in": 6.0, "corner": "E", "street": "RAVOLI DR", "cross_street": "1625 N W AMALFI DR", "source": "LADWP Fire Hydrants (DWP) - ArcGIS Online copy of LA GeoHub layer; IDs verified against City BOE Palisades layer", "in_perimeter": false, "elev_m": 106.4, "elev_ft": 349.0, "pressure_zone_est": 529, "static_psi_est": 77.9}, "geometry": {"type": "Point", "coordinates": [-118.507921344484, 34.051025672335]}}, {"type": "Feature", "properties": {"hydrant_id": "82164", "operator": "LADWP", "size_code": "2 1/2 X 4D", "make": "Clow", "main_size_in": 4.0, "corner": null, "street": null, "cross_street": null, "source": "LADWP Fire Hydrants (DWP) - ArcGIS Online copy of LA GeoHub layer; IDs verified against City BOE Palisades layer", "in_perimeter": false, "elev_m": 171.9, "elev_ft": 564.0, "pressure_zone_est": 720, "static_psi_est": 67.5}, "geometry": {"type": "Point", "coordinates": [-118.493914574964, 34.0698719010736]}}, {"type": "Feature", "properties": {"hydrant_id": "40898", "operator": "LADWP", "size_code": "2 1/2 X 4D", "make": "Rich", "main_size_in": 8.0, "corner": null, "street": null, "cross_street": null, "source": "LADWP Fire Hydrants (DWP) - ArcGIS Online copy of LA GeoHub layer; IDs verified against City BOE Palisades layer", "in_perimeter": false, "elev_m": 283.0, "elev_ft": 928.0, "pressure_zone_est": 1137, "static_psi_est": 90.5}, "geometry": {"type": "Point", "coordinates": [-118.509444956906, 34.0812258515634]}}, {"type": "Feature", "properties": {"hydrant_id": "33102", "operator": "LADWP", "size_code": "2 1/2 X 4D", "make": "Van De Venter", "main_size_in": 8.0, "corner": "SW", "street": "SUNSET BLVD", "cross_street": "ANTIOCH ST", "source": "LADWP Fire Hydrants (DWP) - ArcGIS Online copy of LA GeoHub layer; IDs verified against City BOE Palisades layer", "in_perimeter": true, "elev_m": 95.9, "elev_ft": 314.0, "pressure_zone_est": 529, "static_psi_est": 93.1}, "geometry": {"type": "Point", "coordinates": [-118.525203191361, 34.0466438958928]}}, {"type": "Feature", "properties": {"hydrant_id": "34851", "operator": "LADWP", "size_code": "2 1/2 X 4D", "make": "Jones", "main_size_in": 12.0, "corner": null, "street": null, "cross_street": null, "source": "LADWP Fire Hydrants (DWP) - ArcGIS Online copy of LA GeoHub layer; IDs verified against City BOE Palisades layer", "in_perimeter": false, "elev_m": 189.4, "elev_ft": 621.0, "pressure_zone_est": 1137, "static_psi_est": 223.4}, "geometry": {"type": "Point", "coordinates": [-118.501678289901, 34.0783502270361]}}, {"type": "Feature", "properties": {"hydrant_id": "39621", "operator": "LADWP", "size_code": "2 1/2 X 4D", "make": "Mueller", "main_size_in": 6.0, "corner": "SW", "street": "MARQUEZ PL", "cross_street": "SUNSET BLVD", "source": "LADWP Fire Hydrants (DWP) - ArcGIS Online copy of LA GeoHub layer; IDs verified against City BOE Palisades layer", "in_perimeter": true, "elev_m": 69.3, "elev_ft": 227.0, "pressure_zone_est": 529, "static_psi_est": 130.8}, "geometry": {"type": "Point", "coordinates": [-118.549212061817, 34.0415500842269]}}, {"type": "Feature", "properties": {"hydrant_id": "33961", "operator": "LADWP", "size_code": "2 1/2 X 4D", "make": "Clow", "main_size_in": 8.0, "corner": null, "street": null, "cross_street": null, "source": "LADWP Fire Hydrants (DWP) - ArcGIS Online copy of LA GeoHub layer; IDs verified against City BOE Palisades layer", "in_perimeter": false, "elev_m": 119.5, "elev_ft": 392.0, "pressure_zone_est": 529, "static_psi_est": 59.3}, "geometry": {"type": "Point", "coordinates": [-118.496766793706, 34.0592514574224]}}, {"type": "Feature", "properties": {"hydrant_id": "LACOFD-92805", "operator": "LA County Fire layer (non-LADWP area)", "size_code": "WT", "make": null, "main_size_in": null, "corner": null, "street": null, "cross_street": null, "source": "LA County Fire - Fire_Hydrants MapServer/0 (points within 30 m of an LADWP hydrant removed as duplicates)", "in_perimeter": true, "elev_m": 444.2, "elev_ft": 1457.0, "pressure_zone_est": 1645, "static_psi_est": 81.4}, "geometry": {"type": "Point", "coordinates": [-118.58650678512974, 34.088599755333604]}}, {"type": "Feature", "properties": {"hydrant_id": "LACOFD-87282", "operator": "LA County Fire layer (non-LADWP area)", "size_code": "2.5", "make": null, "main_size_in": null, "corner": null, "street": null, "cross_street": null, "source": "LA County Fire - Fire_Hydrants MapServer/0 (points within 30 m of an LADWP hydrant removed as duplicates)", "in_perimeter": true, "elev_m": 240.4, "elev_ft": 789.0, "pressure_zone_est": 1137, "static_psi_est": 150.7}, "geometry": {"type": "Point", "coordinates": [-118.56471552256767, 34.079985167729646]}}, {"type": "Feature", "properties": {"hydrant_id": "LACOFD-87272", "operator": "LA County Fire layer (non-LADWP area)", "size_code": "2.5", "make": null, "main_size_in": null, "corner": null, "street": null, "cross_street": null, "source": "LA County Fire - Fire_Hydrants MapServer/0 (points within 30 m of an LADWP hydrant removed as duplicates)", "in_perimeter": true, "elev_m": 199.7, "elev_ft": 655.0, "pressure_zone_est": 1137, "static_psi_est": 208.7}, "geometry": {"type": "Point", "coordinates": [-118.56659751517506, 34.07789332270128]}}, {"type": "Feature", "properties": {"hydrant_id": "LACOFD-87285", "operator": "LA County Fire layer (non-LADWP area)", "size_code": "2.5", "make": null, "main_size_in": null, "corner": null, "street": null, "cross_street": null, "source": "LA County Fire - Fire_Hydrants MapServer/0 (points within 30 m of an LADWP hydrant removed as duplicates)", "in_perimeter": true, "elev_m": 232.0, "elev_ft": 761.0, "pressure_zone_est": 1137, "static_psi_est": 162.8}, "geometry": {"type": "Point", "coordinates": [-118.56461948275347, 34.07924115608963]}}, {"type": "Feature", "properties": {"hydrant_id": "LACOFD-87412", "operator": "LA County Fire layer (non-LADWP area)", "size_code": "2.5", "make": null, "main_size_in": null, "corner": null, "street": null, "cross_street": null, "source": "LA County Fire - Fire_Hydrants MapServer/0 (points within 30 m of an LADWP hydrant removed as duplicates)", "in_perimeter": true, "elev_m": 257.7, "elev_ft": 845.0, "pressure_zone_est": 1137, "static_psi_est": 126.4}, "geometry": {"type": "Point", "coordinates": [-118.56379324328354, 34.08030655630031]}}, {"type": "Feature", "properties": {"hydrant_id": "LACOFD-87281", "operator": "LA County Fire layer (non-LADWP area)", "size_code": "2.5", "make": null, "main_size_in": null, "corner": null, "street": null, "cross_street": null, "source": "LA County Fire - Fire_Hydrants MapServer/0 (points within 30 m of an LADWP hydrant removed as duplicates)", "in_perimeter": true, "elev_m": 227.9, "elev_ft": 748.0, "pressure_zone_est": 1137, "static_psi_est": 168.4}, "geometry": {"type": "Point", "coordinates": [-118.56510711365291, 34.07920676386702]}}, {"type": "Feature", "properties": {"hydrant_id": "LACOFD-87293", "operator": "LA County Fire layer (non-LADWP area)", "size_code": "2.5", "make": null, "main_size_in": null, "corner": null, "street": null, "cross_street": null, "source": "LA County Fire - Fire_Hydrants MapServer/0 (points within 30 m of an LADWP hydrant removed as duplicates)", "in_perimeter": true, "elev_m": 213.7, "elev_ft": 701.0, "pressure_zone_est": 1137, "static_psi_est": 188.8}, "geometry": {"type": "Point", "coordinates": [-118.56944798898307, 34.078520179445]}}, {"type": "Feature", "properties": {"hydrant_id": "LACOFD-87732", "operator": "LA County Fire layer (non-LADWP area)", "size_code": "4 2.5", "make": null, "main_size_in": null, "corner": null, "street": null, "cross_street": null, "source": "LA County Fire - Fire_Hydrants MapServer/0 (points within 30 m of an LADWP hydrant removed as duplicates)", "in_perimeter": false, "elev_m": 390.0, "elev_ft": 1279.0, "pressure_zone_est": 1645, "static_psi_est": 158.5}, "geometry": {"type": "Point", "coordinates": [-118.58694245466255, 34.09210935059234]}}, {"type": "Feature", "properties": {"hydrant_id": "LACOFD-87290", "operator": "LA County Fire layer (non-LADWP area)", "size_code": "4 2.5", "make": null, "main_size_in": null, "corner": null, "street": null, "cross_street": null, "source": "LA County Fire - Fire_Hydrants MapServer/0 (points within 30 m of an LADWP hydrant removed as duplicates)", "in_perimeter": true, "elev_m": 240.7, "elev_ft": 790.0, "pressure_zone_est": 1137, "static_psi_est": 150.3}, "geometry": {"type": "Point", "coordinates": [-118.57229097114863, 34.07940903721561]}}, {"type": "Feature", "properties": {"hydrant_id": "LACOFD-87292", "operator": "LA County Fire layer (non-LADWP area)", "size_code": "2.5", "make": null, "main_size_in": null, "corner": null, "street": null, "cross_street": null, "source": "LA County Fire - Fire_Hydrants MapServer/0 (points within 30 m of an LADWP hydrant removed as duplicates)", "in_perimeter": true, "elev_m": 260.7, "elev_ft": 855.0, "pressure_zone_est": 1137, "static_psi_est": 122.1}, "geometry": {"type": "Point", "coordinates": [-118.57302034294719, 34.07851431955602]}}, {"type": "Feature", "properties": {"hydrant_id": "LACOFD-87598", "operator": "LA County Fire layer (non-LADWP area)", "size_code": "4 2.5", "make": null, "main_size_in": null, "corner": null, "street": null, "cross_street": null, "source": "LA County Fire - Fire_Hydrants MapServer/0 (points within 30 m of an LADWP hydrant removed as duplicates)", "in_perimeter": false, "elev_m": 406.2, "elev_ft": 1333.0, "pressure_zone_est": 1645, "static_psi_est": 135.1}, "geometry": {"type": "Point", "coordinates": [-118.58531698125415, 34.09153877583995]}}, {"type": "Feature", "properties": {"hydrant_id": "LACOFD-87611", "operator": "LA County Fire layer (non-LADWP area)", "size_code": "2.5", "make": null, "main_size_in": null, "corner": null, "street": null, "cross_street": null, "source": "LA County Fire - Fire_Hydrants MapServer/0 (points within 30 m of an LADWP hydrant removed as duplicates)", "in_perimeter": true, "elev_m": 446.8, "elev_ft": 1466.0, "pressure_zone_est": 1645, "static_psi_est": 77.5}, "geometry": {"type": "Point", "coordinates": [-118.5866269531212, 34.08837535816987]}}, {"type": "Feature", "properties": {"hydrant_id": "LACOFD-86833", "operator": "LA County Fire layer (non-LADWP area)", "size_code": "2.5", "make": null, "main_size_in": null, "corner": null, "street": null, "cross_street": null, "source": "LA County Fire - Fire_Hydrants MapServer/0 (points within 30 m of an LADWP hydrant removed as duplicates)", "in_perimeter": true, "elev_m": 45.9, "elev_ft": 151.0, "pressure_zone_est": 529, "static_psi_est": 163.7}, "geometry": {"type": "Point", "coordinates": [-118.56590544890147, 34.04221051451195]}}, {"type": "Feature", "properties": {"hydrant_id": "LACOFD-92689", "operator": "LA County Fire layer (non-LADWP area)", "size_code": "WT", "make": null, "main_size_in": null, "corner": null, "street": null, "cross_street": null, "source": "LA County Fire - Fire_Hydrants MapServer/0 (points within 30 m of an LADWP hydrant removed as duplicates)", "in_perimeter": true, "elev_m": 203.3, "elev_ft": 667.0, "pressure_zone_est": 1137, "static_psi_est": 203.5}, "geometry": {"type": "Point", "coordinates": [-118.56718606268402, 34.07120525813722]}}, {"type": "Feature", "properties": {"hydrant_id": "LACOFD-87734", "operator": "LA County Fire layer (non-LADWP area)", "size_code": "4 2.5", "make": null, "main_size_in": null, "corner": null, "street": null, "cross_street": null, "source": "LA County Fire - Fire_Hydrants MapServer/0 (points within 30 m of an LADWP hydrant removed as duplicates)", "in_perimeter": false, "elev_m": 368.1, "elev_ft": 1208.0, "pressure_zone_est": 1345, "static_psi_est": 59.3}, "geometry": {"type": "Point", "coordinates": [-118.58757968045649, 34.093003434930715]}}, {"type": "Feature", "properties": {"hydrant_id": "LACOFD-87733", "operator": "LA County Fire layer (non-LADWP area)", "size_code": "4 2.5", "make": null, "main_size_in": null, "corner": null, "street": null, "cross_street": null, "source": "LA County Fire - Fire_Hydrants MapServer/0 (points within 30 m of an LADWP hydrant removed as duplicates)", "in_perimeter": false, "elev_m": 368.5, "elev_ft": 1209.0, "pressure_zone_est": 1345, "static_psi_est": 58.9}, "geometry": {"type": "Point", "coordinates": [-118.58639391839846, 34.09317773950188]}}, {"type": "Feature", "properties": {"hydrant_id": "LACOFD-86832", "operator": "LA County Fire layer (non-LADWP area)", "size_code": "2.5", "make": null, "main_size_in": null, "corner": null, "street": null, "cross_street": null, "source": "LA County Fire - Fire_Hydrants MapServer/0 (points within 30 m of an LADWP hydrant removed as duplicates)", "in_perimeter": true, "elev_m": 53.7, "elev_ft": 176.0, "pressure_zone_est": 529, "static_psi_est": 152.8}, "geometry": {"type": "Point", "coordinates": [-118.56336427647643, 34.042520466840415]}}, {"type": "Feature", "properties": {"hydrant_id": "LACOFD-86836", "operator": "LA County Fire layer (non-LADWP area)", "size_code": "2.5", "make": null, "main_size_in": null, "corner": null, "street": null, "cross_street": null, "source": "LA County Fire - Fire_Hydrants MapServer/0 (points within 30 m of an LADWP hydrant removed as duplicates)", "in_perimeter": true, "elev_m": 24.9, "elev_ft": 82.0, "pressure_zone_est": 529, "static_psi_est": 193.6}, "geometry": {"type": "Point", "coordinates": [-118.56272230590898, 34.041622206018616]}}, {"type": "Feature", "properties": {"hydrant_id": "LACOFD-308088", "operator": "LA County Fire layer (non-LADWP area)", "size_code": "2.5", "make": null, "main_size_in": null, "corner": null, "street": null, "cross_street": null, "source": "LA County Fire - Fire_Hydrants MapServer/0 (points within 30 m of an LADWP hydrant removed as duplicates)", "in_perimeter": true, "elev_m": 247.1, "elev_ft": 811.0, "pressure_zone_est": 1137, "static_psi_est": 141.2}, "geometry": {"type": "Point", "coordinates": [-118.56823338914192, 34.05202848938485]}}, {"type": "Feature", "properties": {"hydrant_id": "LACOFD-87402", "operator": "LA County Fire layer (non-LADWP area)", "size_code": "2.5", "make": null, "main_size_in": null, "corner": null, "street": null, "cross_street": null, "source": "LA County Fire - Fire_Hydrants MapServer/0 (points within 30 m of an LADWP hydrant removed as duplicates)", "in_perimeter": true, "elev_m": 221.2, "elev_ft": 726.0, "pressure_zone_est": 1137, "static_psi_est": 178.0}, "geometry": {"type": "Point", "coordinates": [-118.59321279496761, 34.07728803358673]}}, {"type": "Feature", "properties": {"hydrant_id": "LACOFD-87269", "operator": "LA County Fire layer (non-LADWP area)", "size_code": "2.5", "make": null, "main_size_in": null, "corner": null, "street": null, "cross_street": null, "source": "LA County Fire - Fire_Hydrants MapServer/0 (points within 30 m of an LADWP hydrant removed as duplicates)", "in_perimeter": true, "elev_m": 189.5, "elev_ft": 622.0, "pressure_zone_est": 1137, "static_psi_est": 223.0}, "geometry": {"type": "Point", "coordinates": [-118.59076107807921, 34.07492135581191]}}, {"type": "Feature", "properties": {"hydrant_id": "LACOFD-87401", "operator": "LA County Fire layer (non-LADWP area)", "size_code": "2.5", "make": null, "main_size_in": null, "corner": null, "street": null, "cross_street": null, "source": "LA County Fire - Fire_Hydrants MapServer/0 (points within 30 m of an LADWP hydrant removed as duplicates)", "in_perimeter": true, "elev_m": 159.4, "elev_ft": 523.0, "pressure_zone_est": 720, "static_psi_est": 85.3}, "geometry": {"type": "Point", "coordinates": [-118.58829485954755, 34.07286137610262]}}, {"type": "Feature", "properties": {"hydrant_id": "LACOFD-86824", "operator": "LA County Fire layer (non-LADWP area)", "size_code": "2.5", "make": null, "main_size_in": null, "corner": null, "street": null, "cross_street": null, "source": "LA County Fire - Fire_Hydrants MapServer/0 (points within 30 m of an LADWP hydrant removed as duplicates)", "in_perimeter": false, "elev_m": 8.6, "elev_ft": 28.0, "pressure_zone_est": 529, "static_psi_est": 216.9}, "geometry": {"type": "Point", "coordinates": [-118.56673781733133, 34.04158091391824]}}, {"type": "Feature", "properties": {"hydrant_id": "LACOFD-9322", "operator": "LA County Fire layer (non-LADWP area)", "size_code": "2.5 2.5", "make": null, "main_size_in": null, "corner": null, "street": null, "cross_street": null, "source": "LA County Fire - Fire_Hydrants MapServer/0 (points within 30 m of an LADWP hydrant removed as duplicates)", "in_perimeter": true, "elev_m": 7.6, "elev_ft": 25.0, "pressure_zone_est": 529, "static_psi_est": 218.2}, "geometry": {"type": "Point", "coordinates": [-118.52620780228798, 34.0318953750799]}}, {"type": "Feature", "properties": {"hydrant_id": "LACOFD-9323", "operator": "LA County Fire layer (non-LADWP area)", "size_code": "2.5 2.5", "make": null, "main_size_in": null, "corner": null, "street": null, "cross_street": null, "source": "LA County Fire - Fire_Hydrants MapServer/0 (points within 30 m of an LADWP hydrant removed as duplicates)", "in_perimeter": false, "elev_m": 6.8, "elev_ft": 22.0, "pressure_zone_est": 529, "static_psi_est": 219.5}, "geometry": {"type": "Point", "coordinates": [-118.54993813671689, 34.039395567572406]}}, {"type": "Feature", "properties": {"hydrant_id": "LACOFD-9870", "operator": "LA County Fire layer (non-LADWP area)", "size_code": "2.5 2.5", "make": null, "main_size_in": null, "corner": null, "street": null, "cross_street": null, "source": "LA County Fire - Fire_Hydrants MapServer/0 (points within 30 m of an LADWP hydrant removed as duplicates)", "in_perimeter": false, "elev_m": 7.2, "elev_ft": 23.0, "pressure_zone_est": 529, "static_psi_est": 219.1}, "geometry": {"type": "Point", "coordinates": [-118.55607904741868, 34.03836287594446]}}, {"type": "Feature", "properties": {"hydrant_id": "LACOFD-86825", "operator": "LA County Fire layer (non-LADWP area)", "size_code": "4 2.5", "make": null, "main_size_in": null, "corner": null, "street": null, "cross_street": null, "source": "LA County Fire - Fire_Hydrants MapServer/0 (points within 30 m of an LADWP hydrant removed as duplicates)", "in_perimeter": false, "elev_m": 5.9, "elev_ft": 19.0, "pressure_zone_est": 529, "static_psi_est": 220.8}, "geometry": {"type": "Point", "coordinates": [-118.57429944584584, 34.04073736099828]}}, {"type": "Feature", "properties": {"hydrant_id": "LACOFD-86826", "operator": "LA County Fire layer (non-LADWP area)", "size_code": "4 2.5", "make": null, "main_size_in": null, "corner": null, "street": null, "cross_street": null, "source": "LA County Fire - Fire_Hydrants MapServer/0 (points within 30 m of an LADWP hydrant removed as duplicates)", "in_perimeter": false, "elev_m": 6.9, "elev_ft": 22.0, "pressure_zone_est": 529, "static_psi_est": 219.5}, "geometry": {"type": "Point", "coordinates": [-118.57245383714027, 34.04158052617237]}}, {"type": "Feature", "properties": {"hydrant_id": "LACOFD-86827", "operator": "LA County Fire layer (non-LADWP area)", "size_code": "4 2.5", "make": null, "main_size_in": null, "corner": null, "street": null, "cross_street": null, "source": "LA County Fire - Fire_Hydrants MapServer/0 (points within 30 m of an LADWP hydrant removed as duplicates)", "in_perimeter": false, "elev_m": 5.4, "elev_ft": 18.0, "pressure_zone_est": 529, "static_psi_est": 221.3}, "geometry": {"type": "Point", "coordinates": [-118.57036684839889, 34.041984182281574]}}, {"type": "Feature", "properties": {"hydrant_id": "LACOFD-86837", "operator": "LA County Fire layer (non-LADWP area)", "size_code": "4 2.5", "make": null, "main_size_in": null, "corner": null, "street": null, "cross_street": null, "source": "LA County Fire - Fire_Hydrants MapServer/0 (points within 30 m of an LADWP hydrant removed as duplicates)", "in_perimeter": true, "elev_m": 75.0, "elev_ft": 246.0, "pressure_zone_est": 529, "static_psi_est": 122.5}, "geometry": {"type": "Point", "coordinates": [-118.57127427857425, 34.04399488457841]}}, {"type": "Feature", "properties": {"hydrant_id": "LACOFD-86853", "operator": "LA County Fire layer (non-LADWP area)", "size_code": "4 2.5", "make": null, "main_size_in": null, "corner": null, "street": null, "cross_street": null, "source": "LA County Fire - Fire_Hydrants MapServer/0 (points within 30 m of an LADWP hydrant removed as duplicates)", "in_perimeter": true, "elev_m": 65.9, "elev_ft": 216.0, "pressure_zone_est": 529, "static_psi_est": 135.5}, "geometry": {"type": "Point", "coordinates": [-118.576374094978, 34.04122681325669]}}, {"type": "Feature", "properties": {"hydrant_id": "LACOFD-86854", "operator": "LA County Fire layer (non-LADWP area)", "size_code": "4 2.5", "make": null, "main_size_in": null, "corner": null, "street": null, "cross_street": null, "source": "LA County Fire - Fire_Hydrants MapServer/0 (points within 30 m of an LADWP hydrant removed as duplicates)", "in_perimeter": true, "elev_m": 38.8, "elev_ft": 127.0, "pressure_zone_est": 529, "static_psi_est": 174.1}, "geometry": {"type": "Point", "coordinates": [-118.56973523114523, 34.04313408171099]}}, {"type": "Feature", "properties": {"hydrant_id": "LACOFD-86855", "operator": "LA County Fire layer (non-LADWP area)", "size_code": "2.5", "make": null, "main_size_in": null, "corner": null, "street": null, "cross_street": null, "source": "LA County Fire - Fire_Hydrants MapServer/0 (points within 30 m of an LADWP hydrant removed as duplicates)", "in_perimeter": true, "elev_m": 17.7, "elev_ft": 58.0, "pressure_zone_est": 529, "static_psi_est": 203.9}, "geometry": {"type": "Point", "coordinates": [-118.57878906603435, 34.04198594792372]}}, {"type": "Feature", "properties": {"hydrant_id": "LACOFD-86962", "operator": "LA County Fire layer (non-LADWP area)", "size_code": "4 2.5", "make": null, "main_size_in": null, "corner": null, "street": null, "cross_street": null, "source": "LA County Fire - Fire_Hydrants MapServer/0 (points within 30 m of an LADWP hydrant removed as duplicates)", "in_perimeter": true, "elev_m": 98.4, "elev_ft": 323.0, "pressure_zone_est": 529, "static_psi_est": 89.2}, "geometry": {"type": "Point", "coordinates": [-118.57324713835692, 34.04674080210509]}}, {"type": "Feature", "properties": {"hydrant_id": "LACOFD-86964", "operator": "LA County Fire layer (non-LADWP area)", "size_code": "4 2.5", "make": null, "main_size_in": null, "corner": null, "street": null, "cross_street": null, "source": "LA County Fire - Fire_Hydrants MapServer/0 (points within 30 m of an LADWP hydrant removed as duplicates)", "in_perimeter": true, "elev_m": 96.2, "elev_ft": 316.0, "pressure_zone_est": 529, "static_psi_est": 92.2}, "geometry": {"type": "Point", "coordinates": [-118.57068539640811, 34.04642061173203]}}, {"type": "Feature", "properties": {"hydrant_id": "LACOFD-86965", "operator": "LA County Fire layer (non-LADWP area)", "size_code": "4 2.5", "make": null, "main_size_in": null, "corner": null, "street": null, "cross_street": null, "source": "LA County Fire - Fire_Hydrants MapServer/0 (points within 30 m of an LADWP hydrant removed as duplicates)", "in_perimeter": true, "elev_m": 88.1, "elev_ft": 289.0, "pressure_zone_est": 529, "static_psi_est": 103.9}, "geometry": {"type": "Point", "coordinates": [-118.57284222288929, 34.0459294140283]}}, {"type": "Feature", "properties": {"hydrant_id": "LACOFD-86968", "operator": "LA County Fire layer (non-LADWP area)", "size_code": "4 2.5", "make": null, "main_size_in": null, "corner": null, "street": null, "cross_street": null, "source": "LA County Fire - Fire_Hydrants MapServer/0 (points within 30 m of an LADWP hydrant removed as duplicates)", "in_perimeter": true, "elev_m": 87.1, "elev_ft": 286.0, "pressure_zone_est": 529, "static_psi_est": 105.2}, "geometry": {"type": "Point", "coordinates": [-118.57422361362885, 34.04576990630252]}}, {"type": "Feature", "properties": {"hydrant_id": "LACOFD-87337", "operator": "LA County Fire layer (non-LADWP area)", "size_code": "2.5", "make": null, "main_size_in": null, "corner": null, "street": null, "cross_street": null, "source": "LA County Fire - Fire_Hydrants MapServer/0 (points within 30 m of an LADWP hydrant removed as duplicates)", "in_perimeter": false, "elev_m": 365.4, "elev_ft": 1199.0, "pressure_zone_est": 1345, "static_psi_est": 63.2}, "geometry": {"type": "Point", "coordinates": [-118.5992592335665, 34.075528116634736]}}, {"type": "Feature", "properties": {"hydrant_id": "LACOFD-86839", "operator": "LA County Fire layer (non-LADWP area)", "size_code": "4 2.5", "make": null, "main_size_in": null, "corner": null, "street": null, "cross_street": null, "source": "LA County Fire - Fire_Hydrants MapServer/0 (points within 30 m of an LADWP hydrant removed as duplicates)", "in_perimeter": true, "elev_m": 81.6, "elev_ft": 268.0, "pressure_zone_est": 529, "static_psi_est": 113.0}, "geometry": {"type": "Point", "coordinates": [-118.57722189184321, 34.043529501305066]}}, {"type": "Feature", "properties": {"hydrant_id": "LACOFD-86841", "operator": "LA County Fire layer (non-LADWP area)", "size_code": "4 2.5", "make": null, "main_size_in": null, "corner": null, "street": null, "cross_street": null, "source": "LA County Fire - Fire_Hydrants MapServer/0 (points within 30 m of an LADWP hydrant removed as duplicates)", "in_perimeter": true, "elev_m": 65.0, "elev_ft": 213.0, "pressure_zone_est": 529, "static_psi_est": 136.8}, "geometry": {"type": "Point", "coordinates": [-118.57295051539536, 34.043527226624114]}}, {"type": "Feature", "properties": {"hydrant_id": "LACOFD-86849", "operator": "LA County Fire layer (non-LADWP area)", "size_code": "4 2.5", "make": null, "main_size_in": null, "corner": null, "street": null, "cross_street": null, "source": "LA County Fire - Fire_Hydrants MapServer/0 (points within 30 m of an LADWP hydrant removed as duplicates)", "in_perimeter": true, "elev_m": 17.8, "elev_ft": 58.0, "pressure_zone_est": 529, "static_psi_est": 203.9}, "geometry": {"type": "Point", "coordinates": [-118.56856725744113, 34.04245931366227]}}, {"type": "Feature", "properties": {"hydrant_id": "LACOFD-86851", "operator": "LA County Fire layer (non-LADWP area)", "size_code": "4 2.5", "make": null, "main_size_in": null, "corner": null, "street": null, "cross_street": null, "source": "LA County Fire - Fire_Hydrants MapServer/0 (points within 30 m of an LADWP hydrant removed as duplicates)", "in_perimeter": false, "elev_m": 9.0, "elev_ft": 30.0, "pressure_zone_est": 529, "static_psi_est": 216.1}, "geometry": {"type": "Point", "coordinates": [-118.56778563181601, 34.04220320617963]}}, {"type": "Feature", "properties": {"hydrant_id": "LACOFD-86956", "operator": "LA County Fire layer (non-LADWP area)", "size_code": "4 2.5", "make": null, "main_size_in": null, "corner": null, "street": null, "cross_street": null, "source": "LA County Fire - Fire_Hydrants MapServer/0 (points within 30 m of an LADWP hydrant removed as duplicates)", "in_perimeter": true, "elev_m": 113.7, "elev_ft": 373.0, "pressure_zone_est": 529, "static_psi_est": 67.5}, "geometry": {"type": "Point", "coordinates": [-118.57257348582772, 34.04800957083445]}}, {"type": "Feature", "properties": {"hydrant_id": "LACOFD-86960", "operator": "LA County Fire layer (non-LADWP area)", "size_code": "4 2.5", "make": null, "main_size_in": null, "corner": null, "street": null, "cross_street": null, "source": "LA County Fire - Fire_Hydrants MapServer/0 (points within 30 m of an LADWP hydrant removed as duplicates)", "in_perimeter": true, "elev_m": 106.9, "elev_ft": 351.0, "pressure_zone_est": 529, "static_psi_est": 77.1}, "geometry": {"type": "Point", "coordinates": [-118.57165296498428, 34.047639111600056]}}, {"type": "Feature", "properties": {"hydrant_id": "LACOFD-86969", "operator": "LA County Fire layer (non-LADWP area)", "size_code": "4 2.5", "make": null, "main_size_in": null, "corner": null, "street": null, "cross_street": null, "source": "LA County Fire - Fire_Hydrants MapServer/0 (points within 30 m of an LADWP hydrant removed as duplicates)", "in_perimeter": true, "elev_m": 85.2, "elev_ft": 280.0, "pressure_zone_est": 529, "static_psi_est": 107.8}, "geometry": {"type": "Point", "coordinates": [-118.56981500537805, 34.04540725585111]}}, {"type": "Feature", "properties": {"hydrant_id": "LACOFD-86972", "operator": "LA County Fire layer (non-LADWP area)", "size_code": "4 2.5", "make": null, "main_size_in": null, "corner": null, "street": null, "cross_street": null, "source": "LA County Fire - Fire_Hydrants MapServer/0 (points within 30 m of an LADWP hydrant removed as duplicates)", "in_perimeter": true, "elev_m": 75.3, "elev_ft": 247.0, "pressure_zone_est": 529, "static_psi_est": 122.1}, "geometry": {"type": "Point", "coordinates": [-118.56961621994145, 34.04432556140823]}}, {"type": "Feature", "properties": {"hydrant_id": "LACOFD-87139", "operator": "LA County Fire layer (non-LADWP area)", "size_code": "2.5", "make": null, "main_size_in": null, "corner": null, "street": null, "cross_street": null, "source": "LA County Fire - Fire_Hydrants MapServer/0 (points within 30 m of an LADWP hydrant removed as duplicates)", "in_perimeter": true, "elev_m": 57.3, "elev_ft": 188.0, "pressure_zone_est": 529, "static_psi_est": 147.7}, "geometry": {"type": "Point", "coordinates": [-118.58183436115479, 34.0553164919074]}}, {"type": "Feature", "properties": {"hydrant_id": "LACOFD-87317", "operator": "LA County Fire layer (non-LADWP area)", "size_code": "2.5", "make": null, "main_size_in": null, "corner": null, "street": null, "cross_street": null, "source": "LA County Fire - Fire_Hydrants MapServer/0 (points within 30 m of an LADWP hydrant removed as duplicates)", "in_perimeter": false, "elev_m": 285.2, "elev_ft": 936.0, "pressure_zone_est": 1137, "static_psi_est": 87.0}, "geometry": {"type": "Point", "coordinates": [-118.59870927439577, 34.07856711790424]}}, {"type": "Feature", "properties": {"hydrant_id": "LACOFD-86823", "operator": "LA County Fire layer (non-LADWP area)", "size_code": "4 2.5", "make": null, "main_size_in": null, "corner": null, "street": null, "cross_street": null, "source": "LA County Fire - Fire_Hydrants MapServer/0 (points within 30 m of an LADWP hydrant removed as duplicates)", "in_perimeter": true, "elev_m": 39.3, "elev_ft": 129.0, "pressure_zone_est": 529, "static_psi_est": 173.2}, "geometry": {"type": "Point", "coordinates": [-118.57077054864727, 34.04305559220253]}}, {"type": "Feature", "properties": {"hydrant_id": "LACOFD-86838", "operator": "LA County Fire layer (non-LADWP area)", "size_code": "4 2.5", "make": null, "main_size_in": null, "corner": null, "street": null, "cross_street": null, "source": "LA County Fire - Fire_Hydrants MapServer/0 (points within 30 m of an LADWP hydrant removed as duplicates)", "in_perimeter": true, "elev_m": 66.6, "elev_ft": 218.0, "pressure_zone_est": 529, "static_psi_est": 134.7}, "geometry": {"type": "Point", "coordinates": [-118.57421286357274, 34.04386192730006]}}, {"type": "Feature", "properties": {"hydrant_id": "LACOFD-86840", "operator": "LA County Fire layer (non-LADWP area)", "size_code": "4 2.5", "make": null, "main_size_in": null, "corner": null, "street": null, "cross_street": null, "source": "LA County Fire - Fire_Hydrants MapServer/0 (points within 30 m of an LADWP hydrant removed as duplicates)", "in_perimeter": true, "elev_m": 76.2, "elev_ft": 250.0, "pressure_zone_est": 529, "static_psi_est": 120.8}, "geometry": {"type": "Point", "coordinates": [-118.57574355432948, 34.043443513832]}}, {"type": "Feature", "properties": {"hydrant_id": "LACOFD-86843", "operator": "LA County Fire layer (non-LADWP area)", "size_code": "4 2.5", "make": null, "main_size_in": null, "corner": null, "street": null, "cross_street": null, "source": "LA County Fire - Fire_Hydrants MapServer/0 (points within 30 m of an LADWP hydrant removed as duplicates)", "in_perimeter": true, "elev_m": 59.3, "elev_ft": 195.0, "pressure_zone_est": 529, "static_psi_est": 144.6}, "geometry": {"type": "Point", "coordinates": [-118.57392422866641, 34.04313077260363]}}, {"type": "Feature", "properties": {"hydrant_id": "LACOFD-86848", "operator": "LA County Fire layer (non-LADWP area)", "size_code": "4 2.5", "make": null, "main_size_in": null, "corner": null, "street": null, "cross_street": null, "source": "LA County Fire - Fire_Hydrants MapServer/0 (points within 30 m of an LADWP hydrant removed as duplicates)", "in_perimeter": true, "elev_m": 28.4, "elev_ft": 93.0, "pressure_zone_est": 529, "static_psi_est": 188.8}, "geometry": {"type": "Point", "coordinates": [-118.56963780148106, 34.04269134903613]}}, {"type": "Feature", "properties": {"hydrant_id": "LACOFD-86850", "operator": "LA County Fire layer (non-LADWP area)", "size_code": "4 2.5", "make": null, "main_size_in": null, "corner": null, "street": null, "cross_street": null, "source": "LA County Fire - Fire_Hydrants MapServer/0 (points within 30 m of an LADWP hydrant removed as duplicates)", "in_perimeter": true, "elev_m": 18.9, "elev_ft": 62.0, "pressure_zone_est": 529, "static_psi_est": 202.2}, "geometry": {"type": "Point", "coordinates": [-118.57887083089649, 34.042770824160435]}}, {"type": "Feature", "properties": {"hydrant_id": "LACOFD-86958", "operator": "LA County Fire layer (non-LADWP area)", "size_code": "4 2.5", "make": null, "main_size_in": null, "corner": null, "street": null, "cross_street": null, "source": "LA County Fire - Fire_Hydrants MapServer/0 (points within 30 m of an LADWP hydrant removed as duplicates)", "in_perimeter": true, "elev_m": 100.6, "elev_ft": 330.0, "pressure_zone_est": 529, "static_psi_est": 86.2}, "geometry": {"type": "Point", "coordinates": [-118.57107508116857, 34.04829777431722]}}, {"type": "Feature", "properties": {"hydrant_id": "LACOFD-86971", "operator": "LA County Fire layer (non-LADWP area)", "size_code": "4 2.5", "make": null, "main_size_in": null, "corner": null, "street": null, "cross_street": null, "source": "LA County Fire - Fire_Hydrants MapServer/0 (points within 30 m of an LADWP hydrant removed as duplicates)", "in_perimeter": true, "elev_m": 84.9, "elev_ft": 279.0, "pressure_zone_est": 529, "static_psi_est": 108.2}, "geometry": {"type": "Point", "coordinates": [-118.57093484528961, 34.04492592522703]}}, {"type": "Feature", "properties": {"hydrant_id": "LACOFD-86973", "operator": "LA County Fire layer (non-LADWP area)", "size_code": "4 2.5", "make": null, "main_size_in": null, "corner": null, "street": null, "cross_street": null, "source": "LA County Fire - Fire_Hydrants MapServer/0 (points within 30 m of an LADWP hydrant removed as duplicates)", "in_perimeter": true, "elev_m": 88.3, "elev_ft": 290.0, "pressure_zone_est": 529, "static_psi_est": 103.5}, "geometry": {"type": "Point", "coordinates": [-118.57709746670248, 34.04463684503143]}}, {"type": "Feature", "properties": {"hydrant_id": "LACOFD-87318", "operator": "LA County Fire layer (non-LADWP area)", "size_code": "2.5", "make": null, "main_size_in": null, "corner": null, "street": null, "cross_street": null, "source": "LA County Fire - Fire_Hydrants MapServer/0 (points within 30 m of an LADWP hydrant removed as duplicates)", "in_perimeter": false, "elev_m": 308.0, "elev_ft": 1010.0, "pressure_zone_est": 1137, "static_psi_est": 55.0}, "geometry": {"type": "Point", "coordinates": [-118.59959114162686, 34.07856697306983]}}, {"type": "Feature", "properties": {"hydrant_id": "LACOFD-86814", "operator": "LA County Fire layer (non-LADWP area)", "size_code": "4 2.5", "make": null, "main_size_in": null, "corner": null, "street": null, "cross_street": null, "source": "LA County Fire - Fire_Hydrants MapServer/0 (points within 30 m of an LADWP hydrant removed as duplicates)", "in_perimeter": true, "elev_m": 4.8, "elev_ft": 16.0, "pressure_zone_est": 529, "static_psi_est": 222.1}, "geometry": {"type": "Point", "coordinates": [-118.59133176551894, 34.03970668885932]}}, {"type": "Feature", "properties": {"hydrant_id": "LACOFD-86844", "operator": "LA County Fire layer (non-LADWP area)", "size_code": "4 2.5", "make": null, "main_size_in": null, "corner": null, "street": null, "cross_street": null, "source": "LA County Fire - Fire_Hydrants MapServer/0 (points within 30 m of an LADWP hydrant removed as duplicates)", "in_perimeter": true, "elev_m": 45.5, "elev_ft": 149.0, "pressure_zone_est": 529, "static_psi_est": 164.5}, "geometry": {"type": "Point", "coordinates": [-118.5716751284229, 34.0429293965373]}}, {"type": "Feature", "properties": {"hydrant_id": "LACOFD-86845", "operator": "LA County Fire layer (non-LADWP area)", "size_code": "4 2.5", "make": null, "main_size_in": null, "corner": null, "street": null, "cross_street": null, "source": "LA County Fire - Fire_Hydrants MapServer/0 (points within 30 m of an LADWP hydrant removed as duplicates)", "in_perimeter": true, "elev_m": 50.6, "elev_ft": 166.0, "pressure_zone_est": 529, "static_psi_est": 157.2}, "geometry": {"type": "Point", "coordinates": [-118.57260972361121, 34.04277704497848]}}, {"type": "Feature", "properties": {"hydrant_id": "LACOFD-86846", "operator": "LA County Fire layer (non-LADWP area)", "size_code": "4 2.5", "make": null, "main_size_in": null, "corner": null, "street": null, "cross_street": null, "source": "LA County Fire - Fire_Hydrants MapServer/0 (points within 30 m of an LADWP hydrant removed as duplicates)", "in_perimeter": true, "elev_m": 70.6, "elev_ft": 231.0, "pressure_zone_est": 529, "static_psi_est": 129.0}, "geometry": {"type": "Point", "coordinates": [-118.57564668228532, 34.04256733365439]}}, {"type": "Feature", "properties": {"hydrant_id": "LACOFD-86847", "operator": "LA County Fire layer (non-LADWP area)", "size_code": "4 2.5", "make": null, "main_size_in": null, "corner": null, "street": null, "cross_street": null, "source": "LA County Fire - Fire_Hydrants MapServer/0 (points within 30 m of an LADWP hydrant removed as duplicates)", "in_perimeter": true, "elev_m": 70.6, "elev_ft": 232.0, "pressure_zone_est": 529, "static_psi_est": 128.6}, "geometry": {"type": "Point", "coordinates": [-118.57732832419501, 34.04229454824888]}}, {"type": "Feature", "properties": {"hydrant_id": "LACOFD-86943", "operator": "LA County Fire layer (non-LADWP area)", "size_code": "4 2.5", "make": null, "main_size_in": null, "corner": null, "street": null, "cross_street": null, "source": "LA County Fire - Fire_Hydrants MapServer/0 (points within 30 m of an LADWP hydrant removed as duplicates)", "in_perimeter": true, "elev_m": 54.3, "elev_ft": 178.0, "pressure_zone_est": 529, "static_psi_est": 152.0}, "geometry": {"type": "Point", "coordinates": [-118.57357269097312, 34.04249025596234]}}, {"type": "Feature", "properties": {"hydrant_id": "LACOFD-86974", "operator": "LA County Fire layer (non-LADWP area)", "size_code": "4 2.5", "make": null, "main_size_in": null, "corner": null, "street": null, "cross_street": null, "source": "LA County Fire - Fire_Hydrants MapServer/0 (points within 30 m of an LADWP hydrant removed as duplicates)", "in_perimeter": true, "elev_m": 79.0, "elev_ft": 259.0, "pressure_zone_est": 529, "static_psi_est": 116.9}, "geometry": {"type": "Point", "coordinates": [-118.57191941263075, 34.04466753428875]}}, {"type": "Feature", "properties": {"hydrant_id": "LACOFD-86976", "operator": "LA County Fire layer (non-LADWP area)", "size_code": "4 2.5", "make": null, "main_size_in": null, "corner": null, "street": null, "cross_street": null, "source": "LA County Fire - Fire_Hydrants MapServer/0 (points within 30 m of an LADWP hydrant removed as duplicates)", "in_perimeter": true, "elev_m": 72.4, "elev_ft": 238.0, "pressure_zone_est": 529, "static_psi_est": 126.0}, "geometry": {"type": "Point", "coordinates": [-118.57420742623651, 34.04447274495197]}}, {"type": "Feature", "properties": {"hydrant_id": "LACOFD-86977", "operator": "LA County Fire layer (non-LADWP area)", "size_code": "4 2.5", "make": null, "main_size_in": null, "corner": null, "street": null, "cross_street": null, "source": "LA County Fire - Fire_Hydrants MapServer/0 (points within 30 m of an LADWP hydrant removed as duplicates)", "in_perimeter": true, "elev_m": 83.7, "elev_ft": 275.0, "pressure_zone_est": 529, "static_psi_est": 110.0}, "geometry": {"type": "Point", "coordinates": [-118.57618277510038, 34.044184741774636]}}, {"type": "Feature", "properties": {"hydrant_id": "LACOFD-86978", "operator": "LA County Fire layer (non-LADWP area)", "size_code": "2.5", "make": null, "main_size_in": null, "corner": null, "street": null, "cross_street": null, "source": "LA County Fire - Fire_Hydrants MapServer/0 (points within 30 m of an LADWP hydrant removed as duplicates)", "in_perimeter": true, "elev_m": 22.2, "elev_ft": 73.0, "pressure_zone_est": 529, "static_psi_est": 197.4}, "geometry": {"type": "Point", "coordinates": [-118.5799584626166, 34.04468593636523]}}, {"type": "Feature", "properties": {"hydrant_id": "LACOFD-87088", "operator": "LA County Fire layer (non-LADWP area)", "size_code": "4 2.5", "make": null, "main_size_in": null, "corner": null, "street": null, "cross_street": null, "source": "LA County Fire - Fire_Hydrants MapServer/0 (points within 30 m of an LADWP hydrant removed as duplicates)", "in_perimeter": true, "elev_m": 100.1, "elev_ft": 329.0, "pressure_zone_est": 529, "static_psi_est": 86.6}, "geometry": {"type": "Point", "coordinates": [-118.57138283088184, 34.04685649781256]}}, {"type": "Feature", "properties": {"hydrant_id": "LACOFD-87094", "operator": "LA County Fire layer (non-LADWP area)", "size_code": "2.5", "make": null, "main_size_in": null, "corner": null, "street": null, "cross_street": null, "source": "LA County Fire - Fire_Hydrants MapServer/0 (points within 30 m of an LADWP hydrant removed as duplicates)", "in_perimeter": true, "elev_m": 30.4, "elev_ft": 100.0, "pressure_zone_est": 529, "static_psi_est": 185.8}, "geometry": {"type": "Point", "coordinates": [-118.58020633652563, 34.04994946052575]}}, {"type": "Feature", "properties": {"hydrant_id": "LACOFD-87154", "operator": "LA County Fire layer (non-LADWP area)", "size_code": "2.5", "make": null, "main_size_in": null, "corner": null, "street": null, "cross_street": null, "source": "LA County Fire - Fire_Hydrants MapServer/0 (points within 30 m of an LADWP hydrant removed as duplicates)", "in_perimeter": true, "elev_m": 68.2, "elev_ft": 224.0, "pressure_zone_est": 529, "static_psi_est": 132.1}, "geometry": {"type": "Point", "coordinates": [-118.5840723993201, 34.05853495161995]}}, {"type": "Feature", "properties": {"hydrant_id": "LACOFD-87311", "operator": "LA County Fire layer (non-LADWP area)", "size_code": "2.5", "make": null, "main_size_in": null, "corner": null, "street": null, "cross_street": null, "source": "LA County Fire - Fire_Hydrants MapServer/0 (points within 30 m of an LADWP hydrant removed as duplicates)", "in_perimeter": false, "elev_m": 290.6, "elev_ft": 953.0, "pressure_zone_est": 1137, "static_psi_est": 79.7}, "geometry": {"type": "Point", "coordinates": [-118.59797589555667, 34.0796539109677]}}, {"type": "Feature", "properties": {"hydrant_id": "LACOFD-87452", "operator": "LA County Fire layer (non-LADWP area)", "size_code": "2.5", "make": null, "main_size_in": null, "corner": null, "street": null, "cross_street": null, "source": "LA County Fire - Fire_Hydrants MapServer/0 (points within 30 m of an LADWP hydrant removed as duplicates)", "in_perimeter": false, "elev_m": 273.4, "elev_ft": 897.0, "pressure_zone_est": 1137, "static_psi_est": 103.9}, "geometry": {"type": "Point", "coordinates": [-118.59971532379092, 34.080284821184335]}}, {"type": "Feature", "properties": {"hydrant_id": "LACOFD-87508", "operator": "LA County Fire layer (non-LADWP area)", "size_code": "4 2.5", "make": null, "main_size_in": null, "corner": null, "street": null, "cross_street": null, "source": "LA County Fire - Fire_Hydrants MapServer/0 (points within 30 m of an LADWP hydrant removed as duplicates)", "in_perimeter": false, "elev_m": 225.4, "elev_ft": 740.0, "pressure_zone_est": 1137, "static_psi_est": 171.9}, "geometry": {"type": "Point", "coordinates": [-118.59608339413688, 34.08089264883426]}}, {"type": "Feature", "properties": {"hydrant_id": "LACOFD-87662", "operator": "LA County Fire layer (non-LADWP area)", "size_code": "2.5", "make": null, "main_size_in": null, "corner": null, "street": null, "cross_street": null, "source": "LA County Fire - Fire_Hydrants MapServer/0 (points within 30 m of an LADWP hydrant removed as duplicates)", "in_perimeter": false, "elev_m": 300.7, "elev_ft": 987.0, "pressure_zone_est": 1137, "static_psi_est": 65.0}, "geometry": {"type": "Point", "coordinates": [-118.59853125404217, 34.09206197541432]}}, {"type": "Feature", "properties": {"hydrant_id": "LACOFD-87663", "operator": "LA County Fire layer (non-LADWP area)", "size_code": "2.5", "make": null, "main_size_in": null, "corner": null, "street": null, "cross_street": null, "source": "LA County Fire - Fire_Hydrants MapServer/0 (points within 30 m of an LADWP hydrant removed as duplicates)", "in_perimeter": false, "elev_m": 362.0, "elev_ft": 1188.0, "pressure_zone_est": 1345, "static_psi_est": 68.0}, "geometry": {"type": "Point", "coordinates": [-118.59129135699835, 34.09214873878991]}}, {"type": "Feature", "properties": {"hydrant_id": "LACOFD-87559", "operator": "LA County Fire layer (non-LADWP area)", "size_code": "2.5", "make": null, "main_size_in": null, "corner": null, "street": null, "cross_street": null, "source": "LA County Fire - Fire_Hydrants MapServer/0 (points within 30 m of an LADWP hydrant removed as duplicates)", "in_perimeter": false, "elev_m": 352.9, "elev_ft": 1158.0, "pressure_zone_est": 1345, "static_psi_est": 81.0}, "geometry": {"type": "Point", "coordinates": [-118.59547031252178, 34.09034362938509]}}, {"type": "Feature", "properties": {"hydrant_id": "LACOFD-87561", "operator": "LA County Fire layer (non-LADWP area)", "size_code": "2.5", "make": null, "main_size_in": null, "corner": null, "street": null, "cross_street": null, "source": "LA County Fire - Fire_Hydrants MapServer/0 (points within 30 m of an LADWP hydrant removed as duplicates)", "in_perimeter": false, "elev_m": 325.6, "elev_ft": 1068.0, "pressure_zone_est": 1345, "static_psi_est": 119.9}, "geometry": {"type": "Point", "coordinates": [-118.59653537350482, 34.09016762090614]}}, {"type": "Feature", "properties": {"hydrant_id": "LACOFD-87563", "operator": "LA County Fire layer (non-LADWP area)", "size_code": "2.5", "make": null, "main_size_in": null, "corner": null, "street": null, "cross_street": null, "source": "LA County Fire - Fire_Hydrants MapServer/0 (points within 30 m of an LADWP hydrant removed as duplicates)", "in_perimeter": false, "elev_m": 409.9, "elev_ft": 1345.0, "pressure_zone_est": 1645, "static_psi_est": 129.9}, "geometry": {"type": "Point", "coordinates": [-118.59424413668282, 34.08962874027469]}}, {"type": "Feature", "properties": {"hydrant_id": "LACOFD-87565", "operator": "LA County Fire layer (non-LADWP area)", "size_code": "2.5", "make": null, "main_size_in": null, "corner": null, "street": null, "cross_street": null, "source": "LA County Fire - Fire_Hydrants MapServer/0 (points within 30 m of an LADWP hydrant removed as duplicates)", "in_perimeter": false, "elev_m": 405.5, "elev_ft": 1330.0, "pressure_zone_est": 1645, "static_psi_est": 136.4}, "geometry": {"type": "Point", "coordinates": [-118.59095302087088, 34.08974398012384]}}, {"type": "Feature", "properties": {"hydrant_id": "LACOFD-87634", "operator": "LA County Fire layer (non-LADWP area)", "size_code": "4 2.5", "make": null, "main_size_in": null, "corner": null, "street": null, "cross_street": null, "source": "LA County Fire - Fire_Hydrants MapServer/0 (points within 30 m of an LADWP hydrant removed as duplicates)", "in_perimeter": false, "elev_m": 245.5, "elev_ft": 805.0, "pressure_zone_est": 1137, "static_psi_est": 143.8}, "geometry": {"type": "Point", "coordinates": [-118.59976909822805, 34.09804644465195]}}, {"type": "Feature", "properties": {"hydrant_id": "LACOFD-87636", "operator": "LA County Fire layer (non-LADWP area)", "size_code": "2.5", "make": null, "main_size_in": null, "corner": null, "street": null, "cross_street": null, "source": "LA County Fire - Fire_Hydrants MapServer/0 (points within 30 m of an LADWP hydrant removed as duplicates)", "in_perimeter": false, "elev_m": 254.1, "elev_ft": 834.0, "pressure_zone_est": 1137, "static_psi_est": 131.2}, "geometry": {"type": "Point", "coordinates": [-118.59884972692176, 34.09797674633848]}}, {"type": "Feature", "properties": {"hydrant_id": "LACOFD-87641", "operator": "LA County Fire layer (non-LADWP area)", "size_code": "2.5", "make": null, "main_size_in": null, "corner": null, "street": null, "cross_street": null, "source": "LA County Fire - Fire_Hydrants MapServer/0 (points within 30 m of an LADWP hydrant removed as duplicates)", "in_perimeter": false, "elev_m": 275.8, "elev_ft": 905.0, "pressure_zone_est": 1137, "static_psi_est": 100.5}, "geometry": {"type": "Point", "coordinates": [-118.59846288405613, 34.09713212127147]}}, {"type": "Feature", "properties": {"hydrant_id": "LACOFD-87849", "operator": "LA County Fire layer (non-LADWP area)", "size_code": "2.5", "make": null, "main_size_in": null, "corner": null, "street": null, "cross_street": null, "source": "LA County Fire - Fire_Hydrants MapServer/0 (points within 30 m of an LADWP hydrant removed as duplicates)", "in_perimeter": false, "elev_m": 297.8, "elev_ft": 977.0, "pressure_zone_est": 1137, "static_psi_est": 69.3}, "geometry": {"type": "Point", "coordinates": [-118.59220058088627, 34.09995481925589]}}, {"type": "Feature", "properties": {"hydrant_id": "LACOFD-87950", "operator": "LA County Fire layer (non-LADWP area)", "size_code": "4 2.5", "make": null, "main_size_in": null, "corner": null, "street": null, "cross_street": null, "source": "LA County Fire - Fire_Hydrants MapServer/0 (points within 30 m of an LADWP hydrant removed as duplicates)", "in_perimeter": false, "elev_m": 305.4, "elev_ft": 1002.0, "pressure_zone_est": 1137, "static_psi_est": 58.5}, "geometry": {"type": "Point", "coordinates": [-118.59471939319613, 34.09956176615649]}}, {"type": "Feature", "properties": {"hydrant_id": "LACOFD-87550", "operator": "LA County Fire layer (non-LADWP area)", "size_code": "2.5", "make": null, "main_size_in": null, "corner": null, "street": null, "cross_street": null, "source": "LA County Fire - Fire_Hydrants MapServer/0 (points within 30 m of an LADWP hydrant removed as duplicates)", "in_perimeter": false, "elev_m": 343.7, "elev_ft": 1128.0, "pressure_zone_est": 1345, "static_psi_est": 94.0}, "geometry": {"type": "Point", "coordinates": [-118.5954335374864, 34.09157006370017]}}, {"type": "Feature", "properties": {"hydrant_id": "LACOFD-87558", "operator": "LA County Fire layer (non-LADWP area)", "size_code": "2.5", "make": null, "main_size_in": null, "corner": null, "street": null, "cross_street": null, "source": "LA County Fire - Fire_Hydrants MapServer/0 (points within 30 m of an LADWP hydrant removed as duplicates)", "in_perimeter": false, "elev_m": 363.4, "elev_ft": 1192.0, "pressure_zone_est": 1345, "static_psi_est": 66.2}, "geometry": {"type": "Point", "coordinates": [-118.59391280160949, 34.09055744761014]}}, {"type": "Feature", "properties": {"hydrant_id": "LACOFD-87568", "operator": "LA County Fire layer (non-LADWP area)", "size_code": "2.5", "make": null, "main_size_in": null, "corner": null, "street": null, "cross_street": null, "source": "LA County Fire - Fire_Hydrants MapServer/0 (points within 30 m of an LADWP hydrant removed as duplicates)", "in_perimeter": false, "elev_m": 356.4, "elev_ft": 1169.0, "pressure_zone_est": 1345, "static_psi_est": 76.2}, "geometry": {"type": "Point", "coordinates": [-118.59521190881901, 34.08922800617558]}}, {"type": "Feature", "properties": {"hydrant_id": "LACOFD-92702", "operator": "LA County Fire layer (non-LADWP area)", "size_code": "WT", "make": null, "main_size_in": null, "corner": null, "street": null, "cross_street": null, "source": "LA County Fire - Fire_Hydrants MapServer/0 (points within 30 m of an LADWP hydrant removed as duplicates)", "in_perimeter": true, "elev_m": 69.5, "elev_ft": 228.0, "pressure_zone_est": 529, "static_psi_est": 130.3}, "geometry": {"type": "Point", "coordinates": [-118.57534091799825, 34.04379297371334]}}, {"type": "Feature", "properties": {"hydrant_id": "LACOFD-86599", "operator": "LA County Fire layer (non-LADWP area)", "size_code": "4 2.5", "make": null, "main_size_in": null, "corner": null, "street": null, "cross_street": null, "source": "LA County Fire - Fire_Hydrants MapServer/0 (points within 30 m of an LADWP hydrant removed as duplicates)", "in_perimeter": false, "elev_m": 7.0, "elev_ft": 23.0, "pressure_zone_est": 529, "static_psi_est": 219.1}, "geometry": {"type": "Point", "coordinates": [-118.57843325623593, 34.039974028759424]}}, {"type": "Feature", "properties": {"hydrant_id": "LACOFD-86600", "operator": "LA County Fire layer (non-LADWP area)", "size_code": "4 2.5", "make": null, "main_size_in": null, "corner": null, "street": null, "cross_street": null, "source": "LA County Fire - Fire_Hydrants MapServer/0 (points within 30 m of an LADWP hydrant removed as duplicates)", "in_perimeter": false, "elev_m": 7.9, "elev_ft": 26.0, "pressure_zone_est": 529, "static_psi_est": 217.8}, "geometry": {"type": "Point", "coordinates": [-118.57632020410632, 34.03982440062336]}}, {"type": "Feature", "properties": {"hydrant_id": "LACOFD-86601", "operator": "LA County Fire layer (non-LADWP area)", "size_code": "4 2.5", "make": null, "main_size_in": null, "corner": null, "street": null, "cross_street": null, "source": "LA County Fire - Fire_Hydrants MapServer/0 (points within 30 m of an LADWP hydrant removed as duplicates)", "in_perimeter": false, "elev_m": 10.9, "elev_ft": 36.0, "pressure_zone_est": 529, "static_psi_est": 213.5}, "geometry": {"type": "Point", "coordinates": [-118.58444808323456, 34.038682802712486]}}, {"type": "Feature", "properties": {"hydrant_id": "LACOFD-86603", "operator": "LA County Fire layer (non-LADWP area)", "size_code": "4 2.5", "make": null, "main_size_in": null, "corner": null, "street": null, "cross_street": null, "source": "LA County Fire - Fire_Hydrants MapServer/0 (points within 30 m of an LADWP hydrant removed as duplicates)", "in_perimeter": true, "elev_m": 10.5, "elev_ft": 34.0, "pressure_zone_est": 529, "static_psi_est": 214.3}, "geometry": {"type": "Point", "coordinates": [-118.58191717304864, 34.039382907082214]}}, {"type": "Feature", "properties": {"hydrant_id": "LACOFD-86605", "operator": "LA County Fire layer (non-LADWP area)", "size_code": "4 2.5", "make": null, "main_size_in": null, "corner": null, "street": null, "cross_street": null, "source": "LA County Fire - Fire_Hydrants MapServer/0 (points within 30 m of an LADWP hydrant removed as duplicates)", "in_perimeter": true, "elev_m": 7.7, "elev_ft": 25.0, "pressure_zone_est": 529, "static_psi_est": 218.2}, "geometry": {"type": "Point", "coordinates": [-118.59704625347682, 34.039451816615404]}}, {"type": "Feature", "properties": {"hydrant_id": "LACOFD-86607", "operator": "LA County Fire layer (non-LADWP area)", "size_code": "4 2.5", "make": null, "main_size_in": null, "corner": null, "street": null, "cross_street": null, "source": "LA County Fire - Fire_Hydrants MapServer/0 (points within 30 m of an LADWP hydrant removed as duplicates)", "in_perimeter": false, "elev_m": 6.5, "elev_ft": 21.0, "pressure_zone_est": 529, "static_psi_est": 220.0}, "geometry": {"type": "Point", "coordinates": [-118.59918676345198, 34.0393436924808]}}, {"type": "Feature", "properties": {"hydrant_id": "LACOFD-86608", "operator": "LA County Fire layer (non-LADWP area)", "size_code": "4 2.5", "make": null, "main_size_in": null, "corner": null, "street": null, "cross_street": null, "source": "LA County Fire - Fire_Hydrants MapServer/0 (points within 30 m of an LADWP hydrant removed as duplicates)", "in_perimeter": true, "elev_m": 7.1, "elev_ft": 23.0, "pressure_zone_est": 529, "static_psi_est": 219.1}, "geometry": {"type": "Point", "coordinates": [-118.58856499562043, 34.03930425822199]}}, {"type": "Feature", "properties": {"hydrant_id": "LACOFD-86609", "operator": "LA County Fire layer (non-LADWP area)", "size_code": "4 2.5", "make": null, "main_size_in": null, "corner": null, "street": null, "cross_street": null, "source": "LA County Fire - Fire_Hydrants MapServer/0 (points within 30 m of an LADWP hydrant removed as duplicates)", "in_perimeter": true, "elev_m": 7.7, "elev_ft": 25.0, "pressure_zone_est": 529, "static_psi_est": 218.2}, "geometry": {"type": "Point", "coordinates": [-118.5869847116106, 34.03902262455563]}}, {"type": "Feature", "properties": {"hydrant_id": "LACOFD-87544", "operator": "LA County Fire layer (non-LADWP area)", "size_code": "2.5", "make": null, "main_size_in": null, "corner": null, "street": null, "cross_street": null, "source": "LA County Fire - Fire_Hydrants MapServer/0 (points within 30 m of an LADWP hydrant removed as duplicates)", "in_perimeter": false, "elev_m": 223.7, "elev_ft": 734.0, "pressure_zone_est": 1137, "static_psi_est": 174.5}, "geometry": {"type": "Point", "coordinates": [-118.59962531718074, 34.08411715332517]}}, {"type": "Feature", "properties": {"hydrant_id": "LACOFD-87551", "operator": "LA County Fire layer (non-LADWP area)", "size_code": "2.5", "make": null, "main_size_in": null, "corner": null, "street": null, "cross_street": null, "source": "LA County Fire - Fire_Hydrants MapServer/0 (points within 30 m of an LADWP hydrant removed as duplicates)", "in_perimeter": false, "elev_m": 323.1, "elev_ft": 1060.0, "pressure_zone_est": 1345, "static_psi_est": 123.4}, "geometry": {"type": "Point", "coordinates": [-118.5961189890639, 34.09161974671109]}}, {"type": "Feature", "properties": {"hydrant_id": "LACOFD-87570", "operator": "LA County Fire layer (non-LADWP area)", "size_code": "2.5", "make": null, "main_size_in": null, "corner": null, "street": null, "cross_street": null, "source": "LA County Fire - Fire_Hydrants MapServer/0 (points within 30 m of an LADWP hydrant removed as duplicates)", "in_perimeter": false, "elev_m": 307.6, "elev_ft": 1009.0, "pressure_zone_est": 1137, "static_psi_est": 55.4}, "geometry": {"type": "Point", "coordinates": [-118.59923049956946, 34.08907528488988]}}, {"type": "Feature", "properties": {"hydrant_id": "LACOFD-87572", "operator": "LA County Fire layer (non-LADWP area)", "size_code": "4 2.5", "make": null, "main_size_in": null, "corner": null, "street": null, "cross_street": null, "source": "LA County Fire - Fire_Hydrants MapServer/0 (points within 30 m of an LADWP hydrant removed as duplicates)", "in_perimeter": false, "elev_m": 374.1, "elev_ft": 1227.0, "pressure_zone_est": 1345, "static_psi_est": 51.1}, "geometry": {"type": "Point", "coordinates": [-118.59502971076152, 34.08830674801594]}}, {"type": "Feature", "properties": {"hydrant_id": "LACOFD-87660", "operator": "LA County Fire layer (non-LADWP area)", "size_code": "2.5", "make": null, "main_size_in": null, "corner": null, "street": null, "cross_street": null, "source": "LA County Fire - Fire_Hydrants MapServer/0 (points within 30 m of an LADWP hydrant removed as duplicates)", "in_perimeter": false, "elev_m": 320.5, "elev_ft": 1052.0, "pressure_zone_est": 1345, "static_psi_est": 126.9}, "geometry": {"type": "Point", "coordinates": [-118.5972627664583, 34.09278135671508]}}, {"type": "Feature", "properties": {"hydrant_id": "LACOFD-92701", "operator": "LA County Fire layer (non-LADWP area)", "size_code": "WT", "make": null, "main_size_in": null, "corner": null, "street": null, "cross_street": null, "source": "LA County Fire - Fire_Hydrants MapServer/0 (points within 30 m of an LADWP hydrant removed as duplicates)", "in_perimeter": true, "elev_m": 69.5, "elev_ft": 228.0, "pressure_zone_est": 529, "static_psi_est": 130.3}, "geometry": {"type": "Point", "coordinates": [-118.57564314667319, 34.04367942656693]}}, {"type": "Feature", "properties": {"hydrant_id": "LACOFD-86602", "operator": "LA County Fire layer (non-LADWP area)", "size_code": "4 2.5", "make": null, "main_size_in": null, "corner": null, "street": null, "cross_street": null, "source": "LA County Fire - Fire_Hydrants MapServer/0 (points within 30 m of an LADWP hydrant removed as duplicates)", "in_perimeter": true, "elev_m": 9.7, "elev_ft": 32.0, "pressure_zone_est": 529, "static_psi_est": 215.2}, "geometry": {"type": "Point", "coordinates": [-118.58257679189548, 34.039134339169046]}}, {"type": "Feature", "properties": {"hydrant_id": "LACOFD-86604", "operator": "LA County Fire layer (non-LADWP area)", "size_code": "4 2.5", "make": null, "main_size_in": null, "corner": null, "street": null, "cross_street": null, "source": "LA County Fire - Fire_Hydrants MapServer/0 (points within 30 m of an LADWP hydrant removed as duplicates)", "in_perimeter": true, "elev_m": 4.7, "elev_ft": 16.0, "pressure_zone_est": 529, "static_psi_est": 222.1}, "geometry": {"type": "Point", "coordinates": [-118.59468434427242, 34.039880158418676]}}, {"type": "Feature", "properties": {"hydrant_id": "LACOFD-86611", "operator": "LA County Fire layer (non-LADWP area)", "size_code": "4 2.5", "make": null, "main_size_in": null, "corner": null, "street": null, "cross_street": null, "source": "LA County Fire - Fire_Hydrants MapServer/0 (points within 30 m of an LADWP hydrant removed as duplicates)", "in_perimeter": false, "elev_m": 6.1, "elev_ft": 20.0, "pressure_zone_est": 529, "static_psi_est": 220.4}, "geometry": {"type": "Point", "coordinates": [-118.58567207605104, 34.03854304327359]}}, {"type": "Feature", "properties": {"hydrant_id": "LACOFD-87650", "operator": "LA County Fire layer (non-LADWP area)", "size_code": "2.5", "make": null, "main_size_in": null, "corner": null, "street": null, "cross_street": null, "source": "LA County Fire - Fire_Hydrants MapServer/0 (points within 30 m of an LADWP hydrant removed as duplicates)", "in_perimeter": false, "elev_m": 321.7, "elev_ft": 1055.0, "pressure_zone_est": 1345, "static_psi_est": 125.6}, "geometry": {"type": "Point", "coordinates": [-118.59714308639977, 34.09296202464669]}}, {"type": "Feature", "properties": {"hydrant_id": "LACOFD-87659", "operator": "LA County Fire layer (non-LADWP area)", "size_code": "2.5", "make": null, "main_size_in": null, "corner": null, "street": null, "cross_street": null, "source": "LA County Fire - Fire_Hydrants MapServer/0 (points within 30 m of an LADWP hydrant removed as duplicates)", "in_perimeter": false, "elev_m": 338.1, "elev_ft": 1109.0, "pressure_zone_est": 1345, "static_psi_est": 102.2}, "geometry": {"type": "Point", "coordinates": [-118.59557293985424, 34.09284123706616]}}, {"type": "Feature", "properties": {"hydrant_id": "LACOFD-87649", "operator": "LA County Fire layer (non-LADWP area)", "size_code": "2.5", "make": null, "main_size_in": null, "corner": null, "street": null, "cross_street": null, "source": "LA County Fire - Fire_Hydrants MapServer/0 (points within 30 m of an LADWP hydrant removed as duplicates)", "in_perimeter": false, "elev_m": 370.9, "elev_ft": 1217.0, "pressure_zone_est": 1345, "static_psi_est": 55.4}, "geometry": {"type": "Point", "coordinates": [-118.59000558770299, 34.09195584276624]}}, {"type": "Feature", "properties": {"hydrant_id": "LACOFD-87556", "operator": "LA County Fire layer (non-LADWP area)", "size_code": "2.5", "make": null, "main_size_in": null, "corner": null, "street": null, "cross_street": null, "source": "LA County Fire - Fire_Hydrants MapServer/0 (points within 30 m of an LADWP hydrant removed as duplicates)", "in_perimeter": false, "elev_m": 386.6, "elev_ft": 1268.0, "pressure_zone_est": 1645, "static_psi_est": 163.2}, "geometry": {"type": "Point", "coordinates": [-118.59011880911103, 34.09095790495669]}}, {"type": "Feature", "properties": {"hydrant_id": "LACOFD-253796", "operator": "LA County Fire layer (non-LADWP area)", "size_code": "WT", "make": null, "main_size_in": null, "corner": null, "street": null, "cross_street": null, "source": "LA County Fire - Fire_Hydrants MapServer/0 (points within 30 m of an LADWP hydrant removed as duplicates)", "in_perimeter": true, "elev_m": 492.6, "elev_ft": 1616.0, "pressure_zone_est": 1645, "static_psi_est": 12.6}, "geometry": {"type": "Point", "coordinates": [-118.59427784114973, 34.0573577799824]}}, {"type": "Feature", "properties": {"hydrant_id": "LACOFD-86612", "operator": "LA County Fire layer (non-LADWP area)", "size_code": "2.5", "make": null, "main_size_in": null, "corner": null, "street": null, "cross_street": null, "source": "LA County Fire - Fire_Hydrants MapServer/0 (points within 30 m of an LADWP hydrant removed as duplicates)", "in_perimeter": false, "elev_m": 5.9, "elev_ft": 19.0, "pressure_zone_est": 529, "static_psi_est": 220.8}, "geometry": {"type": "Point", "coordinates": [-118.58472217209966, 34.03827768223674]}}, {"type": "Feature", "properties": {"hydrant_id": "LACOFD-86852", "operator": "LA County Fire layer (non-LADWP area)", "size_code": "4 2.5", "make": null, "main_size_in": null, "corner": null, "street": null, "cross_street": null, "source": "LA County Fire - Fire_Hydrants MapServer/0 (points within 30 m of an LADWP hydrant removed as duplicates)", "in_perimeter": true, "elev_m": 61.2, "elev_ft": 201.0, "pressure_zone_est": 529, "static_psi_est": 142.0}, "geometry": {"type": "Point", "coordinates": [-118.57503061486094, 34.041944846223785]}}, {"type": "Feature", "properties": {"hydrant_id": "LACOFD-87429", "operator": "LA County Fire layer (non-LADWP area)", "size_code": "2.5", "make": null, "main_size_in": null, "corner": null, "street": null, "cross_street": null, "source": "LA County Fire - Fire_Hydrants MapServer/0 (points within 30 m of an LADWP hydrant removed as duplicates)", "in_perimeter": false, "elev_m": 227.1, "elev_ft": 745.0, "pressure_zone_est": 1137, "static_psi_est": 169.7}, "geometry": {"type": "Point", "coordinates": [-118.59973570981171, 34.083834362368506]}}, {"type": "Feature", "properties": {"hydrant_id": "LACOFD-87441", "operator": "LA County Fire layer (non-LADWP area)", "size_code": "4 2.5", "make": null, "main_size_in": null, "corner": null, "street": null, "cross_street": null, "source": "LA County Fire - Fire_Hydrants MapServer/0 (points within 30 m of an LADWP hydrant removed as duplicates)", "in_perimeter": false, "elev_m": 229.2, "elev_ft": 752.0, "pressure_zone_est": 1137, "static_psi_est": 166.7}, "geometry": {"type": "Point", "coordinates": [-118.59882221679194, 34.08228312822012]}}, {"type": "Feature", "properties": {"hydrant_id": "LACOFD-87543", "operator": "LA County Fire layer (non-LADWP area)", "size_code": "4 2.5", "make": null, "main_size_in": null, "corner": null, "street": null, "cross_street": null, "source": "LA County Fire - Fire_Hydrants MapServer/0 (points within 30 m of an LADWP hydrant removed as duplicates)", "in_perimeter": false, "elev_m": 224.6, "elev_ft": 737.0, "pressure_zone_est": 1137, "static_psi_est": 173.2}, "geometry": {"type": "Point", "coordinates": [-118.59786474902066, 34.08184175661499]}}, {"type": "Feature", "properties": {"hydrant_id": "LACOFD-87633", "operator": "LA County Fire layer (non-LADWP area)", "size_code": "4 2.5", "make": null, "main_size_in": null, "corner": null, "street": null, "cross_street": null, "source": "LA County Fire - Fire_Hydrants MapServer/0 (points within 30 m of an LADWP hydrant removed as duplicates)", "in_perimeter": false, "elev_m": 301.3, "elev_ft": 989.0, "pressure_zone_est": 1137, "static_psi_est": 64.1}, "geometry": {"type": "Point", "coordinates": [-118.5961672439196, 34.098829461779715]}}, {"type": "Feature", "properties": {"hydrant_id": "LACOFD-87640", "operator": "LA County Fire layer (non-LADWP area)", "size_code": "2.5", "make": null, "main_size_in": null, "corner": null, "street": null, "cross_street": null, "source": "LA County Fire - Fire_Hydrants MapServer/0 (points within 30 m of an LADWP hydrant removed as duplicates)", "in_perimeter": false, "elev_m": 263.0, "elev_ft": 863.0, "pressure_zone_est": 1137, "static_psi_est": 118.6}, "geometry": {"type": "Point", "coordinates": [-118.5991755498219, 34.09752776544517]}}, {"type": "Feature", "properties": {"hydrant_id": "LACOFD-87635", "operator": "LA County Fire layer (non-LADWP area)", "size_code": "2.5", "make": null, "main_size_in": null, "corner": null, "street": null, "cross_street": null, "source": "LA County Fire - Fire_Hydrants MapServer/0 (points within 30 m of an LADWP hydrant removed as duplicates)", "in_perimeter": false, "elev_m": 268.9, "elev_ft": 882.0, "pressure_zone_est": 1137, "static_psi_est": 110.4}, "geometry": {"type": "Point", "coordinates": [-118.5981717158348, 34.09863491772349]}}, {"type": "Feature", "properties": {"hydrant_id": "LACOFD-87656", "operator": "LA County Fire layer (non-LADWP area)", "size_code": "2.5", "make": null, "main_size_in": null, "corner": null, "street": null, "cross_street": null, "source": "LA County Fire - Fire_Hydrants MapServer/0 (points within 30 m of an LADWP hydrant removed as duplicates)", "in_perimeter": false, "elev_m": 322.6, "elev_ft": 1059.0, "pressure_zone_est": 1345, "static_psi_est": 123.8}, "geometry": {"type": "Point", "coordinates": [-118.59706157761023, 34.09291826349725]}}, {"type": "Feature", "properties": {"hydrant_id": "LACOFD-87850", "operator": "LA County Fire layer (non-LADWP area)", "size_code": "2.5", "make": null, "main_size_in": null, "corner": null, "street": null, "cross_street": null, "source": "LA County Fire - Fire_Hydrants MapServer/0 (points within 30 m of an LADWP hydrant removed as duplicates)", "in_perimeter": false, "elev_m": 303.5, "elev_ft": 996.0, "pressure_zone_est": 1137, "static_psi_est": 61.1}, "geometry": {"type": "Point", "coordinates": [-118.5910508066486, 34.09993770931015]}}, {"type": "Feature", "properties": {"hydrant_id": "LACOFD-87848", "operator": "LA County Fire layer (non-LADWP area)", "size_code": "2.5", "make": null, "main_size_in": null, "corner": null, "street": null, "cross_street": null, "source": "LA County Fire - Fire_Hydrants MapServer/0 (points within 30 m of an LADWP hydrant removed as duplicates)", "in_perimeter": false, "elev_m": 293.2, "elev_ft": 962.0, "pressure_zone_est": 1137, "static_psi_est": 75.8}, "geometry": {"type": "Point", "coordinates": [-118.59344482976482, 34.09988116007448]}}, {"type": "Feature", "properties": {"hydrant_id": "LACOFD-87189", "operator": "LA County Fire layer (non-LADWP area)", "size_code": "2.5", "make": null, "main_size_in": null, "corner": null, "street": null, "cross_street": null, "source": "LA County Fire - Fire_Hydrants MapServer/0 (points within 30 m of an LADWP hydrant removed as duplicates)", "in_perimeter": true, "elev_m": 91.0, "elev_ft": 299.0, "pressure_zone_est": 529, "static_psi_est": 99.6}, "geometry": {"type": "Point", "coordinates": [-118.586892434497, 34.064564014523256]}}, {"type": "Feature", "properties": {"hydrant_id": "LACOFD-87555", "operator": "LA County Fire layer (non-LADWP area)", "size_code": "4 2.5", "make": null, "main_size_in": null, "corner": null, "street": null, "cross_street": null, "source": "LA County Fire - Fire_Hydrants MapServer/0 (points within 30 m of an LADWP hydrant removed as duplicates)", "in_perimeter": false, "elev_m": 375.6, "elev_ft": 1232.0, "pressure_zone_est": 1345, "static_psi_est": 48.9}, "geometry": {"type": "Point", "coordinates": [-118.5924420600044, 34.0908607682565]}}, {"type": "Feature", "properties": {"hydrant_id": "LACOFD-87445", "operator": "LA County Fire layer (non-LADWP area)", "size_code": "2.5", "make": null, "main_size_in": null, "corner": null, "street": null, "cross_street": null, "source": "LA County Fire - Fire_Hydrants MapServer/0 (points within 30 m of an LADWP hydrant removed as duplicates)", "in_perimeter": false, "elev_m": 254.2, "elev_ft": 834.0, "pressure_zone_est": 1137, "static_psi_est": 131.2}, "geometry": {"type": "Point", "coordinates": [-118.5990600055861, 34.08129676216067]}}, {"type": "Feature", "properties": {"hydrant_id": "LACOFD-87421", "operator": "LA County Fire layer (non-LADWP area)", "size_code": "2.5", "make": null, "main_size_in": null, "corner": null, "street": null, "cross_street": null, "source": "LA County Fire - Fire_Hydrants MapServer/0 (points within 30 m of an LADWP hydrant removed as duplicates)", "in_perimeter": false, "elev_m": 232.4, "elev_ft": 762.0, "pressure_zone_est": 1137, "static_psi_est": 162.4}, "geometry": {"type": "Point", "coordinates": [-118.59820023163418, 34.08177081212888]}}, {"type": "Feature", "properties": {"hydrant_id": "LACOFD-87564", "operator": "LA County Fire layer (non-LADWP area)", "size_code": "2.5", "make": null, "main_size_in": null, "corner": null, "street": null, "cross_street": null, "source": "LA County Fire - Fire_Hydrants MapServer/0 (points within 30 m of an LADWP hydrant removed as duplicates)", "in_perimeter": false, "elev_m": 327.4, "elev_ft": 1074.0, "pressure_zone_est": 1345, "static_psi_est": 117.3}, "geometry": {"type": "Point", "coordinates": [-118.59779791276628, 34.0893444682127]}}, {"type": "Feature", "properties": {"hydrant_id": "LACOFD-87560", "operator": "LA County Fire layer (non-LADWP area)", "size_code": "2.5", "make": null, "main_size_in": null, "corner": null, "street": null, "cross_street": null, "source": "LA County Fire - Fire_Hydrants MapServer/0 (points within 30 m of an LADWP hydrant removed as duplicates)", "in_perimeter": false, "elev_m": 301.5, "elev_ft": 989.0, "pressure_zone_est": 1137, "static_psi_est": 64.1}, "geometry": {"type": "Point", "coordinates": [-118.59798263890808, 34.09003989185552]}}, {"type": "Feature", "properties": {"hydrant_id": "LACOFD-87433", "operator": "LA County Fire layer (non-LADWP area)", "size_code": "2.5", "make": null, "main_size_in": null, "corner": null, "street": null, "cross_street": null, "source": "LA County Fire - Fire_Hydrants MapServer/0 (points within 30 m of an LADWP hydrant removed as duplicates)", "in_perimeter": false, "elev_m": 224.1, "elev_ft": 735.0, "pressure_zone_est": 1137, "static_psi_est": 174.1}, "geometry": {"type": "Point", "coordinates": [-118.5987041605617, 34.08322706341762]}}, {"type": "Feature", "properties": {"hydrant_id": "LACOFD-87554", "operator": "LA County Fire layer (non-LADWP area)", "size_code": "2.5", "make": null, "main_size_in": null, "corner": null, "street": null, "cross_street": null, "source": "LA County Fire - Fire_Hydrants MapServer/0 (points within 30 m of an LADWP hydrant removed as duplicates)", "in_perimeter": false, "elev_m": 269.5, "elev_ft": 884.0, "pressure_zone_est": 1137, "static_psi_est": 109.5}, "geometry": {"type": "Point", "coordinates": [-118.59957499001614, 34.091740318329016]}}, {"type": "Feature", "properties": {"hydrant_id": "LACOFD-87557", "operator": "LA County Fire layer (non-LADWP area)", "size_code": "2.5", "make": null, "main_size_in": null, "corner": null, "street": null, "cross_street": null, "source": "LA County Fire - Fire_Hydrants MapServer/0 (points within 30 m of an LADWP hydrant removed as duplicates)", "in_perimeter": false, "elev_m": 297.4, "elev_ft": 976.0, "pressure_zone_est": 1137, "static_psi_est": 69.7}, "geometry": {"type": "Point", "coordinates": [-118.5983223116849, 34.09076418989144]}}, {"type": "Feature", "properties": {"hydrant_id": "LACOFD-87736", "operator": "LA County Fire layer (non-LADWP area)", "size_code": "4 2.5", "make": null, "main_size_in": null, "corner": null, "street": null, "cross_street": null, "source": "LA County Fire - Fire_Hydrants MapServer/0 (points within 30 m of an LADWP hydrant removed as duplicates)", "in_perimeter": false, "elev_m": 360.0, "elev_ft": 1181.0, "pressure_zone_est": 1345, "static_psi_est": 71.0}, "geometry": {"type": "Point", "coordinates": [-118.58762303614226, 34.09362648869289]}}, {"type": "Feature", "properties": {"hydrant_id": "LACOFD-87738", "operator": "LA County Fire layer (non-LADWP area)", "size_code": "4 2.5", "make": null, "main_size_in": null, "corner": null, "street": null, "cross_street": null, "source": "LA County Fire - Fire_Hydrants MapServer/0 (points within 30 m of an LADWP hydrant removed as duplicates)", "in_perimeter": false, "elev_m": 353.7, "elev_ft": 1161.0, "pressure_zone_est": 1345, "static_psi_est": 79.7}, "geometry": {"type": "Point", "coordinates": [-118.58705143631047, 34.09643121484833]}}, {"type": "Feature", "properties": {"hydrant_id": "LACOFD-87737", "operator": "LA County Fire layer (non-LADWP area)", "size_code": "4 2.5", "make": null, "main_size_in": null, "corner": null, "street": null, "cross_street": null, "source": "LA County Fire - Fire_Hydrants MapServer/0 (points within 30 m of an LADWP hydrant removed as duplicates)", "in_perimeter": false, "elev_m": 364.4, "elev_ft": 1196.0, "pressure_zone_est": 1345, "static_psi_est": 64.5}, "geometry": {"type": "Point", "coordinates": [-118.5871631235153, 34.09557791304954]}}, {"type": "Feature", "properties": {"hydrant_id": "LACOFD-87638", "operator": "LA County Fire layer (non-LADWP area)", "size_code": "2.5", "make": null, "main_size_in": null, "corner": null, "street": null, "cross_street": null, "source": "LA County Fire - Fire_Hydrants MapServer/0 (points within 30 m of an LADWP hydrant removed as duplicates)", "in_perimeter": false, "elev_m": 265.5, "elev_ft": 871.0, "pressure_zone_est": 1137, "static_psi_est": 115.2}, "geometry": {"type": "Point", "coordinates": [-118.59808309043585, 34.09797262349261]}}, {"type": "Feature", "properties": {"hydrant_id": "LACOFD-87648", "operator": "LA County Fire layer (non-LADWP area)", "size_code": "4 2.5", "make": null, "main_size_in": null, "corner": null, "street": null, "cross_street": null, "source": "LA County Fire - Fire_Hydrants MapServer/0 (points within 30 m of an LADWP hydrant removed as duplicates)", "in_perimeter": false, "elev_m": 352.2, "elev_ft": 1156.0, "pressure_zone_est": 1345, "static_psi_est": 81.8}, "geometry": {"type": "Point", "coordinates": [-118.59279801346626, 34.091835859257685]}}, {"type": "Feature", "properties": {"hydrant_id": "LACOFD-87449", "operator": "LA County Fire layer (non-LADWP area)", "size_code": "2.5", "make": null, "main_size_in": null, "corner": null, "street": null, "cross_street": null, "source": "LA County Fire - Fire_Hydrants MapServer/0 (points within 30 m of an LADWP hydrant removed as duplicates)", "in_perimeter": false, "elev_m": 246.9, "elev_ft": 810.0, "pressure_zone_est": 1137, "static_psi_est": 141.6}, "geometry": {"type": "Point", "coordinates": [-118.59820893796696, 34.08069032298437]}}, {"type": "Feature", "properties": {"hydrant_id": "LACOFD-87553", "operator": "LA County Fire layer (non-LADWP area)", "size_code": "2.5", "make": null, "main_size_in": null, "corner": null, "street": null, "cross_street": null, "source": "LA County Fire - Fire_Hydrants MapServer/0 (points within 30 m of an LADWP hydrant removed as duplicates)", "in_perimeter": false, "elev_m": 287.9, "elev_ft": 945.0, "pressure_zone_est": 1137, "static_psi_est": 83.1}, "geometry": {"type": "Point", "coordinates": [-118.59818245876129, 34.09145023855899]}}, {"type": "Feature", "properties": {"hydrant_id": "LACOFD-87597", "operator": "LA County Fire layer (non-LADWP area)", "size_code": "4 2.5", "make": null, "main_size_in": null, "corner": null, "street": null, "cross_street": null, "source": "LA County Fire - Fire_Hydrants MapServer/0 (points within 30 m of an LADWP hydrant removed as duplicates)", "in_perimeter": false, "elev_m": 349.3, "elev_ft": 1146.0, "pressure_zone_est": 1345, "static_psi_est": 86.2}, "geometry": {"type": "Point", "coordinates": [-118.59360231115093, 34.08691834315204]}}, {"type": "Feature", "properties": {"hydrant_id": "LACOFD-87440", "operator": "LA County Fire layer (non-LADWP area)", "size_code": "2.5", "make": null, "main_size_in": null, "corner": null, "street": null, "cross_street": null, "source": "LA County Fire - Fire_Hydrants MapServer/0 (points within 30 m of an LADWP hydrant removed as duplicates)", "in_perimeter": false, "elev_m": 254.2, "elev_ft": 834.0, "pressure_zone_est": 1137, "static_psi_est": 131.2}, "geometry": {"type": "Point", "coordinates": [-118.59987989527875, 34.082604800607314]}}, {"type": "Feature", "properties": {"hydrant_id": "LACOFD-87419", "operator": "LA County Fire layer (non-LADWP area)", "size_code": "2.5", "make": null, "main_size_in": null, "corner": null, "street": null, "cross_street": null, "source": "LA County Fire - Fire_Hydrants MapServer/0 (points within 30 m of an LADWP hydrant removed as duplicates)", "in_perimeter": false, "elev_m": 340.1, "elev_ft": 1116.0, "pressure_zone_est": 1345, "static_psi_est": 99.2}, "geometry": {"type": "Point", "coordinates": [-118.59411556382804, 34.08539309096387]}}, {"type": "Feature", "properties": {"hydrant_id": "LACOFD-87420", "operator": "LA County Fire layer (non-LADWP area)", "size_code": "4 2.5", "make": null, "main_size_in": null, "corner": null, "street": null, "cross_street": null, "source": "LA County Fire - Fire_Hydrants MapServer/0 (points within 30 m of an LADWP hydrant removed as duplicates)", "in_perimeter": false, "elev_m": 326.9, "elev_ft": 1072.0, "pressure_zone_est": 1345, "static_psi_est": 118.2}, "geometry": {"type": "Point", "coordinates": [-118.594522865471, 34.08390543947417]}}, {"type": "Feature", "properties": {"hydrant_id": "LACOFD-87329", "operator": "LA County Fire layer (non-LADWP area)", "size_code": "2.5", "make": null, "main_size_in": null, "corner": null, "street": null, "cross_street": null, "source": "LA County Fire - Fire_Hydrants MapServer/0 (points within 30 m of an LADWP hydrant removed as duplicates)", "in_perimeter": false, "elev_m": 295.1, "elev_ft": 968.0, "pressure_zone_est": 1137, "static_psi_est": 73.2}, "geometry": {"type": "Point", "coordinates": [-118.59785043542587, 34.07676916818315]}}, {"type": "Feature", "properties": {"hydrant_id": "LACOFD-87645", "operator": "LA County Fire layer (non-LADWP area)", "size_code": "2.5", "make": null, "main_size_in": null, "corner": null, "street": null, "cross_street": null, "source": "LA County Fire - Fire_Hydrants MapServer/0 (points within 30 m of an LADWP hydrant removed as duplicates)", "in_perimeter": false, "elev_m": 277.2, "elev_ft": 909.0, "pressure_zone_est": 1137, "static_psi_est": 98.7}, "geometry": {"type": "Point", "coordinates": [-118.59892361834517, 34.09640920003891]}}, {"type": "Feature", "properties": {"hydrant_id": "LACOFD-87562", "operator": "LA County Fire layer (non-LADWP area)", "size_code": "2.5", "make": null, "main_size_in": null, "corner": null, "street": null, "cross_street": null, "source": "LA County Fire - Fire_Hydrants MapServer/0 (points within 30 m of an LADWP hydrant removed as duplicates)", "in_perimeter": false, "elev_m": 403.6, "elev_ft": 1324.0, "pressure_zone_est": 1645, "static_psi_est": 139.0}, "geometry": {"type": "Point", "coordinates": [-118.59270723406372, 34.08980935134846]}}, {"type": "Feature", "properties": {"hydrant_id": "LACOFD-87089", "operator": "LA County Fire layer (non-LADWP area)", "size_code": "4 2.5", "make": null, "main_size_in": null, "corner": null, "street": null, "cross_street": null, "source": "LA County Fire - Fire_Hydrants MapServer/0 (points within 30 m of an LADWP hydrant removed as duplicates)", "in_perimeter": true, "elev_m": 89.4, "elev_ft": 293.0, "pressure_zone_est": 529, "static_psi_est": 102.2}, "geometry": {"type": "Point", "coordinates": [-118.57154263842095, 34.04581891091961]}}, {"type": "Feature", "properties": {"hydrant_id": "LACOFD-87330", "operator": "LA County Fire layer (non-LADWP area)", "size_code": "2.5", "make": null, "main_size_in": null, "corner": null, "street": null, "cross_street": null, "source": "LA County Fire - Fire_Hydrants MapServer/0 (points within 30 m of an LADWP hydrant removed as duplicates)", "in_perimeter": false, "elev_m": 325.8, "elev_ft": 1069.0, "pressure_zone_est": 1345, "static_psi_est": 119.5}, "geometry": {"type": "Point", "coordinates": [-118.59916810362829, 34.07664650528599]}}, {"type": "Feature", "properties": {"hydrant_id": "LACOFD-87322", "operator": "LA County Fire layer (non-LADWP area)", "size_code": "2.5", "make": null, "main_size_in": null, "corner": null, "street": null, "cross_street": null, "source": "LA County Fire - Fire_Hydrants MapServer/0 (points within 30 m of an LADWP hydrant removed as duplicates)", "in_perimeter": false, "elev_m": 277.8, "elev_ft": 912.0, "pressure_zone_est": 1137, "static_psi_est": 97.4}, "geometry": {"type": "Point", "coordinates": [-118.5987809684263, 34.077558661044584]}}, {"type": "Feature", "properties": {"hydrant_id": "LACOFD-86975", "operator": "LA County Fire layer (non-LADWP area)", "size_code": "4 2.5", "make": null, "main_size_in": null, "corner": null, "street": null, "cross_street": null, "source": "LA County Fire - Fire_Hydrants MapServer/0 (points within 30 m of an LADWP hydrant removed as duplicates)", "in_perimeter": true, "elev_m": 71.3, "elev_ft": 234.0, "pressure_zone_est": 529, "static_psi_est": 127.7}, "geometry": {"type": "Point", "coordinates": [-118.57324856259609, 34.044387448725494]}}, {"type": "Feature", "properties": {"hydrant_id": "LACOFD-87076", "operator": "LA County Fire layer (non-LADWP area)", "size_code": "2.5", "make": null, "main_size_in": null, "corner": null, "street": null, "cross_street": null, "source": "LA County Fire - Fire_Hydrants MapServer/0 (points within 30 m of an LADWP hydrant removed as duplicates)", "in_perimeter": true, "elev_m": 25.0, "elev_ft": 82.0, "pressure_zone_est": 529, "static_psi_est": 193.6}, "geometry": {"type": "Point", "coordinates": [-118.5782678847221, 34.047439228863]}}, {"type": "Feature", "properties": {"hydrant_id": "LACOFD-86970", "operator": "LA County Fire layer (non-LADWP area)", "size_code": "4 2.5", "make": null, "main_size_in": null, "corner": null, "street": null, "cross_street": null, "source": "LA County Fire - Fire_Hydrants MapServer/0 (points within 30 m of an LADWP hydrant removed as duplicates)", "in_perimeter": true, "elev_m": 87.0, "elev_ft": 285.0, "pressure_zone_est": 529, "static_psi_est": 105.7}, "geometry": {"type": "Point", "coordinates": [-118.57517508687594, 34.045527117537304]}}, {"type": "Feature", "properties": {"hydrant_id": "LACOFD-87313", "operator": "LA County Fire layer (non-LADWP area)", "size_code": "2.5", "make": null, "main_size_in": null, "corner": null, "street": null, "cross_street": null, "source": "LA County Fire - Fire_Hydrants MapServer/0 (points within 30 m of an LADWP hydrant removed as duplicates)", "in_perimeter": false, "elev_m": 287.8, "elev_ft": 944.0, "pressure_zone_est": 1137, "static_psi_est": 83.6}, "geometry": {"type": "Point", "coordinates": [-118.59902616741269, 34.07943956354455]}}, {"type": "Feature", "properties": {"hydrant_id": "LACOFD-87573", "operator": "LA County Fire layer (non-LADWP area)", "size_code": "4 2.5", "make": null, "main_size_in": null, "corner": null, "street": null, "cross_street": null, "source": "LA County Fire - Fire_Hydrants MapServer/0 (points within 30 m of an LADWP hydrant removed as duplicates)", "in_perimeter": false, "elev_m": 373.2, "elev_ft": 1224.0, "pressure_zone_est": 1345, "static_psi_est": 52.4}, "geometry": {"type": "Point", "coordinates": [-118.59305812959626, 34.08806192199121]}}, {"type": "Feature", "properties": {"hydrant_id": "LACOFD-87639", "operator": "LA County Fire layer (non-LADWP area)", "size_code": "2.5", "make": null, "main_size_in": null, "corner": null, "street": null, "cross_street": null, "source": "LA County Fire - Fire_Hydrants MapServer/0 (points within 30 m of an LADWP hydrant removed as duplicates)", "in_perimeter": false, "elev_m": 267.7, "elev_ft": 878.0, "pressure_zone_est": 1137, "static_psi_est": 112.1}, "geometry": {"type": "Point", "coordinates": [-118.59790246616375, 34.097734770291304]}}, {"type": "Feature", "properties": {"hydrant_id": "LACOFD-87646", "operator": "LA County Fire layer (non-LADWP area)", "size_code": "2.5", "make": null, "main_size_in": null, "corner": null, "street": null, "cross_street": null, "source": "LA County Fire - Fire_Hydrants MapServer/0 (points within 30 m of an LADWP hydrant removed as duplicates)", "in_perimeter": false, "elev_m": 273.6, "elev_ft": 898.0, "pressure_zone_est": 1137, "static_psi_est": 103.5}, "geometry": {"type": "Point", "coordinates": [-118.59963169135484, 34.09618667662991]}}, {"type": "Feature", "properties": {"hydrant_id": "LACOFD-87851", "operator": "LA County Fire layer (non-LADWP area)", "size_code": "2.5", "make": null, "main_size_in": null, "corner": null, "street": null, "cross_street": null, "source": "LA County Fire - Fire_Hydrants MapServer/0 (points within 30 m of an LADWP hydrant removed as duplicates)", "in_perimeter": false, "elev_m": 248.5, "elev_ft": 815.0, "pressure_zone_est": 1137, "static_psi_est": 139.4}, "geometry": {"type": "Point", "coordinates": [-118.5987435299493, 34.09931877167604]}}, {"type": "Feature", "properties": {"hydrant_id": "LACOFD-87735", "operator": "LA County Fire layer (non-LADWP area)", "size_code": "4 2.5", "make": null, "main_size_in": null, "corner": null, "street": null, "cross_street": null, "source": "LA County Fire - Fire_Hydrants MapServer/0 (points within 30 m of an LADWP hydrant removed as duplicates)", "in_perimeter": false, "elev_m": 363.8, "elev_ft": 1194.0, "pressure_zone_est": 1345, "static_psi_est": 65.4}, "geometry": {"type": "Point", "coordinates": [-118.58860940586612, 34.09312143571707]}}, {"type": "Feature", "properties": {"hydrant_id": "LACOFD-87336", "operator": "LA County Fire layer (non-LADWP area)", "size_code": "4 2.5", "make": null, "main_size_in": null, "corner": null, "street": null, "cross_street": null, "source": "LA County Fire - Fire_Hydrants MapServer/0 (points within 30 m of an LADWP hydrant removed as duplicates)", "in_perimeter": false, "elev_m": 375.9, "elev_ft": 1233.0, "pressure_zone_est": 1345, "static_psi_est": 48.5}, "geometry": {"type": "Point", "coordinates": [-118.59992294136012, 34.075333169165155]}}, {"type": "Feature", "properties": {"hydrant_id": "LACOFD-87847", "operator": "LA County Fire layer (non-LADWP area)", "size_code": "2.5", "make": null, "main_size_in": null, "corner": null, "street": null, "cross_street": null, "source": "LA County Fire - Fire_Hydrants MapServer/0 (points within 30 m of an LADWP hydrant removed as duplicates)", "in_perimeter": false, "elev_m": 343.5, "elev_ft": 1127.0, "pressure_zone_est": 1345, "static_psi_est": 94.4}, "geometry": {"type": "Point", "coordinates": [-118.58679567997511, 34.099746955484214]}}, {"type": "Feature", "properties": {"hydrant_id": "LACOFD-87093", "operator": "LA County Fire layer (non-LADWP area)", "size_code": "2.5", "make": null, "main_size_in": null, "corner": null, "street": null, "cross_street": null, "source": "LA County Fire - Fire_Hydrants MapServer/0 (points within 30 m of an LADWP hydrant removed as duplicates)", "in_perimeter": true, "elev_m": 20.5, "elev_ft": 67.0, "pressure_zone_est": 529, "static_psi_est": 200.0}, "geometry": {"type": "Point", "coordinates": [-118.58046382409727, 34.04842235743853]}}, {"type": "Feature", "properties": {"hydrant_id": "LACOFD-86842", "operator": "LA County Fire layer (non-LADWP area)", "size_code": "4 2.5", "make": null, "main_size_in": null, "corner": null, "street": null, "cross_street": null, "source": "LA County Fire - Fire_Hydrants MapServer/0 (points within 30 m of an LADWP hydrant removed as duplicates)", "in_perimeter": true, "elev_m": 75.3, "elev_ft": 247.0, "pressure_zone_est": 529, "static_psi_est": 122.1}, "geometry": {"type": "Point", "coordinates": [-118.57715918029139, 34.042934231737505]}}, {"type": "Feature", "properties": {"hydrant_id": "LACOFD-87152", "operator": "LA County Fire layer (non-LADWP area)", "size_code": "2.5", "make": null, "main_size_in": null, "corner": null, "street": null, "cross_street": null, "source": "LA County Fire - Fire_Hydrants MapServer/0 (points within 30 m of an LADWP hydrant removed as duplicates)", "in_perimeter": true, "elev_m": 78.2, "elev_ft": 257.0, "pressure_zone_est": 529, "static_psi_est": 117.8}, "geometry": {"type": "Point", "coordinates": [-118.58514803161148, 34.06236484459016]}}, {"type": "Feature", "properties": {"hydrant_id": "LACOFD-87324", "operator": "LA County Fire layer (non-LADWP area)", "size_code": "2.5", "make": null, "main_size_in": null, "corner": null, "street": null, "cross_street": null, "source": "LA County Fire - Fire_Hydrants MapServer/0 (points within 30 m of an LADWP hydrant removed as duplicates)", "in_perimeter": false, "elev_m": 256.3, "elev_ft": 841.0, "pressure_zone_est": 1137, "static_psi_est": 128.2}, "geometry": {"type": "Point", "coordinates": [-118.59788188004553, 34.07811875058303]}}, {"type": "Feature", "properties": {"hydrant_id": "LACOFD-87951", "operator": "LA County Fire layer (non-LADWP area)", "size_code": "2.5", "make": null, "main_size_in": null, "corner": null, "street": null, "cross_street": null, "source": "LA County Fire - Fire_Hydrants MapServer/0 (points within 30 m of an LADWP hydrant removed as duplicates)", "in_perimeter": false, "elev_m": 304.2, "elev_ft": 998.0, "pressure_zone_est": 1137, "static_psi_est": 60.2}, "geometry": {"type": "Point", "coordinates": [-118.5952807089058, 34.09967781305622]}}, {"type": "Feature", "properties": {"hydrant_id": "LACOFD-87644", "operator": "LA County Fire layer (non-LADWP area)", "size_code": "2.5", "make": null, "main_size_in": null, "corner": null, "street": null, "cross_street": null, "source": "LA County Fire - Fire_Hydrants MapServer/0 (points within 30 m of an LADWP hydrant removed as duplicates)", "in_perimeter": false, "elev_m": 294.1, "elev_ft": 965.0, "pressure_zone_est": 1137, "static_psi_est": 74.5}, "geometry": {"type": "Point", "coordinates": [-118.59797937970426, 34.09619761702167]}}, {"type": "Feature", "properties": {"hydrant_id": "LACOFD-10036", "operator": "LA County Fire layer (non-LADWP area)", "size_code": "4 2.5", "make": null, "main_size_in": null, "corner": null, "street": null, "cross_street": null, "source": "LA County Fire - Fire_Hydrants MapServer/0 (points within 30 m of an LADWP hydrant removed as duplicates)", "in_perimeter": true, "elev_m": 13.1, "elev_ft": 43.0, "pressure_zone_est": 529, "static_psi_est": 210.4}, "geometry": {"type": "Point", "coordinates": [-118.57913350057868, 34.04036166989903]}}], "metadata": {"pressure_zone_method": "Estimated from elevation only: lowest of zones 529/720/1137/1345/1645 ft (hydraulic grade, LADWP prelim. report Fig.1) that leaves >=100 ft of head. static_psi_est = 0.433 x (zone grade - ground elevation). Not digitized from LADWP zone boundaries."}}