{
"type": "FeatureCollection",
"name": "palisades_fire_perimeter",
"crs": { "type": "name", "properties": { "name": "urn:ogc:def:crs:OGC:1.3:CRS84" } },
"features": [
{ "type": "Feature", "properties": { "FIRE_NAME": "PALISADES", "YEAR": 2025, "AGENCY": "CDF", "UNIT_ID": "LDF", "INC_NUM": "00000738", "IRWINID": "{A7EA5D21-F882-44B8-BF64-44AB11059DC1}", "ALARM_DATE": "2025-01-07", "CONT_DATE": "2025-01-31", "official_gis_acres_full_fire": 23448.88, "clipped_to_bbox": true, "clipped_acres": 13150.8, "source": "CAL FIRE 2025_California_Fire_Perimeters_View (identical to NIFC WFIGS OBJECTID 36398)" }, "geometry": { "type": "MultiPolygon", "coordinates": [ [ [ [ -118.519885026254997, 34.0299141870018 ], [ -118.520019276778996, 34.029892201914997 ], [ -118.520142304649994, 34.0299324757666 ], [ -118.520250729509002, 34.029999849946101 ], [ -118.520317338688997, 34.030074834078803 ], [ -118.520326108941006, 34.030107867099098 ], [ -118.520288257527994, 34.030105300156002 ], [ -118.520249056845003, 34.030052994206002 ], [ -118.520190325890994, 34.029994597681799 ], [ -118.520087601740997, 34.029959433931801 ], [ -118.519977623695993, 34.029948909297197 ], [ -118.519873852111004, 34.029980672293597 ], [ -118.519775901608995, 34.0300620745492 ], [ -118.519701806767998, 34.030150509760503 ], [ -118.519649901212006, 34.030244235096703 ], [ -118.519603240020999, 34.030336879357499 ], [ -118.519567455632, 34.030447451847301 ], [ -118.519521736773996, 34.030547046250902 ], [ -118.519475176195002, 34.030606978233799 ], [ -118.519431849550003, 34.030716828982399 ], [ -118.519407453103994, 34.030800519767801 ], [ -118.519390305163, 34.030900736875097 ], [ -118.519371534865002, 34.0310171593813 ], [ -118.519370947366994, 34.031089934533597 ], [ -118.519466222686006, 34.031160272248798 ], [ -118.519482890926, 34.031260031831003 ], [ -118.519497575686003, 34.031364877460497 ], [ -118.519516661292997, 34.0314564216729 ], [ -118.519532748323002, 34.031574068798101 ], [ -118.519173223680994, 34.0315628862609 ], [ -118.519157911896997, 34.0314442579201 ], [ -118.519141339776994, 34.031352952667 ], [ -118.519142049446003, 34.031270162482102 ], [ -118.519171498017997, 34.031195928335997 ], [ -118.519208802356999, 34.031115582818501 ], [ -118.519238134147002, 34.0310101993771 ], [ -118.519270197715002, 34.030889771633198 ], [ -118.519311301029006, 34.030777596137597 ], [ -118.519358204764998, 34.030664921699902 ], [ -118.519415527161001, 34.030550604813598 ], [ -118.519470045915995, 34.030438130336996 ], [ -118.519514846695998, 34.030326836442498 ], [ -118.519586334625998, 34.0302022639965 ], [ -118.519659998275998, 34.030075788493697 ], [ -118.519750410116004, 34.0299662205598 ], [ -118.519885026254997, 34.0299141870018 ] ] ], [ [ [ -118.519841999647994, 34.032868999769001 ], [ -118.520274000366001, 34.033441000307597 ], [ -118.520358999856001, 34.033696000217198 ], [ -118.520083000569997, 34.033981000259999 ], [ -118.519819999906005, 34.033698999572302 ], [ -118.519450999835001, 34.0331169998775 ], [ -118.519841999647994, 34.032868999769001 ] ] ], [ [ [ -118.519329000534995, 34.033695000432097 ], [ -118.519517999781996, 34.033801999697097 ], [ -118.519515999234002, 34.0339599996313 ], [ -118.519337000031996, 34.034063000183799 ], [ -118.519213000183996, 34.033995999961498 ], [ -118.519234999925004, 34.033830000338298 ], [ -118.519329000534995, 34.033695000432097 ] ] ], [ [ [ -118.518893999442994, 34.0341880002238 ], [ -118.519049999977, 34.034297999689798 ], [ -118.519090000160006, 34.034481999573998 ], [ -118.518847999412998, 34.034566999826701 ], [ -118.518645999745999, 34.034402000352998 ], [ -118.518658000339997, 34.034222999934002 ], [ -118.518893999442994, 34.0341880002238 ] ] ], [ [ [ -118.518193000010001, 34.0349750007476 ], [ -118.518906000037006, 34.035037999631101 ], [ -118.518954999542999, 34.035539000146997 ], [ -118.518408000094993, 34.035662999739102 ], [ -118.518193000010001, 34.0349750007476 ] ] ], [ [ [ -118.539715000181999, 34.037129999473301 ], [ -118.539849999900994, 34.037192999734103 ], [ -118.539952000008, 34.037267000098801 ], [ -118.540034999848999, 34.0373659999022 ], [ -118.540113000565, 34.037429999728701 ], [ -118.540181999263993, 34.037480999904801 ], [ -118.540300999988006, 34.037508000335997 ], [ -118.540449000126003, 34.037551000315602 ], [ -118.540526999942998, 34.037605000380303 ], [ -118.540534999440993, 34.037680000123601 ], [ -118.540468999319003, 34.037691000219297 ], [ -118.540424000011001, 34.037677999903003 ], [ -118.540345999294999, 34.037646999827899 ], [ -118.540289000292006, 34.037623999884801 ], [ -118.540198999880005, 34.0375899998281 ], [ -118.540130000283, 34.037559999460299 ], [ -118.540064000160996, 34.037516000489603 ], [ -118.539962000054004, 34.0374630001089 ], [ -118.539875999840007, 34.037405999985602 ], [ -118.539831000532999, 34.037331 ], [ -118.539745000319002, 34.037270999814801 ], [ -118.539644000037001, 34.037223999975197 ], [ -118.539622000294997, 34.037159000248998 ], [ -118.539715000181999, 34.037129999473301 ] ] ], [ [ [ -118.518405999546999, 34.035958999449598 ], [ -118.518541000164007, 34.036416999948898 ], [ -118.518261000679999, 34.036849000068301 ], [ -118.518267000527999, 34.036858000031899 ], [ -118.518286001692999, 34.037091000493703 ], [ -118.518128000611, 34.037247000026703 ], [ -118.51802300013, 34.037357999734397 ], [ -118.517836000532995, 34.037549999831597 ], [ -118.517948999612003, 34.037713000406498 ], [ -118.517864999946994, 34.037860000428097 ], [ -118.517682000546998, 34.037996000140097 ], [ -118.517685000021999, 34.038134999576798 ], [ -118.517884000213002, 34.038335000224798 ], [ -118.518039000024004, 34.038499000508502 ], [ -118.517951999985002, 34.038697000101699 ], [ -118.517781000281005, 34.038802000307498 ], [ -118.517598999808001, 34.038758999473302 ], [ -118.517401000339007, 34.0385689993347 ], [ -118.517218000040998, 34.038357999230598 ], [ -118.517205999447, 34.038090000426699 ], [ -118.517212000193993, 34.037846999393302 ], [ -118.517427999204997, 34.037744999450503 ], [ -118.517481999631997, 34.037681999599698 ], [ -118.516909000244993, 34.037441999597803 ], [ -118.516775000351004, 34.036940999899201 ], [ -118.517031999370005, 34.036689000060001 ], [ -118.517544999381002, 34.035975000048403 ], [ -118.518405999546999, 34.035958999449598 ] ] ], [ [ [ -118.518464000170994, 34.039189000135003 ], [ -118.518557000057996, 34.039215000302399 ], [ -118.518645999745999, 34.039167999306699 ], [ -118.518779999640998, 34.039120000052698 ], [ -118.518904000386996, 34.039177000513099 ], [ -118.518912000783004, 34.039264999685898 ], [ -118.518884000295998, 34.0393319994687 ], [ -118.518804000827998, 34.039364000135002 ], [ -118.518689000302004, 34.039393000147001 ], [ -118.518551000209996, 34.039396000045002 ], [ -118.518404999721994, 34.039344000557399 ], [ -118.518392000201004, 34.0392329997266 ], [ -118.518464000170994, 34.039189000135003 ] ] ], [ [ [ -118.556548000285005, 34.040092999274798 ], [ -118.556643999645999, 34.040189000376401 ], [ -118.556604999287998, 34.040218000106201 ], [ -118.556565999827995, 34.040249999693899 ], [ -118.556503000079005, 34.040261999908402 ], [ -118.556431999934006, 34.040231000033302 ], [ -118.556442999804005, 34.040146999954302 ], [ -118.556548000285005, 34.040092999274798 ] ] ], [ [ [ -118.555335999592003, 34.040010999969198 ], [ -118.555259999423996, 34.039904000347597 ], [ -118.555245999180002, 34.039739999802897 ], [ -118.555432000748993, 34.039649999460003 ], [ -118.555655000331996, 34.039674999771599 ], [ -118.555801999747004, 34.039775000200002 ], [ -118.555846000128, 34.039980000002203 ], [ -118.555921000471002, 34.039976000413901 ], [ -118.555977000547003, 34.040027000548001 ], [ -118.556059999490003, 34.040093999728803 ], [ -118.556020000204995, 34.040123999944797 ], [ -118.555961999581001, 34.040124000689197 ], [ -118.555903000029005, 34.040107000419198 ], [ -118.555841999929996, 34.040060999627798 ], [ -118.555695000515001, 34.0401360001771 ], [ -118.555602000628994, 34.040167000087003 ], [ -118.555569000118993, 34.040234999609602 ], [ -118.555475000407, 34.040312999870501 ], [ -118.55531399985, 34.040241000090198 ], [ -118.555315999499996, 34.040163999471901 ], [ -118.555335999592003, 34.040010999969198 ] ] ], [ [ [ -118.561200999470003, 34.042479000164597 ], [ -118.561264000118001, 34.042467999945501 ], [ -118.561536999929004, 34.042591999829497 ], [ -118.561746999991996, 34.042432000233298 ], [ -118.561829000006995, 34.042427000334101 ], [ -118.561980000518005, 34.042770000030401 ], [ -118.561907000724005, 34.043002999883498 ], [ -118.561834000030004, 34.0432569996618 ], [ -118.561551999100004, 34.043310999815503 ], [ -118.561473000354994, 34.043128000147902 ], [ -118.561503000491996, 34.042869999787001 ], [ -118.561228000132999, 34.042684999809602 ], [ -118.561200999470003, 34.042479000164597 ] ] ], [ [ [ -118.560966000191996, 34.044076999450702 ], [ -118.560980000436004, 34.044120000566103 ], [ -118.560982999909996, 34.044170999697002 ], [ -118.560975999339007, 34.044215000425702 ], [ -118.560971000215005, 34.044239000475301 ], [ -118.560953000672001, 34.044266000243901 ], [ -118.560895999872002, 34.044257999238198 ], [ -118.560855999688997, 34.044239999391699 ], [ -118.560839000868995, 34.044189999963699 ], [ -118.560834999771998, 34.044135999625297 ], [ -118.560874000130994, 34.044095999738502 ], [ -118.560926999833995, 34.044077000195003 ], [ -118.560966000191996, 34.044076999450702 ] ] ], [ [ [ -118.568333000294004, 34.047107000293202 ], [ -118.56846499964, 34.0471809994512 ], [ -118.568524000089994, 34.047284999949099 ], [ -118.568568000469995, 34.047376000001002 ], [ -118.568586999838999, 34.047480000259696 ], [ -118.568586999838999, 34.047582000403899 ], [ -118.568556999701002, 34.047695000712302 ], [ -118.568206999897001, 34.047582999280898 ], [ -118.568189000353996, 34.047476000280803 ], [ -118.568211999919995, 34.047475999536502 ], [ -118.568202999698997, 34.047357999327801 ], [ -118.568125999705998, 34.047230999348699 ], [ -118.568201999874006, 34.047117999910597 ], [ -118.568333000294004, 34.047107000293202 ] ] ], [ [ [ -118.569559643526006, 34.088371128005498 ], [ -118.569533009376002, 34.088350224173901 ], [ -118.569546517342999, 34.088321220824398 ], [ -118.569569184532995, 34.088288877074802 ], [ -118.569585691076, 34.088249214209803 ], [ -118.569600073103999, 34.088218437962297 ], [ -118.569617132111006, 34.088192437202501 ], [ -118.569642971251994, 34.088167788215799 ], [ -118.569645532349, 34.088136372130201 ], [ -118.569655893516995, 34.088102156497001 ], [ -118.569650934817005, 34.088070848261701 ], [ -118.569536330448003, 34.087891028972898 ], [ -118.569567091457998, 34.087879042940997 ], [ -118.569575755708996, 34.087851098837703 ], [ -118.569577184029995, 34.087820084376297 ], [ -118.569587449977007, 34.087786073206097 ], [ -118.569588139882995, 34.087755155436597 ], [ -118.569567280103996, 34.0877275185508 ], [ -118.569549488969997, 34.087704262135603 ], [ -118.569574684917001, 34.087668565832203 ], [ -118.569609341920994, 34.087651710499898 ], [ -118.569594029238999, 34.087512997593798 ], [ -118.569597450022997, 34.087508060615399 ], [ -118.569593395027994, 34.087507249689097 ], [ -118.569556949478994, 34.087499960280098 ], [ -118.569559541117997, 34.087472242218297 ], [ -118.569549681210006, 34.087443732563898 ], [ -118.569532637473998, 34.087416009275898 ], [ -118.569530474329994, 34.087421181354202 ], [ -118.569521358226993, 34.087416704143699 ], [ -118.569520771626998, 34.087417408683201 ], [ -118.569521328582994, 34.087416690752299 ], [ -118.569494197664, 34.087403367739299 ], [ -118.569459423880005, 34.0874024392647 ], [ -118.569435820646007, 34.087408478068802 ], [ -118.569414329351005, 34.0874450880765 ], [ -118.569394071443, 34.087468077477801 ], [ -118.569377485847994, 34.087492060815698 ], [ -118.569331948449005, 34.087525738061998 ], [ -118.569308966848993, 34.087464951318402 ], [ -118.569290477723996, 34.0874380836024 ], [ -118.569237260628, 34.087429425283098 ], [ -118.569211002873004, 34.087425154152797 ], [ -118.569172784049002, 34.087418935309302 ], [ -118.569153682272997, 34.0874158277473 ], [ -118.569131562156997, 34.087406808600299 ], [ -118.569117366081002, 34.087401019769999 ], [ -118.569092926514998, 34.087391054291501 ], [ -118.569076848468001, 34.0873854886513 ], [ -118.569043414071999, 34.087374435486502 ], [ -118.569021289464004, 34.087387440828799 ], [ -118.569005838441996, 34.087393996693102 ], [ -118.568992499358004, 34.087398095967998 ], [ -118.568979024629002, 34.0874022369049 ], [ -118.568965581339995, 34.087406368914003 ], [ -118.568945187786994, 34.087406571273803 ], [ -118.568909258768997, 34.087403913069203 ], [ -118.568883232778006, 34.087425996326601 ], [ -118.568879329598005, 34.087429307735903 ], [ -118.568874454441001, 34.087429487776603 ], [ -118.568861900485004, 34.087429948293803 ], [ -118.568855155934003, 34.087430196035797 ], [ -118.568840492733997, 34.087430736157799 ], [ -118.568830705588994, 34.087431095495198 ], [ -118.568810332696003, 34.0874318446727 ], [ -118.568742314060003, 34.087434345154897 ], [ -118.568736620536995, 34.087437992838197 ], [ -118.568718935403993, 34.087455854059797 ], [ -118.568692957923005, 34.087436828525597 ], [ -118.568664812807, 34.087455784126597 ], [ -118.568632205759002, 34.0874480855299 ], [ -118.568598086845995, 34.087445480892399 ], [ -118.568570397176003, 34.087424477884298 ], [ -118.568542925795995, 34.087440133982803 ], [ -118.568528031729002, 34.087442123357597 ], [ -118.568506314957006, 34.087445024838999 ], [ -118.568496701186007, 34.087476545336997 ], [ -118.568454848677007, 34.087470572751101 ], [ -118.568415975880001, 34.087473442984901 ], [ -118.568360812134998, 34.087479746636902 ], [ -118.568334641516003, 34.087508823183697 ], [ -118.568371398780997, 34.087520452162899 ], [ -118.568352565601003, 34.0875541041029 ], [ -118.568322592412997, 34.087566645181298 ], [ -118.568281275299995, 34.087544410191001 ], [ -118.568260085839, 34.0875664934117 ], [ -118.568217317945994, 34.087541975181402 ], [ -118.568173384939001, 34.087553845945799 ], [ -118.568137277155998, 34.0875479871926 ], [ -118.568128920128999, 34.087535858270101 ], [ -118.568090399471998, 34.087525393604402 ], [ -118.568079195682998, 34.087519238749501 ], [ -118.568060215179997, 34.087505186662902 ], [ -118.568056014657003, 34.087476673299697 ], [ -118.568054589929005, 34.0874483913014 ], [ -118.568037509362995, 34.087434877093202 ], [ -118.567994433348005, 34.087400795835102 ], [ -118.567944677461, 34.087397247842098 ], [ -118.567900430942004, 34.087408040614498 ], [ -118.567867240886997, 34.087402021897603 ], [ -118.567852574992003, 34.087423216111503 ], [ -118.567842984577993, 34.087433175634501 ], [ -118.567838391492003, 34.087437164799901 ], [ -118.567838473237998, 34.087437379807199 ], [ -118.567830186280005, 34.087443771994302 ], [ -118.567830180889999, 34.087444293517002 ], [ -118.567825082951003, 34.087448720136003 ], [ -118.567817456254005, 34.087454656268903 ], [ -118.567816860671002, 34.087455860755497 ], [ -118.567813673448001, 34.087462311714802 ], [ -118.567793769477007, 34.087475911475103 ], [ -118.567760650389005, 34.087504670348402 ], [ -118.567738638071006, 34.087534222282699 ], [ -118.567777757905006, 34.087577106122097 ], [ -118.567799244707999, 34.087611535486303 ], [ -118.567857999918004, 34.0876400004462 ], [ -118.567867459178004, 34.087649762048301 ], [ -118.568108000162994, 34.087897999930902 ], [ -118.567954000176996, 34.088033999712003 ], [ -118.567688000038004, 34.0883859997938 ], [ -118.567661000274001, 34.088433999420999 ], [ -118.567494000767994, 34.088722000332702 ], [ -118.567314999768996, 34.088768999889901 ], [ -118.567053000727, 34.0888679998058 ], [ -118.567031000086999, 34.088914000148201 ], [ -118.566913000086998, 34.0892819997554 ], [ -118.566901000390999, 34.089325999383099 ], [ -118.566895334715994, 34.089345963361303 ], [ -118.566837999743001, 34.089547999894698 ], [ -118.566655000343999, 34.089609999270102 ], [ -118.566324000806006, 34.089679999782199 ], [ -118.566049886184999, 34.089510582865103 ], [ -118.566036000926005, 34.089502000640799 ], [ -118.565545000656002, 34.089217999647602 ], [ -118.565375999702994, 34.089162999853201 ], [ -118.564770999630994, 34.0893929997698 ], [ -118.564700000383993, 34.089420999904497 ], [ -118.564068827895994, 34.089731436466501 ], [ -118.563886615420003, 34.090385291160203 ], [ -118.563870451135003, 34.090591535180799 ], [ -118.563853518789998, 34.090807566718802 ], [ -118.563823306651003, 34.091071368936298 ], [ -118.563289223180007, 34.091096024516901 ], [ -118.563071999764006, 34.091161999845397 ], [ -118.562768999816001, 34.091256999794403 ], [ -118.562571546523003, 34.091295247772301 ], [ -118.561499000295001, 34.091502999762 ], [ -118.561429999799003, 34.091513999568399 ], [ -118.560756999955004, 34.091663999559302 ], [ -118.560627000257995, 34.0916469999556 ], [ -118.560166000126003, 34.091525999964297 ], [ -118.559935999971998, 34.0916100004562 ], [ -118.559824000717001, 34.091718999960598 ], [ -118.559769000466005, 34.0920020001616 ], [ -118.559780000337, 34.092090000286298 ], [ -118.559841999362007, 34.092168999534103 ], [ -118.559974999432001, 34.092327999877703 ], [ -118.559975000329999, 34.092371999409998 ], [ -118.560465999702004, 34.092404999974299 ], [ -118.560723999443994, 34.092717000479297 ], [ -118.561097570144, 34.092563653949703 ], [ -118.561276999637997, 34.092489999429397 ], [ -118.561368999699994, 34.092379999593099 ], [ -118.561623999968006, 34.0922160001534 ], [ -118.561623000143001, 34.092422000169698 ], [ -118.561659999952994, 34.092877000368503 ], [ -118.561597000204003, 34.093067000030203 ], [ -118.561023000093002, 34.093077999633401 ], [ -118.560710171677002, 34.0931506724122 ], [ -118.560373000713, 34.093228999655501 ], [ -118.560193999714997, 34.093199000382 ], [ -118.559815999422995, 34.093147000425702 ], [ -118.559696000670996, 34.093121999519802 ], [ -118.558940999911997, 34.093153000136198 ], [ -118.558901000627998, 34.093668999681299 ], [ -118.559031000323998, 34.094031000544099 ], [ -118.559192999806996, 34.094035999630599 ], [ -118.559394000547002, 34.093983000370699 ], [ -118.559448000076003, 34.093793000533402 ], [ -118.559810000474002, 34.093687000188197 ], [ -118.560377408747001, 34.093828852708 ], [ -118.560521999778004, 34.0938650002009 ], [ -118.560692270949005, 34.093904167964503 ], [ -118.560865097825996, 34.093760418590101 ], [ -118.561420672592007, 34.093947076845801 ], [ -118.561529394792004, 34.094254901309 ], [ -118.561420487538996, 34.094412286429097 ], [ -118.561470999807, 34.094477000481 ], [ -118.561335815933006, 34.094853014537797 ], [ -118.561200999470003, 34.095228000340498 ], [ -118.561153999615001, 34.0953960005886 ], [ -118.561049000032995, 34.095417000131199 ], [ -118.560866745336, 34.095574955148201 ], [ -118.561005226027007, 34.096012139241601 ], [ -118.561175000429003, 34.0962660002319 ], [ -118.561190000498001, 34.096824000764698 ], [ -118.560493000364005, 34.096975999837703 ], [ -118.560377000013005, 34.096988000203098 ], [ -118.559757999696998, 34.0973759996957 ], [ -118.559643999894007, 34.097509000542701 ], [ -118.559470999642002, 34.097926999718403 ], [ -118.559507000525002, 34.0980039999287 ], [ -118.559594113751004, 34.098201317482904 ], [ -118.559663605625005, 34.098358719812502 ], [ -118.559673000206004, 34.098379999804202 ], [ -118.559986000200993, 34.098868000237999 ], [ -118.560179000545006, 34.0988999999974 ], [ -118.560820999529, 34.098847999824301 ], [ -118.561670999824003, 34.098529000509501 ], [ -118.562258000352998, 34.098204000640202 ], [ -118.562359999562005, 34.098186000350097 ], [ -118.562747000073998, 34.098130999687697 ], [ -118.562960792824001, 34.097818845071501 ], [ -118.563009999840006, 34.097746999774799 ], [ -118.563016000586003, 34.097657999805797 ], [ -118.563295999171999, 34.097484000181304 ], [ -118.563318999637005, 34.097440999363897 ], [ -118.563667999616001, 34.097407000241802 ], [ -118.563912000013005, 34.0974540001842 ], [ -118.563942000151002, 34.097685999438397 ], [ -118.563901000143005, 34.098019999973197 ], [ -118.563483999493002, 34.098261000046101 ], [ -118.563357000170001, 34.098286999945003 ], [ -118.563323334906002, 34.098618845344198 ], [ -118.563307999765996, 34.098770000620597 ], [ -118.563280791593002, 34.098812086546801 ], [ -118.563313438167, 34.098891914885698 ], [ -118.563360366156999, 34.098993952077997 ], [ -118.563151836637005, 34.099282133527197 ], [ -118.563148878484995, 34.099444407644498 ], [ -118.563144690539005, 34.099674299288097 ], [ -118.563215265780997, 34.099817212189002 ], [ -118.563848494512996, 34.099872533847098 ], [ -118.564155318589997, 34.099991369921803 ], [ -118.564154719496514, 34.1 ], [ -118.503935495421914, 34.1 ], [ -118.503965000145001, 34.099788999773402 ], [ -118.504073999924003, 34.099558000085402 ], [ -118.503964000319996, 34.099241999738801 ], [ -118.504128000351002, 34.099166999424398 ], [ -118.504408000734003, 34.099121999947798 ], [ -118.504923000394001, 34.098987999645303 ], [ -118.505315999857004, 34.099113999658101 ], [ -118.505741062886003, 34.099115828827102 ], [ -118.505748358104, 34.098909884527103 ], [ -118.505626903183, 34.098695774257301 ], [ -118.505632413449007, 34.098405032631398 ], [ -118.505484424090994, 34.098171930693397 ], [ -118.505383752591996, 34.098043845680102 ], [ -118.505359266314002, 34.097916758756597 ], [ -118.505583510961998, 34.098147131374198 ], [ -118.505728573609005, 34.098298169217102 ], [ -118.505778563058001, 34.098305106587702 ], [ -118.505758000621, 34.098216000087703 ], [ -118.505712000589995, 34.097861999679601 ], [ -118.505749999326, 34.0977120002578 ], [ -118.505873000248002, 34.097650999896302 ], [ -118.506179999496993, 34.097703999834899 ], [ -118.506197141149002, 34.0977049824996 ], [ -118.506140136756002, 34.097632454224403 ], [ -118.505942003439003, 34.097443436320503 ], [ -118.505670614305998, 34.097335482647701 ], [ -118.505472552854002, 34.0971427379638 ], [ -118.505047074803002, 34.0968873553796 ], [ -118.504926400518002, 34.096632241312598 ], [ -118.504906749870997, 34.096486575847003 ], [ -118.504981278597995, 34.096338416606599 ], [ -118.504908276109006, 34.096169681775102 ], [ -118.504888201457007, 34.0960463806896 ], [ -118.505072260868999, 34.095795264017703 ], [ -118.505275475057005, 34.095715904388697 ], [ -118.505373610611997, 34.095504673109701 ], [ -118.505353181125997, 34.095400008720198 ], [ -118.505331452676003, 34.095127550558203 ], [ -118.505208732927002, 34.094980533062298 ], [ -118.505121234322999, 34.0945928238704 ], [ -118.505188148032005, 34.094543592105303 ], [ -118.505429376227994, 34.094530053736896 ], [ -118.505462461180002, 34.094449356118801 ], [ -118.505464495864999, 34.0943420041691 ], [ -118.505368250364995, 34.0942739290305 ], [ -118.505301743592995, 34.094301690987699 ], [ -118.505157620584001, 34.0943379796214 ], [ -118.505029059090006, 34.094310045832998 ], [ -118.504983668117006, 34.094283202606903 ], [ -118.504985432408006, 34.094190164026102 ], [ -118.505112663497002, 34.094136951360298 ], [ -118.505113432455005, 34.0940963963101 ], [ -118.505037262504999, 34.094028583574797 ], [ -118.505070574730993, 34.093935959073399 ], [ -118.505200402848999, 34.093897097816601 ], [ -118.505358909682997, 34.093858611474197 ], [ -118.505346604560003, 34.093751072796799 ], [ -118.505313455828002, 34.093683823672301 ], [ -118.505185166524001, 34.093641575997999 ], [ -118.505028964767007, 34.093558397317402 ], [ -118.505029960100003, 34.093505914036399 ], [ -118.505079484221994, 34.093465998452203 ], [ -118.505129278736007, 34.0934117683964 ], [ -118.505305716840994, 34.093335340544598 ], [ -118.50525899726, 34.0932273481558 ], [ -118.505248230052999, 34.093038698325699 ], [ -118.505446054350003, 34.092893348793702 ], [ -118.505640633034005, 34.092767792568999 ], [ -118.505618651258999, 34.092745133420799 ], [ -118.505619428301998, 34.092704131349798 ], [ -118.505768930423002, 34.092620337266602 ], [ -118.505770130572003, 34.092556971274597 ], [ -118.505770907615002, 34.092515968368403 ], [ -118.505748925839995, 34.092493309896803 ], [ -118.505653095362007, 34.092346644910201 ], [ -118.505681960927006, 34.0922426268083 ], [ -118.505707544946006, 34.092075183455599 ], [ -118.505810610455001, 34.0920765351744 ], [ -118.506059050326996, 34.091975396492799 ], [ -118.505940885035997, 34.091824711149201 ], [ -118.505943214368003, 34.091701703538902 ], [ -118.505989650081005, 34.0916165589692 ], [ -118.505967596440996, 34.091597627361701 ], [ -118.505767996174995, 34.091486886895296 ], [ -118.505797213879006, 34.091364231419497 ], [ -118.505920605569003, 34.0912390828355 ], [ -118.505902153273993, 34.091030050624703 ], [ -118.505850005173997, 34.0909436116698 ], [ -118.505709790734002, 34.090773994185703 ], [ -118.505783464266003, 34.090670564840799 ], [ -118.506040084196002, 34.090610546615103 ], [ -118.506159414601996, 34.090576210719298 ], [ -118.506153000631002, 34.090519000066102 ], [ -118.506133000538995, 34.090392999905099 ], [ -118.505995000447001, 34.090313999743799 ], [ -118.505776000164005, 34.0901900004909 ], [ -118.505692133449003, 34.090134309458399 ], [ -118.505611780943994, 34.0902693719963 ], [ -118.505313632796003, 34.090392228435398 ], [ -118.505086231467999, 34.090329590584801 ], [ -118.505040896191005, 34.0901202042417 ], [ -118.505046125283997, 34.089844369413697 ], [ -118.505052486254002, 34.089508894095303 ], [ -118.505030333799994, 34.089258798819898 ], [ -118.505209048235002, 34.089052350684398 ], [ -118.505337693271997, 34.088886258742797 ], [ -118.505321293628, 34.088569127164199 ], [ -118.505345252595006, 34.088487415797097 ], [ -118.505442526666002, 34.088453082016102 ], [ -118.505411000291005, 34.088403999936098 ], [ -118.505361000061995, 34.088124000759898 ], [ -118.505457999247994, 34.087815000110403 ], [ -118.505547647520004, 34.087775156239502 ], [ -118.505547999659996, 34.087775000006502 ], [ -118.505526522737995, 34.087752042679099 ], [ -118.505519000245997, 34.087744000396498 ], [ -118.505519011025996, 34.0877438225885 ], [ -118.505518818786001, 34.087743612045799 ], [ -118.505543574558999, 34.087356605494399 ], [ -118.505590343547993, 34.0872985318912 ], [ -118.505635335668998, 34.087242667099197 ], [ -118.505672273494994, 34.087196801251601 ], [ -118.505769000491, 34.087076000236202 ], [ -118.505909000233004, 34.086820000283602 ], [ -118.506126505720005, 34.086803020538397 ], [ -118.506446879985006, 34.086777840692797 ], [ -118.506688390251995, 34.086836779152101 ], [ -118.506721231759997, 34.086845593766697 ], [ -118.506805000558998, 34.086699000088899 ], [ -118.506858000262994, 34.086665000372001 ], [ -118.507017000271006, 34.0865000003703 ], [ -118.507158999663005, 34.086251000273002 ], [ -118.507167000058999, 34.086064999839003 ], [ -118.507389000714994, 34.085941000314598 ], [ -118.507584999635, 34.085817000608699 ], [ -118.507740999270993, 34.085604999898898 ], [ -118.507948999682995, 34.085446999494899 ], [ -118.508271999724002, 34.085473000353801 ], [ -118.508541000234999, 34.085610000227 ], [ -118.509081999835999, 34.0855359996551 ], [ -118.509338999753993, 34.085555000320902 ], [ -118.509604999892005, 34.085435000469197 ], [ -118.509633999306004, 34.0854180003587 ], [ -118.509646999725007, 34.085364000247502 ], [ -118.509783000167999, 34.084969000536297 ], [ -118.509817821563004, 34.084661576799803 ], [ -118.509769683542004, 34.0845509418359 ], [ -118.509781236774998, 34.0843281276805 ], [ -118.509898601667004, 34.084140291297899 ], [ -118.510109118260004, 34.0840867620674 ], [ -118.509985999658994, 34.083662000009802 ], [ -118.509922999910003, 34.083418000208198 ], [ -118.509574999755003, 34.083335999659703 ], [ -118.509239999120993, 34.083210999913803 ], [ -118.509481999868996, 34.083058999932398 ], [ -118.510007000474005, 34.082949999694698 ], [ -118.510158000085994, 34.082945999901703 ], [ -118.510129000671995, 34.082931000676403 ], [ -118.509985999658994, 34.082816999781002 ], [ -118.510048000481007, 34.082514999525799 ], [ -118.510588000257002, 34.082280999701098 ], [ -118.510825000083003, 34.0822229999943 ], [ -118.511207000572995, 34.082190999882499 ], [ -118.511024000275, 34.081780000115202 ], [ -118.511028000473004, 34.081583999889297 ], [ -118.511404000216004, 34.081407000062299 ], [ -118.511800999876002, 34.081526000449102 ], [ -118.511856000128006, 34.081580999996198 ], [ -118.511975999778002, 34.081518999949601 ], [ -118.512297999994004, 34.081411999894399 ], [ -118.512710000620999, 34.081447000198501 ], [ -118.513067000098005, 34.081364000006502 ], [ -118.513494999719995, 34.081462000430697 ], [ -118.513719000026001, 34.081604999882003 ], [ -118.513823000681001, 34.081673999609002 ], [ -118.514011000104006, 34.0818650005655 ], [ -118.514024999449006, 34.081874000214398 ], [ -118.514303000181997, 34.081727999841299 ], [ -118.513502000290998, 34.0811520000521 ], [ -118.512934999853002, 34.0802899996782 ], [ -118.512515000627005, 34.079857999936401 ], [ -118.512518000102006, 34.079270999425397 ], [ -118.512099000700005, 34.078206000122499 ], [ -118.511244000383002, 34.077148999466701 ], [ -118.510382000391999, 34.0759580002034 ], [ -118.509733999763995, 34.074937999872802 ], [ -118.509784999817001, 34.074497999979499 ], [ -118.508986999401003, 34.073979000257197 ], [ -118.508720999261996, 34.073531000115999 ], [ -118.508101000018996, 34.072674999981402 ], [ -118.508083922148003, 34.072651909087 ], [ -118.507774144410007, 34.072233063338402 ], [ -118.507360094725996, 34.071673223510899 ], [ -118.506823000102003, 34.070946999857597 ], [ -118.506649000025007, 34.070791999914 ], [ -118.506264999886, 34.070748000329601 ], [ -118.505951999890996, 34.0704249996705 ], [ -118.505569999401004, 34.070368000126798 ], [ -118.505356999864006, 34.0701989999746 ], [ -118.505165999170003, 34.069822000595501 ], [ -118.505099999945998, 34.069214999763801 ], [ -118.504985999244994, 34.069045000175798 ], [ -118.504986999969006, 34.068158000022997 ], [ -118.504594999432996, 34.067944000250101 ], [ -118.504605000376998, 34.067200999825999 ], [ -118.504466000459999, 34.066942999796296 ], [ -118.504166999811005, 34.066714000066398 ], [ -118.503726000667996, 34.066683000188704 ], [ -118.503451999234997, 34.066868999285099 ], [ -118.503181999796993, 34.066900999976603 ], [ -118.501971999652, 34.066185999711898 ], [ -118.501718000107005, 34.065968000316801 ], [ -118.501468999687006, 34.065771000558598 ], [ -118.501237999707996, 34.065593000277403 ], [ -118.501229000384996, 34.065355000705203 ], [ -118.501091999219994, 34.064953000316102 ], [ -118.501000999881001, 34.064783000362603 ], [ -118.500768000253004, 34.064680000658299 ], [ -118.500600000022999, 34.064541999507099 ], [ -118.500566000587, 34.064413000379503 ], [ -118.500584000130004, 34.064226999612799 ], [ -118.500572000434005, 34.064100999773601 ], [ -118.500839999324995, 34.064016000101198 ], [ -118.500994000209005, 34.064247000018902 ], [ -118.501002000604998, 34.064416000136397 ], [ -118.501045000261996, 34.064533000249298 ], [ -118.501328999943993, 34.064664999686698 ], [ -118.501597999558001, 34.064557000500599 ], [ -118.501831000085005, 34.064572000002997 ], [ -118.501962000503994, 34.064667000014801 ], [ -118.502084000702993, 34.064660999774397 ], [ -118.502187999561997, 34.064582999586797 ], [ -118.502274000674007, 34.064665999850703 ], [ -118.502154000125003, 34.064751999778402 ], [ -118.501994999217999, 34.064796999662498 ], [ -118.501852000900001, 34.0648640001072 ], [ -118.501870000443006, 34.064972999806599 ], [ -118.501985000071002, 34.065099999996498 ], [ -118.502195000133, 34.065112999829402 ], [ -118.502406000020002, 34.0650679993689 ], [ -118.502507000302003, 34.064877999393701 ], [ -118.502607999686006, 34.064756999849401 ], [ -118.502553000332995, 34.064545999425 ], [ -118.502364000187001, 34.064425000150798 ], [ -118.502295999517003, 34.064278000787802 ], [ -118.502400999996993, 34.064165000258697 ], [ -118.502563000378998, 34.064075999222197 ], [ -118.502568999328005, 34.0638769999278 ], [ -118.502620000280004, 34.063615999666197 ], [ -118.502792000707998, 34.063440999858898 ], [ -118.503061000320997, 34.063300000614497 ], [ -118.503258999790006, 34.063166999613301 ], [ -118.503278000056, 34.062955999694999 ], [ -118.503320999714006, 34.062753000000697 ], [ -118.503318999165998, 34.0625720002555 ], [ -118.503527000477007, 34.062412999856001 ], [ -118.503870999534996, 34.062339000598101 ], [ -118.504102000412004, 34.062446000188103 ], [ -118.504258000945995, 34.062587000109197 ], [ -118.504505000818, 34.062625000570399 ], [ -118.504679999822002, 34.062502999852001 ], [ -118.504527000558994, 34.062264999787203 ], [ -118.504383000619001, 34.062095999845099 ], [ -118.504537000604998, 34.061935000392502 ], [ -118.504831999260006, 34.061822000460097 ], [ -118.505174999391002, 34.061851999686297 ], [ -118.505397999872002, 34.061781999242697 ], [ -118.505359000412994, 34.061564000425001 ], [ -118.505487000458999, 34.061259999894801 ], [ -118.505540000162, 34.061006999929397 ], [ -118.505317999506005, 34.060840000129701 ], [ -118.505084000053003, 34.060895999921001 ], [ -118.504879999837996, 34.060992000540203 ], [ -118.504799000546001, 34.061159000040398 ], [ -118.504584000460994, 34.061190999911503 ], [ -118.504459999714001, 34.0609990005036 ], [ -118.504381000071007, 34.060710000365297 ], [ -118.504385000268996, 34.060361000509701 ], [ -118.504499000072002, 34.060098000146603 ], [ -118.504789999427004, 34.060077000031498 ], [ -118.505057000289, 34.060150000302897 ], [ -118.505204999528004, 34.059985999472403 ], [ -118.505113000365, 34.059756000069399 ], [ -118.504908000325997, 34.0596899995301 ], [ -118.504808000766999, 34.059533999607098 ], [ -118.504882000386999, 34.0592949999076 ], [ -118.505066000509999, 34.059287000320097 ], [ -118.505252000281999, 34.059374999461603 ], [ -118.505526999744006, 34.059325000772503 ], [ -118.505832999166998, 34.059160999834099 ], [ -118.506009999617007, 34.058905999836703 ], [ -118.506053000172997, 34.058493999976697 ], [ -118.505878999198003, 34.058094999767697 ], [ -118.505743000552002, 34.057756000531597 ], [ -118.505712999517002, 34.057450999489397 ], [ -118.505459999796997, 34.057146999835197 ], [ -118.505108000342005, 34.0568390002977 ], [ -118.504949999260006, 34.056545000304197 ], [ -118.504964000401998, 34.056302000056199 ], [ -118.505079000029994, 34.056054000015898 ], [ -118.505191000183004, 34.0558019996638 ], [ -118.505299999963, 34.055564000131902 ], [ -118.505325000076994, 34.055437000536699 ], [ -118.505342000694, 34.055209999291897 ], [ -118.505497000505002, 34.054964000335097 ], [ -118.505693999249999, 34.054667999972501 ], [ -118.505721000810993, 34.054398000042802 ], [ -118.505660999637996, 34.0541459999776 ], [ -118.505510000024998, 34.054024999996102 ], [ -118.505330000100003, 34.0539729998033 ], [ -118.505129000259004, 34.053857999836303 ], [ -118.505066999435996, 34.053785999648099 ], [ -118.505155000198002, 34.053701000050197 ], [ -118.505366999011997, 34.053735000346201 ], [ -118.505516999698003, 34.0536180002116 ], [ -118.505584000542996, 34.053474000110697 ], [ -118.505569999401004, 34.053336000063503 ], [ -118.505751000049997, 34.053317000357602 ], [ -118.505932999625003, 34.053187000218799 ], [ -118.505966999959995, 34.0530040002809 ], [ -118.506100000028994, 34.052893000211498 ], [ -118.506277999405995, 34.052832001056899 ], [ -118.506466999552003, 34.052719999712998 ], [ -118.506717999621998, 34.052566999791203 ], [ -118.506897000620995, 34.052319999553397 ], [ -118.506952999798997, 34.052145999806598 ], [ -118.506944999403004, 34.052005999947902 ], [ -118.506859000087005, 34.051888000089399 ], [ -118.506637999256, 34.051863000401099 ], [ -118.506503000435004, 34.0519020000308 ], [ -118.506464999901993, 34.051770000066703 ], [ -118.506528999476004, 34.051656999979301 ], [ -118.506649000025007, 34.051524000058897 ], [ -118.506563000710003, 34.0513780002251 ], [ -118.506603000892994, 34.051243999544603 ], [ -118.506715999972002, 34.0511109997205 ], [ -118.506859000087005, 34.051115999852001 ], [ -118.506904000293005, 34.051073000051503 ], [ -118.507047999335001, 34.051064999688101 ], [ -118.507200999496007, 34.0511379995338 ], [ -118.507275999838996, 34.051291000546101 ], [ -118.50722599961, 34.0514270003044 ], [ -118.507228999982999, 34.051473000140398 ], [ -118.507474999132, 34.051592999724697 ], [ -118.507479000228997, 34.051599000145998 ], [ -118.507664999103, 34.051571999735302 ], [ -118.507731999948007, 34.051730999631999 ], [ -118.507659999978003, 34.0518579995694 ], [ -118.507794999698007, 34.052040000179403 ], [ -118.507871999691005, 34.052219000210101 ], [ -118.507931000140005, 34.0522450001042 ], [ -118.508135000354997, 34.052277999929501 ], [ -118.508347999891996, 34.052240999605701 ], [ -118.508609000007993, 34.052354999968301 ], [ -118.508950000488994, 34.052320000297698 ], [ -118.509242999494006, 34.052213999399399 ], [ -118.509360999495001, 34.0520629999343 ], [ -118.509628999282995, 34.0519710001332 ], [ -118.509644999176999, 34.051599999719997 ], [ -118.509573000104993, 34.051285999680701 ], [ -118.509419000118996, 34.050919000552398 ], [ -118.509004999843, 34.050552999421697 ], [ -118.508717999788004, 34.050493000403399 ], [ -118.508506000075002, 34.050521000000202 ], [ -118.508315999206005, 34.0503659999099 ], [ -118.508316000104998, 34.050361000478503 ], [ -118.508256999655003, 34.050369000164103 ], [ -118.507967999949997, 34.050494999577502 ], [ -118.507830999682994, 34.050478999485101 ], [ -118.507813999964, 34.050445999703797 ], [ -118.507793999873002, 34.050410999989303 ], [ -118.507918999546007, 34.050361999322803 ], [ -118.508146000224997, 34.050294999322503 ], [ -118.508079999204995, 34.050198999985298 ], [ -118.508067000582997, 34.050188000023297 ], [ -118.508012000330993, 34.050156000464 ], [ -118.508030999699002, 34.050132999447499 ], [ -118.508165000491999, 34.049985000265103 ], [ -118.508333999648002, 34.050102999795101 ], [ -118.508800000701996, 34.049943999822297 ], [ -118.509107000848005, 34.049971000007197 ], [ -118.509333999730998, 34.050138000380997 ], [ -118.509516000204002, 34.050423999842401 ], [ -118.509706000175001, 34.0506019999779 ], [ -118.510033000413003, 34.050887000524703 ], [ -118.510309999523997, 34.051048999703298 ], [ -118.510712000105002, 34.051121999562803 ], [ -118.510963000174996, 34.051122999886701 ], [ -118.511409000238999, 34.050941000285299 ], [ -118.511689999547997, 34.050526999753103 ], [ -118.511831999837995, 34.050203999426202 ], [ -118.511918999876997, 34.049868999759802 ], [ -118.512005999915999, 34.049465000405398 ], [ -118.511829000364003, 34.049062000218498 ], [ -118.511453999547001, 34.048932999859304 ], [ -118.511329999698006, 34.048746999359302 ], [ -118.511681000226005, 34.0485050001868 ], [ -118.511711000362993, 34.048226000480597 ], [ -118.511336000444004, 34.048095999978401 ], [ -118.510978000243995, 34.048059000062402 ], [ -118.510796999595996, 34.048150000028002 ], [ -118.510475000279001, 34.048320999461801 ], [ -118.510016999621001, 34.048281000060399 ], [ -118.509763000076006, 34.048186000290002 ], [ -118.509562000234993, 34.048059999678102 ], [ -118.509239000194, 34.047890000080002 ], [ -118.509178000095005, 34.047643999979101 ], [ -118.509403000226001, 34.0473969995411 ], [ -118.509645000074997, 34.047291999555803 ], [ -118.510108000756006, 34.047535000323499 ], [ -118.510448000514003, 34.0473350005296 ], [ -118.510505000416003, 34.0470319999542 ], [ -118.510790999747996, 34.046987000314402 ], [ -118.510989999939, 34.046953999918202 ], [ -118.510991999588995, 34.046632000499002 ], [ -118.510656000029002, 34.046454999851299 ], [ -118.510591999555999, 34.0461979995736 ], [ -118.510531999281994, 34.045984000175999 ], [ -118.510702999884003, 34.045047000165297 ], [ -118.510601000674995, 34.0443969995776 ], [ -118.510961999451993, 34.043965999603799 ], [ -118.511215999895001, 34.043832999528803 ], [ -118.511362000383002, 34.044023000529101 ], [ -118.511084999475997, 34.044521000362899 ], [ -118.511190999780993, 34.0448240002342 ], [ -118.510922999992005, 34.045810000079797 ], [ -118.511011000753996, 34.046044000152001 ], [ -118.511392999446997, 34.046436000092001 ], [ -118.511473000712002, 34.046784999966398 ], [ -118.511400999843005, 34.047075000315502 ], [ -118.511441000025997, 34.0472600003922 ], [ -118.511813999397006, 34.047657999876897 ], [ -118.512866000255997, 34.0481050002372 ], [ -118.513187999573006, 34.047889000462199 ], [ -118.513417999726997, 34.046863999787597 ], [ -118.513579000283997, 34.0464930001014 ], [ -118.513981999791994, 34.046270000251297 ], [ -118.514344999117, 34.0459399996207 ], [ -118.514735000002005, 34.045928000209599 ], [ -118.514830999362999, 34.046280999977199 ], [ -118.515490999687003, 34.0460489998379 ], [ -118.515299000067003, 34.045389000038398 ], [ -118.515543000464007, 34.045190000042801 ], [ -118.516623999839993, 34.044983999783597 ], [ -118.516818000008001, 34.044719999695403 ], [ -118.516971000168994, 34.044293000003698 ], [ -118.517086000695002, 34.0429769993886 ], [ -118.517649999861007, 34.041617000117903 ], [ -118.518589999669999, 34.041274000224703 ], [ -118.518468000368998, 34.040791999623501 ], [ -118.518297999591994, 34.040561000548102 ], [ -118.518483999365003, 34.040434000066597 ], [ -118.518865000028995, 34.040595000158298 ], [ -118.519147000062006, 34.0408539996968 ], [ -118.520487000800998, 34.040892999923798 ], [ -118.520739999623004, 34.040810999902902 ], [ -118.520809000118007, 34.040548999631604 ], [ -118.520549000726007, 34.040120000363203 ], [ -118.520485000253004, 34.039749999917802 ], [ -118.520125999330006, 34.039658999870802 ], [ -118.520092000790996, 34.040071000449302 ], [ -118.519799999815007, 34.0400920003095 ], [ -118.519648000377003, 34.039883999408502 ], [ -118.519791000492006, 34.039480999840102 ], [ -118.520137000098998, 34.039448999962197 ], [ -118.520296000106995, 34.039205999844498 ], [ -118.520316000199003, 34.038698000572197 ], [ -118.520049000235005, 34.038547000114001 ], [ -118.519546000269997, 34.038670999775398 ], [ -118.519311000092998, 34.0384850005874 ], [ -118.519424000070998, 34.038312000468302 ], [ -118.519848000394006, 34.038049000187797 ], [ -118.520151000341997, 34.038097000047998 ], [ -118.520319000572002, 34.038305999851097 ], [ -118.520498999598999, 34.038363999844201 ], [ -118.520680000246998, 34.038239000002399 ], [ -118.520751000391996, 34.038020000460797 ], [ -118.520644000261996, 34.037706999747002 ], [ -118.520646999736996, 34.037383999718699 ], [ -118.520786999479, 34.037007000282799 ], [ -118.522763000252993, 34.038665000672502 ], [ -118.523260999296994, 34.038437000202499 ], [ -118.523088999768007, 34.037791999745899 ], [ -118.522897999972002, 34.037491000286103 ], [ -118.522899999621998, 34.037098999942302 ], [ -118.523083261330001, 34.036763065628399 ], [ -118.523317368581004, 34.036289597231701 ], [ -118.523527918412, 34.035894280890197 ], [ -118.524323712566002, 34.035122806519603 ], [ -118.5246998776, 34.034651504946197 ], [ -118.525041800652005, 34.034066177446597 ], [ -118.525382457977003, 34.033539646499101 ], [ -118.525469758951004, 34.033130256237897 ], [ -118.525583891704997, 34.032593868158997 ], [ -118.525438775159003, 34.032176198717998 ], [ -118.525102913040001, 34.032050019473402 ], [ -118.524375685495002, 34.031832862121099 ], [ -118.524080658095002, 34.031613750750303 ], [ -118.523732486361993, 34.031312175488502 ], [ -118.523056392719994, 34.031062844212798 ], [ -118.522587568261002, 34.030735497252699 ], [ -118.522178674008003, 34.030558118740601 ], [ -118.522089110178001, 34.030417091607802 ], [ -118.522187629312995, 34.030183282930402 ], [ -118.522344364668996, 34.0299643199169 ], [ -118.522447362804996, 34.029849271011898 ], [ -118.522985941445, 34.030222197982397 ], [ -118.524576229890997, 34.031034946883501 ], [ -118.525871316663, 34.031595169775102 ], [ -118.526626960615005, 34.031912904709699 ], [ -118.527449226323995, 34.032159035308503 ], [ -118.527947546964995, 34.032274167438104 ], [ -118.528856836966995, 34.032521412177701 ], [ -118.532096073847001, 34.033849374397398 ], [ -118.534405667594996, 34.034857327072302 ], [ -118.534741898023, 34.035226602198399 ], [ -118.535237, 34.035674000096499 ], [ -118.535298000099004, 34.035913000130797 ], [ -118.535006000020999, 34.036325000294099 ], [ -118.535217000806995, 34.036563999983102 ], [ -118.535768999379002, 34.036156000004802 ], [ -118.535920999715003, 34.035941000075198 ], [ -118.536565999971003, 34.0360690003413 ], [ -118.539014999675004, 34.037540999941399 ], [ -118.539450999693003, 34.037663000108203 ], [ -118.539623000120002, 34.037808999735503 ], [ -118.539446999494999, 34.0381439994039 ], [ -118.538758999582001, 34.038408999593202 ], [ -118.538468000226999, 34.038940000188902 ], [ -118.538652999275996, 34.039106999955401 ], [ -118.539533000606994, 34.039147999682903 ], [ -118.539962999878995, 34.038596000163899 ], [ -118.540279000246002, 34.038662999730697 ], [ -118.540903000585004, 34.038511999954601 ], [ -118.540999000845005, 34.038558999825 ], [ -118.540855000006005, 34.038672999972597 ], [ -118.540353999691007, 34.0388309997671 ], [ -118.540260999805, 34.038956000225298 ], [ -118.540394999699004, 34.039106999955401 ], [ -118.541161000328003, 34.039141999869301 ], [ -118.541457000603998, 34.038829000318202 ], [ -118.543701000268996, 34.039244000365301 ], [ -118.544819999278999, 34.039548999912697 ], [ -118.545678999795001, 34.039663000218503 ], [ -118.546640000417995, 34.039656999696902 ], [ -118.548857000317994, 34.0394760005113 ], [ -118.550193999786003, 34.039585000104097 ], [ -118.551876999759003, 34.039240999717499 ], [ -118.552327999846, 34.039018999874202 ], [ -118.552773000084997, 34.038968000622901 ], [ -118.552988000170004, 34.039026000163197 ], [ -118.552966000428995, 34.0392100002136 ], [ -118.553096000124995, 34.039372999831798 ], [ -118.553756999376006, 34.039549999628697 ], [ -118.553918000831004, 34.039691000413796 ], [ -118.553811999627001, 34.039995999842503 ], [ -118.553458999450001, 34.040434999772202 ], [ -118.553593000242998, 34.040639000509302 ], [ -118.554136000390997, 34.040535000048898 ], [ -118.554340999532002, 34.040714000547403 ], [ -118.554421000795998, 34.040918000613402 ], [ -118.554737000265007, 34.041003000372001 ], [ -118.555168999187003, 34.040876000552402 ], [ -118.555286999187999, 34.040760999942002 ], [ -118.555318000048004, 34.040545000070097 ], [ -118.555574000140993, 34.040484999925297 ], [ -118.556308999910001, 34.041116000514698 ], [ -118.556467999918993, 34.041489000035703 ], [ -118.556324999804005, 34.041582000481 ], [ -118.555666000203004, 34.041359000370903 ], [ -118.555324999720995, 34.041325000322701 ], [ -118.555201000771007, 34.041407000591001 ], [ -118.554979000114997, 34.0413339998113 ], [ -118.554969999893999, 34.0417390003769 ], [ -118.554861999939007, 34.041809000251099 ], [ -118.554725000570002, 34.041694000161499 ], [ -118.553891000167994, 34.041807999817301 ], [ -118.553686000129005, 34.042012999916402 ], [ -118.553657999641999, 34.042670000155901 ], [ -118.553419999989998, 34.042997000342602 ], [ -118.553150999478007, 34.043103999783902 ], [ -118.553023000330001, 34.043095000483 ], [ -118.553003000239002, 34.043111000480103 ], [ -118.552757000190994, 34.043130000239898 ], [ -118.552735000449999, 34.042887999924197 ], [ -118.552901999956006, 34.042735000124999 ], [ -118.553304999464004, 34.042124000086503 ], [ -118.553219000148999, 34.041903000033798 ], [ -118.552921000222995, 34.041630000574798 ], [ -118.552669000327995, 34.041590000250402 ], [ -118.552666999780001, 34.041633000393702 ], [ -118.552561999299002, 34.0418810001891 ], [ -118.552254000226, 34.0418539996612 ], [ -118.552087000719993, 34.041579999607997 ], [ -118.552082000696998, 34.041338000080003 ], [ -118.552213000218003, 34.041112999933198 ], [ -118.552429000128001, 34.041004999769797 ], [ -118.552429000128001, 34.040860999834301 ], [ -118.552245000005001, 34.040729999504798 ], [ -118.551890000178005, 34.040727000398398 ], [ -118.551412000327005, 34.040959999909298 ], [ -118.551322999739995, 34.041335000250697 ], [ -118.551661999673996, 34.041609999298402 ], [ -118.551747000063003, 34.042176999787799 ], [ -118.551127999746996, 34.0429310001538 ], [ -118.551093000484997, 34.043652999990599 ], [ -118.550801000407006, 34.0439490001039 ], [ -118.551249999945, 34.0446009997167 ], [ -118.551360000448994, 34.045882000342502 ], [ -118.551921999965003, 34.046432999698702 ], [ -118.552218000240998, 34.046584999891998 ], [ -118.552280999990003, 34.046780999954599 ], [ -118.551891000002996, 34.0470899999344 ], [ -118.551460000008007, 34.0477429995791 ], [ -118.551511000060998, 34.048352000101403 ], [ -118.551716999926001, 34.048616999655898 ], [ -118.551507999687999, 34.049840999947598 ], [ -118.551855000017994, 34.051053999838501 ], [ -118.551805999614004, 34.052093999949903 ], [ -118.551996999409994, 34.052488999637099 ], [ -118.552558, 34.052597000060302 ], [ -118.553088999554006, 34.052849000264501 ], [ -118.553319000605995, 34.052817000221097 ], [ -118.553454999251997, 34.052654999955102 ], [ -118.553456999800005, 34.052447000096997 ], [ -118.553127000087002, 34.051702999690598 ], [ -118.553037000573994, 34.0511839995266 ], [ -118.552778000108006, 34.050800000341901 ], [ -118.552857999574996, 34.049579000035003 ], [ -118.553535000516007, 34.0495019997078 ], [ -118.553922999955006, 34.049351999478702 ], [ -118.554194000116993, 34.049167999847498 ], [ -118.554251000917006, 34.048709000119302 ], [ -118.554155000657005, 34.048440000174502 ], [ -118.553617999458993, 34.048095999978401 ], [ -118.553498000706, 34.047913999833703 ], [ -118.553649999246005, 34.0475490002393 ], [ -118.553452999602001, 34.047151000242899 ], [ -118.552973000101005, 34.046737000557201 ], [ -118.552978000124, 34.046235999938901 ], [ -118.552879000390007, 34.045819000581197 ], [ -118.553126999189004, 34.045265000522399 ], [ -118.553514999526001, 34.045028999742001 ], [ -118.553578999999004, 34.044706999712098 ], [ -118.553852999634998, 34.044460999309202 ], [ -118.553876999924995, 34.044223999607802 ], [ -118.554060000223004, 34.044188000641 ], [ -118.554214000209001, 34.044293000003698 ], [ -118.554164999804996, 34.0448379998533 ], [ -118.554062999696995, 34.045062999793998 ], [ -118.554143999887998, 34.045332999679196 ], [ -118.554380999714994, 34.045504000327902 ], [ -118.555114000732004, 34.0455229995517 ], [ -118.555472000034001, 34.045670000179499 ], [ -118.555920999573004, 34.045726999959498 ], [ -118.556287999993998, 34.045678999951498 ], [ -118.556514999775004, 34.045443999969798 ], [ -118.556440000329999, 34.045074999327497 ], [ -118.556522999272005, 34.044701999947002 ], [ -118.556590999942998, 34.044527000540299 ], [ -118.556845999312003, 34.044280000699402 ], [ -118.556607999660997, 34.043955999985997 ], [ -118.556401999797004, 34.0438139999264 ], [ -118.556006999786007, 34.043792000577398 ], [ -118.555638000613996, 34.0439420002213 ], [ -118.555771000682995, 34.044312999903099 ], [ -118.555616999799, 34.044532999973001 ], [ -118.555358999158003, 34.044596999602 ], [ -118.554623000462001, 34.044120999483901 ], [ -118.554312000118003, 34.043525999673001 ], [ -118.553885000321003, 34.043758000015799 ], [ -118.553775999641999, 34.043918999752201 ], [ -118.553773999992003, 34.044244999928402 ], [ -118.553645000120994, 34.044353000431897 ], [ -118.553491999960002, 34.044140000506196 ], [ -118.553289999396, 34.044148000034298 ], [ -118.553227000544993, 34.043975999964701 ], [ -118.553024999979996, 34.043854000690601 ], [ -118.553592000418007, 34.043112000154103 ], [ -118.554130999470004, 34.042725000361997 ], [ -118.554492999868003, 34.042271999591001 ], [ -118.555111000359005, 34.042322000149802 ], [ -118.555356999508007, 34.0421750004176 ], [ -118.555533000132996, 34.041788000071698 ], [ -118.555846000128, 34.041779999576598 ], [ -118.556140999681006, 34.042223000175902 ], [ -118.556681999280997, 34.0425410004935 ], [ -118.557729000117007, 34.042493000915101 ], [ -118.558069999701004, 34.041989999668502 ], [ -118.558557999597994, 34.041835000359796 ], [ -118.558614000572007, 34.041605000095103 ], [ -118.558163999412002, 34.0413609997603 ], [ -118.558159000288001, 34.041208999880297 ], [ -118.557998000628999, 34.040934000276799 ], [ -118.557786999843998, 34.040930000733397 ], [ -118.557337000480004, 34.0407809999299 ], [ -118.557234000547993, 34.040673999790897 ], [ -118.556643999645999, 34.040557999946998 ], [ -118.556632999775005, 34.040454999837003 ], [ -118.556778999364994, 34.040357000367798 ], [ -118.557224999428996, 34.0404909996439 ], [ -118.557288000075999, 34.040401000097901 ], [ -118.557278000031005, 34.0402510001461 ], [ -118.556970000058996, 34.039934999597897 ], [ -118.556973999359002, 34.039513999422397 ], [ -118.556616999881996, 34.039294000476097 ], [ -118.556616000057005, 34.039120000052698 ], [ -118.556808000575998, 34.039082999942302 ], [ -118.556968000409, 34.0390610001105 ], [ -118.557563999362998, 34.039298000096601 ], [ -118.557992000780999, 34.039633000583798 ], [ -118.558396999939006, 34.0401289999798 ], [ -118.558838999805005, 34.040149000116699 ], [ -118.558946000833004, 34.040030000423499 ], [ -118.559027999950999, 34.039689999955002 ], [ -118.559128000407995, 34.0396199998208 ], [ -118.560317000636999, 34.039972000081001 ], [ -118.560426000416996, 34.040085999818302 ], [ -118.560119000270006, 34.040509999990697 ], [ -118.560135000163996, 34.040672000385399 ], [ -118.560282000477002, 34.0409010005026 ], [ -118.560547999717002, 34.041058999868703 ], [ -118.560611000365, 34.041309999684103 ], [ -118.560889000198998, 34.041689000218803 ], [ -118.560838000146006, 34.0420589996491 ], [ -118.561162000010995, 34.042164000159097 ], [ -118.561192000147997, 34.042279000355798 ], [ -118.560658000220002, 34.042298999985697 ], [ -118.560308999342993, 34.042147000298002 ], [ -118.559607999909005, 34.042226000718202 ], [ -118.559808999750999, 34.0424849997422 ], [ -118.559803999728004, 34.042670999835103 ], [ -118.560264000035005, 34.043411000422999 ], [ -118.560406000325003, 34.043811000184697 ], [ -118.560175000347002, 34.043807999698501 ], [ -118.559754000397007, 34.0436230002786 ], [ -118.559617999954995, 34.043604000629102 ], [ -118.559619000677998, 34.043678000611003 ], [ -118.559790999309001, 34.044164000576998 ], [ -118.560297001443999, 34.044481000657598 ], [ -118.560701999702999, 34.044567999880798 ], [ -118.560835999597003, 34.044781999874502 ], [ -118.561079999995002, 34.044755999925002 ], [ -118.561166000208999, 34.044558999990898 ], [ -118.561452000439004, 34.044577000514003 ], [ -118.561600999503, 34.044731000366802 ], [ -118.561612000272007, 34.044911000594198 ], [ -118.561421000476997, 34.045062000142998 ], [ -118.561375999372999, 34.0454179994789 ], [ -118.562041000617995, 34.045477000209303 ], [ -118.562641000667, 34.045214000560797 ], [ -118.562853000380002, 34.044900999599101 ], [ -118.563113999596993, 34.044901999996398 ], [ -118.563458000452002, 34.044538000492402 ], [ -118.563974000835998, 34.044376999698102 ], [ -118.564134999596007, 34.043980000108803 ], [ -118.564043999359995, 34.043534000003397 ], [ -118.564242999550999, 34.043496999585599 ], [ -118.564483999575998, 34.0436930000864 ], [ -118.564636999737004, 34.043937000411098 ], [ -118.564746000414999, 34.044672999517402 ], [ -118.564327999940005, 34.045118999587203 ], [ -118.564273999513006, 34.045470000452703 ], [ -118.564395999712005, 34.0458180001947 ], [ -118.564560000642004, 34.045925000542702 ], [ -118.564620999843001, 34.046182999796898 ], [ -118.564507000039995, 34.046224999462801 ], [ -118.564163000083994, 34.046081999841903 ], [ -118.564128999747993, 34.045858000013602 ], [ -118.563891999922006, 34.045712999742904 ], [ -118.563729999540001, 34.045764000148701 ], [ -118.563468000498005, 34.046135999685397 ], [ -118.563336000253003, 34.046167000379597 ], [ -118.563188000115005, 34.045795999876901 ], [ -118.563077000685993, 34.045747999907903 ], [ -118.56279799923, 34.045758000058797 ], [ -118.562405999592002, 34.0458800003154 ], [ -118.562331999972997, 34.045978000101599 ], [ -118.562509000423006, 34.046214000473803 ], [ -118.562968000007004, 34.046351999459901 ], [ -118.563588000148002, 34.046291000809603 ], [ -118.563701999950993, 34.046350000188198 ], [ -118.563662999593006, 34.046538999637001 ], [ -118.563758000028002, 34.046643000178001 ], [ -118.564106000181994, 34.046572999827902 ], [ -118.564860000218005, 34.046749000598098 ], [ -118.565120999434995, 34.046746000215897 ], [ -118.565291000212994, 34.046646999451902 ], [ -118.565622000649, 34.046285000012602 ], [ -118.565751000519995, 34.0459160000525 ], [ -118.565767000413999, 34.045582999853899 ], [ -118.566276000227006, 34.045168000306397 ], [ -118.566367000463998, 34.044812999574901 ], [ -118.566256000134999, 34.044533000717401 ], [ -118.566580000000997, 34.044104000015103 ], [ -118.566575999803007, 34.043737000318899 ], [ -118.566446000105998, 34.043706999892201 ], [ -118.566371000662002, 34.043918999752201 ], [ -118.566036000026997, 34.043911999867099 ], [ -118.566132999214005, 34.043413999434399 ], [ -118.566116999320002, 34.043071000109698 ], [ -118.566032999653999, 34.042968999750002 ], [ -118.565624999224994, 34.043130000239898 ], [ -118.565716000359998, 34.043440999465602 ], [ -118.565542000283003, 34.043659000229503 ], [ -118.565256999878002, 34.043715000205502 ], [ -118.565056999861, 34.043291000424198 ], [ -118.564732000171006, 34.043301000120501 ], [ -118.564500000368, 34.043151999760703 ], [ -118.564368999948002, 34.042919999993202 ], [ -118.564076000045006, 34.042832000146397 ], [ -118.563722999868006, 34.042871999885101 ], [ -118.563323999659005, 34.0436419999238 ], [ -118.563031000655002, 34.043605000297397 ], [ -118.562752000097007, 34.043258000078502 ], [ -118.562739999502995, 34.043019999572998 ], [ -118.562918999602999, 34.042833999501099 ], [ -118.562931000196997, 34.042617999698102 ], [ -118.562751000272002, 34.042386999641202 ], [ -118.562388999874003, 34.042367000032002 ], [ -118.562153999697003, 34.042236999479996 ], [ -118.562214999797007, 34.041960000112603 ], [ -118.561809000813994, 34.041491000166403 ], [ -118.561672000547006, 34.040982999692098 ], [ -118.561790999473999, 34.040740000247403 ], [ -118.562439999928003, 34.040800000211803 ], [ -118.563465000125007, 34.041366999417001 ], [ -118.564317000068996, 34.041474000170503 ], [ -118.565051000013, 34.041360000065602 ], [ -118.566862999858003, 34.041721999686402 ], [ -118.567100000582997, 34.041851000594498 ], [ -118.567282000156993, 34.042689000014597 ], [ -118.567626000114004, 34.042867999688802 ], [ -118.567733000244004, 34.043107999969102 ], [ -118.567780000100001, 34.043704000146697 ], [ -118.567533000227996, 34.044103999270803 ], [ -118.567389000288003, 34.044636999996897 ], [ -118.56696599979, 34.044625000401403 ], [ -118.566826000047996, 34.044708000111697 ], [ -118.566778999294002, 34.045043000071502 ], [ -118.566538999993, 34.045490999720499 ], [ -118.566804000307002, 34.045647000179102 ], [ -118.566704999674002, 34.0459639999264 ], [ -118.566772999446002, 34.046234000664498 ], [ -118.567368000371005, 34.046299000134802 ], [ -118.567635000335002, 34.046383999710599 ], [ -118.567741000639998, 34.046516999506302 ], [ -118.567647999854998, 34.046663000267401 ], [ -118.567072000094996, 34.046586999902601 ], [ -118.566633999529003, 34.046633999764097 ], [ -118.565548999955993, 34.0476990006809 ], [ -118.565072999755003, 34.0479070002784 ], [ -118.565049999289997, 34.048062000398197 ], [ -118.565394000145005, 34.048215999876398 ], [ -118.565737999202995, 34.048170000506303 ], [ -118.566198000409003, 34.048418000536998 ], [ -118.566188999290006, 34.048519999552802 ], [ -118.566100000500001, 34.048545999836797 ], [ -118.565817999569006, 34.048384999953399 ], [ -118.565650000237994, 34.0485090001172 ], [ -118.565639000367, 34.048815999796403 ], [ -118.565948999989004, 34.048953999757998 ], [ -118.566497000159998, 34.048678000354499 ], [ -118.566739000008994, 34.048703000237701 ], [ -118.566953000268995, 34.048591999747401 ], [ -118.566971000711007, 34.048341000644101 ], [ -118.567098000033994, 34.048120000418201 ], [ -118.567390999937004, 34.0480160002001 ], [ -118.567852000070005, 34.048059999678102 ], [ -118.568026000147, 34.0482270000943 ], [ -118.569601000164994, 34.048589999784198 ], [ -118.570128000419999, 34.048917999822102 ], [ -118.570607000096004, 34.048874000044997 ], [ -118.570700999807002, 34.048682000276798 ], [ -118.570566000087993, 34.0485320000857 ], [ -118.570368000618998, 34.0485090001172 ], [ -118.570002000022996, 34.048078000202302 ], [ -118.569743000455006, 34.048012000246501 ], [ -118.569583000622004, 34.047831000284198 ], [ -118.569582999722996, 34.047588999986097 ], [ -118.569365999987994, 34.047119000281803 ], [ -118.569309999911994, 34.046763999530398 ], [ -118.569097999302002, 34.046536999625403 ], [ -118.569061000389993, 34.0462780003228 ], [ -118.569244999614995, 34.045877999543798 ], [ -118.568979999301007, 34.045444000714099 ], [ -118.568565999922001, 34.045080999465704 ], [ -118.568341999615996, 34.044549999355802 ], [ -118.568200000223996, 34.0439049999815 ], [ -118.568265999448002, 34.042984999770802 ], [ -118.568677999176998, 34.042233999682502 ], [ -118.569114000092995, 34.042055999845303 ], [ -118.570839000796994, 34.0421159996231 ], [ -118.572244000037998, 34.041879000067503 ], [ -118.574260999922004, 34.0411089996539 ], [ -118.574795999673995, 34.040806999609401 ], [ -118.575229999144, 34.040408999978702 ], [ -118.575933000023994, 34.0400140005897 ], [ -118.576697999930005, 34.039961999992201 ], [ -118.577240000252999, 34.040191999501801 ], [ -118.579985000232995, 34.040169000248902 ], [ -118.580273000112996, 34.039997000297703 ], [ -118.580504999916997, 34.039986000501003 ], [ -118.580835000527998, 34.039843999749401 ], [ -118.581529000288995, 34.039396999762801 ], [ -118.582756999978002, 34.039050999914302 ], [ -118.58322199941, 34.038773000093499 ], [ -118.584376000375997, 34.0387029999468 ], [ -118.584464999166997, 34.039012000329102 ], [ -118.584707999738995, 34.039127999309997 ], [ -118.585412999371002, 34.039191000319903 ], [ -118.585663000514003, 34.039308999982502 ], [ -118.585981000532001, 34.039241999437202 ], [ -118.586365999598002, 34.0385910000386 ], [ -118.586638999409004, 34.038530000272303 ], [ -118.588311000410002, 34.039015999962899 ], [ -118.589742999414, 34.039085000129802 ], [ -118.592294999949004, 34.039614000040501 ], [ -118.593265000792996, 34.039551999805099 ], [ -118.595115000272003, 34.039710000195498 ], [ -118.595553999765002, 34.039645999856099 ], [ -118.595790000665005, 34.039481999556898 ], [ -118.596712000031005, 34.039241999437202 ], [ -118.597742000251003, 34.039543000127402 ], [ -118.598346000499006, 34.039576000429904 ], [ -118.599778000401997, 34.039456999932902 ], [ -118.6, 34.039459252693113 ], [ -118.6, 34.070317737730868 ], [ -118.599976886506994, 34.070330020252797 ], [ -118.599943326347002, 34.070354235400899 ], [ -118.599922409075006, 34.070375878120899 ], [ -118.599882549927997, 34.070398612458298 ], [ -118.599858714030006, 34.070417883659097 ], [ -118.599678890174999, 34.071167206874101 ], [ -118.599689226189994, 34.071207656081299 ], [ -118.599691598641002, 34.071237791133697 ], [ -118.599683409598995, 34.071267178343099 ], [ -118.59968992508, 34.071301836083599 ], [ -118.599699043878005, 34.071335635105697 ], [ -118.599710889961997, 34.071361981099997 ], [ -118.599721254722994, 34.071392927922197 ], [ -118.599738672159006, 34.071424426118803 ], [ -118.599729531799994, 34.071458527200697 ], [ -118.599712197909, 34.071488476880504 ], [ -118.599713451957001, 34.0715239433774 ], [ -118.599707763824995, 34.071558092042302 ], [ -118.599752906863003, 34.071555077656001 ], [ -118.599789004764006, 34.071540032510804 ], [ -118.599823671649006, 34.0715201365133 ], [ -118.599859648277999, 34.071519502531999 ], [ -118.599883870450995, 34.071551631686198 ], [ -118.599880597888998, 34.071579850535599 ], [ -118.599866090096995, 34.071607723365098 ], [ -118.599835244645007, 34.071622101032801 ], [ -118.599789482668001, 34.071628524178102 ], [ -118.599777928536, 34.071659625677299 ], [ -118.599801118545003, 34.071690972720901 ], [ -118.599816920809999, 34.0717171214161 ], [ -118.599845259063997, 34.071738937164902 ], [ -118.599872177080996, 34.071766856820801 ], [ -118.599899184929995, 34.0717948970129 ], [ -118.599919392532001, 34.071820414673397 ], [ -118.599960163470001, 34.071833247539402 ], [ -118.6, 34.071842495224843 ], [ -118.6, 34.072094096898432 ], [ -118.59999223602, 34.072108797262203 ], [ -118.599941919585007, 34.0720952002426 ], [ -118.599967090378996, 34.072117587366201 ], [ -118.599994321908994, 34.072139085279503 ], [ -118.6, 34.072142445875322 ], [ -118.6, 34.072729937717938 ], [ -118.599985364806997, 34.072725036927899 ], [ -118.599941900719998, 34.072733620108501 ], [ -118.599902744953994, 34.072735804038501 ], [ -118.599874296207005, 34.072720930989902 ], [ -118.599836640627004, 34.072714162665598 ], [ -118.599805982023994, 34.072702373159999 ], [ -118.599764977524998, 34.072702043524103 ], [ -118.599730585524, 34.072697117587801 ], [ -118.599701633720997, 34.072715414240101 ], [ -118.599688346739995, 34.072742683976003 ], [ -118.599689851418006, 34.072771389068997 ], [ -118.599658373552003, 34.072789181206701 ], [ -118.599623885431001, 34.072801704381099 ], [ -118.599639525100997, 34.072832827028499 ], [ -118.599669906124007, 34.072856298851598 ], [ -118.59970443377, 34.072858098079998 ], [ -118.599725567535003, 34.072884267249698 ], [ -118.599758881556994, 34.072875954191801 ], [ -118.599720708548006, 34.072900507176499 ], [ -118.599681987566001, 34.072907526246802 ], [ -118.599646385534001, 34.072893370538303 ], [ -118.599600221111999, 34.072901141891599 ], [ -118.599562304122003, 34.072924547471203 ], [ -118.599553843788996, 34.072954610479499 ], [ -118.599521458623997, 34.072966781671603 ], [ -118.599545202894006, 34.072986830613303 ], [ -118.599580567770005, 34.073010985474198 ], [ -118.599602625901994, 34.072988245885 ], [ -118.599635872551005, 34.072985796319003 ], [ -118.599649897049005, 34.073011701295002 ], [ -118.599680176562003, 34.073031547831803 ], [ -118.599714172405996, 34.073037752105897 ], [ -118.599700252112001, 34.073067536038103 ], [ -118.599673922490993, 34.073084238757403 ], [ -118.599640980371007, 34.073103349366697 ], [ -118.599632694310998, 34.073133456957301 ], [ -118.599599827649996, 34.073151719286997 ], [ -118.599597206365999, 34.0731809607339 ], [ -118.599595842723005, 34.073214798443303 ], [ -118.599616816589005, 34.073239660873099 ], [ -118.599649110125, 34.073249905564097 ], [ -118.599660864580002, 34.073278597091701 ], [ -118.599696752276003, 34.073268139593203 ], [ -118.599731125412006, 34.0732722618746 ], [ -118.599743047852002, 34.073299256860601 ], [ -118.599726417341003, 34.073330684403601 ], [ -118.599737357923004, 34.0733574680484 ], [ -118.599770994441002, 34.073353492357498 ], [ -118.599807548686002, 34.073361556097304 ], [ -118.599828607890998, 34.073390366641902 ], [ -118.599826693582003, 34.073418386206001 ], [ -118.599800993680006, 34.0734858307531 ], [ -118.599776597233003, 34.073512732659502 ], [ -118.599740980828997, 34.073521576192398 ], [ -118.599708495951006, 34.073514963447202 ], [ -118.599677762789, 34.073527388294202 ], [ -118.599646080106993, 34.073504376505902 ], [ -118.599637618876002, 34.073469660138997 ], [ -118.599617369951005, 34.073499895583303 ], [ -118.599609671389004, 34.073528606372598 ], [ -118.599590751970993, 34.073552571335703 ], [ -118.599604078477995, 34.073593439815497 ], [ -118.599590586681003, 34.073632006058297 ], [ -118.599586154392995, 34.073669832657501 ], [ -118.599588326518997, 34.073698466003698 ], [ -118.599586845196995, 34.073730416493902 ], [ -118.599591151721, 34.073767985594102 ], [ -118.599586037611999, 34.073797182927002 ], [ -118.599599634512003, 34.073823575777503 ], [ -118.599611989042003, 34.073849595086998 ], [ -118.599575309930998, 34.073856529252502 ], [ -118.599531607790993, 34.073861748292401 ], [ -118.599501177359997, 34.073899627619198 ], [ -118.599501906792, 34.073936029913902 ], [ -118.599521071450994, 34.073969849463602 ], [ -118.599533603846993, 34.074009032383699 ], [ -118.599525861268006, 34.074041660620402 ], [ -118.599507791655995, 34.074067077896402 ], [ -118.599472458221001, 34.074089278477103 ], [ -118.599454179301006, 34.074114034989897 ], [ -118.599407713942995, 34.074177178909203 ], [ -118.599378755852001, 34.0741998742782 ], [ -118.599352042649997, 34.074225894216198 ], [ -118.599325986116995, 34.074252931311101 ], [ -118.599319703299997, 34.0742822817584 ], [ -118.599294860390998, 34.074302448698297 ], [ -118.599261295738003, 34.074310683487298 ], [ -118.599225077463004, 34.074319378119903 ], [ -118.599201697010997, 34.074342359923399 ], [ -118.599201958421006, 34.0743732334806 ], [ -118.599171078832995, 34.0743838203134 ], [ -118.599094679813007, 34.074448022862903 ], [ -118.599084916023997, 34.0744772794881 ], [ -118.599074198224002, 34.074511551224298 ], [ -118.599061959577, 34.0745452589317 ], [ -118.599042582018001, 34.074578676433603 ], [ -118.599021980952998, 34.074602696905799 ], [ -118.598996504732, 34.074634420853997 ], [ -118.598969966702001, 34.074659419034099 ], [ -118.598955206482998, 34.074684045909997 ], [ -118.598972916769, 34.074707262744298 ], [ -118.599004832115, 34.074729174453701 ], [ -118.598991627778005, 34.074758989786602 ], [ -118.598966421949996, 34.074779589667997 ], [ -118.598930233318995, 34.074790641500499 ], [ -118.598919903590996, 34.0748204746697 ], [ -118.598883422108997, 34.074839977017703 ], [ -118.598850401836003, 34.0748334864046 ], [ -118.598814028152006, 34.074833539234398 ], [ -118.598800600134993, 34.074863445308402 ], [ -118.598776669914002, 34.074884447711703 ], [ -118.598764038702996, 34.074910030664597 ], [ -118.598738722381, 34.074928170582197 ], [ -118.598703214672994, 34.074935693226301 ], [ -118.598693789549003, 34.074958452382901 ], [ -118.598691486269004, 34.074964015863699 ], [ -118.598660438696001, 34.074986463243498 ], [ -118.598624780969004, 34.074994596027103 ], [ -118.598664696710003, 34.075029749287303 ], [ -118.598653282716, 34.075091463149903 ], [ -118.598610382771994, 34.075103411555702 ], [ -118.598570582912998, 34.075089661736797 ], [ -118.598532308393999, 34.075073762273398 ], [ -118.598536400219999, 34.075040723702898 ], [ -118.598499486647995, 34.075032167542901 ], [ -118.598467359300002, 34.075039823367902 ], [ -118.598434764828994, 34.075028813980403 ], [ -118.598421310760997, 34.074997904202199 ], [ -118.598380743741004, 34.074988696968802 ], [ -118.598351494594993, 34.075002308405502 ], [ -118.598342597680002, 34.075029162209198 ], [ -118.598306079368001, 34.075034412428202 ], [ -118.598291408980998, 34.075030946509798 ], [ -118.598271053155997, 34.075026138273401 ], [ -118.598236490475998, 34.075020479554702 ], [ -118.598201805624001, 34.075033165352401 ], [ -118.598182417285997, 34.075005318204603 ], [ -118.598150588178001, 34.074997541835799 ], [ -118.598137594047998, 34.075024002023397 ], [ -118.598097274962996, 34.075028783473201 ], [ -118.598062698807993, 34.075029093753997 ], [ -118.598035591246003, 34.075045494734603 ], [ -118.598010952254, 34.075066413011903 ], [ -118.597985368235001, 34.075087535161401 ], [ -118.597952992952003, 34.075095801869402 ], [ -118.597938760942995, 34.075085891492698 ], [ -118.597940952832005, 34.075070638632702 ], [ -118.597931494470998, 34.075080831016798 ], [ -118.597921505204994, 34.075073875373299 ], [ -118.597927973973, 34.075084625071597 ], [ -118.597920496396, 34.075092680461701 ], [ -118.597912479830995, 34.0751216645318 ], [ -118.597888867614003, 34.075148674554001 ], [ -118.597855859019006, 34.075174729916299 ], [ -118.597809999125005, 34.075187983421898 ], [ -118.597794271420995, 34.075223441673302 ], [ -118.597778788059003, 34.07524875368 ], [ -118.597756083139998, 34.075270232196701 ], [ -118.597733711496005, 34.075292085722502 ], [ -118.597725161330999, 34.0753201135864 ], [ -118.597707507639001, 34.075345163649502 ], [ -118.597687362919004, 34.075376650703603 ], [ -118.597663341070003, 34.075395946814602 ], [ -118.597634788118995, 34.075421281836 ], [ -118.597644180005005, 34.075448195777 ], [ -118.597644723485999, 34.075476856797003 ], [ -118.597655101721998, 34.0755066316867 ], [ -118.597658765052003, 34.0755399223167 ], [ -118.597662141819001, 34.075554585041402 ], [ -118.597666515716, 34.075573580506003 ], [ -118.597649561812005, 34.075599873841199 ], [ -118.597644751334002, 34.075632970975398 ], [ -118.597619585030998, 34.075654031969599 ], [ -118.597587979604, 34.075668579343301 ], [ -118.597553666655003, 34.075665386525699 ], [ -118.597516630913006, 34.075667218433701 ], [ -118.597512946023002, 34.075667401475698 ], [ -118.597510218737995, 34.075672182144999 ], [ -118.597498642149006, 34.075692479710703 ], [ -118.597487385359997, 34.075689856109797 ], [ -118.597466391731999, 34.075684963086402 ], [ -118.597428231299006, 34.075683499495 ], [ -118.597392460384, 34.075693952974902 ], [ -118.597370261216994, 34.075716501355203 ], [ -118.597335513483003, 34.075733337485197 ], [ -118.597300686698006, 34.075743860157701 ], [ -118.597270060434994, 34.075732093395999 ], [ -118.597283903473993, 34.0757537429268 ], [ -118.597254014727994, 34.075757782495302 ], [ -118.597246570389004, 34.075744385472902 ], [ -118.597222833306006, 34.075758293672898 ], [ -118.597187199833002, 34.075741628684597 ], [ -118.597198730608, 34.075730597066197 ], [ -118.597164528152007, 34.075713977460801 ], [ -118.597125672423005, 34.075707678141399 ], [ -118.597099428142002, 34.0756895391348 ], [ -118.597091839173999, 34.0756569189735 ], [ -118.597075496124006, 34.075632133892803 ], [ -118.597086519350995, 34.0756012228467 ], [ -118.597086760997996, 34.075572494902197 ], [ -118.597078164121001, 34.075545290811803 ], [ -118.597064288742999, 34.075519845704399 ], [ -118.597055627187004, 34.075490154899697 ], [ -118.597055995496007, 34.0754568850843 ], [ -118.597070961428997, 34.0754313402444 ], [ -118.597064071350999, 34.075403473137499 ], [ -118.597083519877003, 34.075374672950502 ], [ -118.597043472980999, 34.075365711303 ], [ -118.597060541869993, 34.0753397118051 ], [ -118.597063135306001, 34.075311812672801 ], [ -118.597066450089997, 34.075283938085803 ], [ -118.597089146924006, 34.075251381014901 ], [ -118.597115447798004, 34.075223938716697 ], [ -118.597070907529996, 34.0752233672656 ], [ -118.597023233938003, 34.075239439326701 ], [ -118.596979337761994, 34.075257038230099 ], [ -118.596958149198997, 34.075237671400103 ], [ -118.596944308855001, 34.0752444611011 ], [ -118.596941798962007, 34.075275471983701 ], [ -118.596936210543006, 34.075310498634202 ], [ -118.596934475896006, 34.075344087715699 ], [ -118.596901361299999, 34.075354412512397 ], [ -118.596882949429997, 34.075382960464601 ], [ -118.596858470338006, 34.075403486530803 ], [ -118.596832208091001, 34.075432986138601 ], [ -118.596803265271006, 34.075453799405601 ], [ -118.596802840367999, 34.075483075773498 ], [ -118.596810488624001, 34.075522538509503 ], [ -118.596806120116995, 34.075575535932202 ], [ -118.596772707279996, 34.075593147414999 ], [ -118.596737537338001, 34.075598504001498 ], [ -118.596719146129004, 34.075622203488898 ], [ -118.596728672763007, 34.075655480680098 ], [ -118.596720538517999, 34.075698104901299 ], [ -118.596720488212, 34.075740704546597 ], [ -118.596713941291, 34.075766505998203 ], [ -118.596710785509003, 34.075778946140403 ], [ -118.596681090798995, 34.075792808202301 ], [ -118.596638143243993, 34.075795332838503 ], [ -118.596600578392994, 34.075803883712901 ], [ -118.596569939554001, 34.075811942754903 ], [ -118.596568892118, 34.075812218805602 ], [ -118.596535033717004, 34.075809921111897 ], [ -118.596521673972006, 34.0758369956488 ], [ -118.596488430017999, 34.075863681771899 ], [ -118.596440959445005, 34.075868379838298 ], [ -118.596408252684, 34.075853755859498 ], [ -118.596375581855995, 34.075834450179897 ], [ -118.596351428852998, 34.075812503041 ], [ -118.596321821279005, 34.075794572396902 ], [ -118.596288474917998, 34.075792890050302 ], [ -118.596249941682998, 34.075810726197602 ], [ -118.596208646129995, 34.075820312818301 ], [ -118.596239153815006, 34.075850141160501 ], [ -118.596228899546006, 34.075883866192903 ], [ -118.596223047021994, 34.075915330724598 ], [ -118.596231998733998, 34.075950470953401 ], [ -118.596232455975994, 34.075952265651701 ], [ -118.596256444587993, 34.0759827360801 ], [ -118.596295399132003, 34.075968702913002 ], [ -118.596279584290997, 34.075995518462797 ], [ -118.596285950652003, 34.076027128046697 ], [ -118.596244205041998, 34.076026600501102 ], [ -118.596195611574998, 34.076019714877901 ], [ -118.596168937000996, 34.075992563760003 ], [ -118.596150477519998, 34.0759701047417 ], [ -118.596149499255006, 34.075968913484999 ], [ -118.596114007715997, 34.075945813815501 ], [ -118.596083576387997, 34.075958503939098 ], [ -118.596049857224997, 34.075940318109701 ], [ -118.596001546728004, 34.075908903440101 ], [ -118.595972112528997, 34.075895428313999 ], [ -118.595939880976999, 34.075880067709498 ], [ -118.595894697513998, 34.075871287668903 ], [ -118.595860472599995, 34.075884990484496 ], [ -118.595838177312999, 34.075905808848901 ], [ -118.595798677491999, 34.075919676842602 ], [ -118.595765872813999, 34.075932597632097 ], [ -118.595740603205996, 34.075950287167998 ], [ -118.595714004987997, 34.075968752021701 ], [ -118.595679507884995, 34.075999470963602 ], [ -118.595642011305998, 34.076018070483201 ], [ -118.595629019870998, 34.075990273511898 ], [ -118.595634437610002, 34.075962065804603 ], [ -118.595598636152999, 34.075956515038598 ], [ -118.595566673196998, 34.075973453802497 ], [ -118.595588206713003, 34.076004439119799 ], [ -118.595551852791004, 34.075995093598699 ], [ -118.595537985497998, 34.075965368733399 ], [ -118.595518210883995, 34.075939602313703 ], [ -118.595520337196007, 34.075904151058701 ], [ -118.595487961912994, 34.075912053836397 ], [ -118.595460270445997, 34.075929468070399 ], [ -118.595444647845, 34.075960936305599 ], [ -118.595419154555998, 34.075983246512301 ], [ -118.595420478673006, 34.076023500705801 ], [ -118.595393442076997, 34.0760482097769 ], [ -118.595374149858003, 34.076073726156203 ], [ -118.595343525391996, 34.076095079460003 ], [ -118.595316752003001, 34.076111396154502 ], [ -118.595305927303997, 34.076144746072202 ], [ -118.595287348347, 34.0761748667191 ], [ -118.595279016473, 34.0762034300203 ], [ -118.595244031584002, 34.076203682259397 ], [ -118.595213131335001, 34.076187661722102 ], [ -118.595174839747997, 34.0761841988272 ], [ -118.595139185614002, 34.076177484352499 ], [ -118.595105165516003, 34.0761822590405 ], [ -118.595072241362999, 34.076189914017398 ], [ -118.595030281055998, 34.076188553860199 ], [ -118.595027012985, 34.0762169519735 ], [ -118.595005890897994, 34.076249570430903 ], [ -118.594991341783, 34.076277225944203 ], [ -118.59499848339, 34.076306946235803 ], [ -118.595002989338994, 34.076345813334299 ], [ -118.594992090079998, 34.076380573910498 ], [ -118.594991521446005, 34.076415769007198 ], [ -118.594954566552005, 34.076432302163099 ], [ -118.594922256846004, 34.076453833208397 ], [ -118.594884479993993, 34.076482206678698 ], [ -118.59484758888, 34.076489437510901 ], [ -118.594812049731004, 34.076480007963902 ], [ -118.594771499779, 34.076475988519597 ], [ -118.594735589625003, 34.076478445425401 ], [ -118.594691830890994, 34.076484496913501 ], [ -118.594657798217, 34.076493322278601 ], [ -118.594622146777994, 34.076514144957898 ], [ -118.594580673357996, 34.076524595359103 ], [ -118.594547654880998, 34.0765353738919 ], [ -118.594517836204005, 34.076550284962103 ], [ -118.594503029273, 34.076581616802699 ], [ -118.594473111780999, 34.076601868762502 ], [ -118.594433856300995, 34.076611353356803 ], [ -118.594416099303004, 34.076635376228801 ], [ -118.594428455629995, 34.076661374585001 ], [ -118.594443698242998, 34.0766874436192 ], [ -118.594405133568003, 34.076698716189703 ], [ -118.594388247037003, 34.0766744976467 ], [ -118.594411557420997, 34.076648128750499 ], [ -118.594379426480003, 34.076631617214602 ], [ -118.594346060354994, 34.076628436338297 ], [ -118.594313732683005, 34.076614578877603 ], [ -118.594276614294998, 34.0766040987249 ], [ -118.594244495032001, 34.076613112325902 ], [ -118.594211680472995, 34.076623672092403 ], [ -118.594205294350004, 34.076655972677699 ], [ -118.594178073600006, 34.076672722309397 ], [ -118.594146346900999, 34.076694446006201 ], [ -118.594110659530003, 34.076710502906799 ], [ -118.594093122619, 34.076734444647897 ], [ -118.594091258614995, 34.076762237654599 ], [ -118.594056868411002, 34.076769421587002 ], [ -118.594052905941993, 34.076797400597997 ], [ -118.594060435621003, 34.076827402706797 ], [ -118.594061076119004, 34.076857560314103 ], [ -118.594035195656005, 34.076879176818501 ], [ -118.594053835698006, 34.076909594829097 ], [ -118.594032857341006, 34.076931576654601 ], [ -118.594003450990996, 34.076951969902503 ], [ -118.593974084166007, 34.076969918903103 ], [ -118.593986436899002, 34.077006170322001 ], [ -118.594003257853004, 34.077037817475798 ], [ -118.593985294242003, 34.077066678854301 ], [ -118.593993834524994, 34.077097114654997 ], [ -118.593977128556006, 34.077126275869603 ], [ -118.593968464304993, 34.077158476559099 ], [ -118.593978425722995, 34.077195543386701 ], [ -118.594002461046998, 34.077227469492001 ], [ -118.594017656049999, 34.0772575540391 ], [ -118.594054200414007, 34.077264654594799 ], [ -118.594063894133996, 34.077291096960799 ], [ -118.594071194742995, 34.077319024459499 ], [ -118.594086529883, 34.077345311300398 ], [ -118.594113810820005, 34.0773686122279 ], [ -118.594140334477004, 34.077385215139302 ], [ -118.594172338755996, 34.077395708588398 ], [ -118.594205095822005, 34.077403563607099 ], [ -118.594211278927006, 34.077431544640902 ], [ -118.594185754196005, 34.077454679619898 ], [ -118.594150025502003, 34.0774520575617 ], [ -118.594125661394997, 34.077474034782 ], [ -118.594110494239999, 34.077500648959898 ], [ -118.59408542765, 34.077524984083503 ], [ -118.594077094878003, 34.077551962832999 ], [ -118.594066103990002, 34.077583324809403 ], [ -118.594096848831001, 34.077605332502102 ], [ -118.594132370912007, 34.077620014958697 ], [ -118.594149151441002, 34.077650633598303 ], [ -118.594172584893997, 34.077672338442902 ], [ -118.594214533523001, 34.077679253694001 ], [ -118.594229496759993, 34.077651320361703 ], [ -118.594264674786999, 34.077640487654897 ], [ -118.594299132364995, 34.077629211489402 ], [ -118.594329075908007, 34.077607744731701 ], [ -118.594366747658, 34.077599797468899 ], [ -118.594407400018, 34.077583806957897 ], [ -118.594439947777005, 34.077573286746102 ], [ -118.594444058468, 34.0775417424721 ], [ -118.594477182945994, 34.077543781187202 ], [ -118.594506159003004, 34.077568619280598 ], [ -118.594538121959005, 34.077554913761098 ], [ -118.594564652803001, 34.077580093373101 ], [ -118.594583626119999, 34.077606741000203 ], [ -118.594590448825002, 34.0776385977533 ], [ -118.594603003678998, 34.077672180703097 ], [ -118.594623979340994, 34.077707567229297 ], [ -118.594614810237005, 34.077738298933603 ], [ -118.594630377143005, 34.077765456188303 ], [ -118.594648094614996, 34.077790983955097 ], [ -118.594657820674001, 34.077817871101203 ], [ -118.594675735775994, 34.077843463584898 ], [ -118.594702701404003, 34.077870424375703 ], [ -118.594742852503998, 34.077882691588499 ], [ -118.594774883732001, 34.077906281060898 ], [ -118.594809111340993, 34.077899115826298 ], [ -118.594844272299994, 34.077913274418499 ], [ -118.594866638553995, 34.077945887758403 ], [ -118.594901967496995, 34.077966259928601 ], [ -118.594867252103001, 34.077964771822799 ], [ -118.594863304905999, 34.077997307017299 ], [ -118.594882488428993, 34.078027299772401 ], [ -118.594881401467006, 34.078055476285797 ], [ -118.594838261671995, 34.078052987431498 ], [ -118.594802366790006, 34.078088239869302 ], [ -118.594763962913007, 34.078118659677799 ], [ -118.594714342672006, 34.078158102584702 ], [ -118.594678395688007, 34.078193575961897 ], [ -118.594627686688, 34.078256144665303 ], [ -118.594624296446, 34.078258730240201 ], [ -118.594873939161999, 34.078581655642402 ], [ -118.594855645869998, 34.078725406235797 ], [ -118.594838443132005, 34.078781211915 ], [ -118.594743486715004, 34.079089232145002 ], [ -118.594779457054997, 34.079158373057602 ], [ -118.594689999226006, 34.079234000469903 ], [ -118.594782000186001, 34.080006999762197 ], [ -118.594946000218002, 34.080446000076797 ], [ -118.594989999700005, 34.080458999786998 ], [ -118.595441999612007, 34.080744000373201 ], [ -118.595479000319997, 34.0807500002186 ], [ -118.596189965663001, 34.081058550474602 ], [ -118.596191000523007, 34.081058999866102 ], [ -118.596191879973006, 34.081060366641303 ], [ -118.596487000799002, 34.081518999949601 ], [ -118.596492534421003, 34.081561879395302 ], [ -118.596788018165995, 34.081855184727303 ], [ -118.597102039543998, 34.082767845984897 ], [ -118.597640036974994, 34.083228863515103 ], [ -118.598331000429994, 34.083660059650299 ], [ -118.599205524732, 34.084484497845999 ], [ -118.599712145805995, 34.085283274547997 ], [ -118.599917538409997, 34.085877569060401 ], [ -118.6, 34.086149219052395 ], [ -118.6, 34.088223606895319 ], [ -118.599973043513998, 34.0882392019615 ], [ -118.599979922813006, 34.088266338737597 ], [ -118.599938234695998, 34.088260603531403 ], [ -118.599898714212998, 34.088224740814901 ], [ -118.599932599563999, 34.088242610798098 ], [ -118.599914137387998, 34.088218723643998 ], [ -118.599884176776996, 34.088205856806503 ], [ -118.599869579152994, 34.088187056861699 ], [ -118.599754428609003, 34.088205588235901 ], [ -118.599697312825, 34.088232632027399 ], [ -118.599666598526994, 34.088254147425197 ], [ -118.599641549005, 34.0882778270038 ], [ -118.599602104878997, 34.088274251521 ], [ -118.599570021548999, 34.088280917423099 ], [ -118.599532789074999, 34.088283594199197 ], [ -118.599497809575993, 34.088280030619998 ], [ -118.599462555193, 34.088281579549403 ], [ -118.599447821924002, 34.088309156737502 ], [ -118.599431342330007, 34.088339799782801 ], [ -118.599411814752003, 34.0883112264397 ], [ -118.599428024852003, 34.0883399098891 ], [ -118.599409032669996, 34.088316763748502 ], [ -118.599375384474001, 34.088334134514 ], [ -118.599376065396996, 34.088304444481999 ], [ -118.599342514219998, 34.088315288472003 ], [ -118.599348652407997, 34.088288090706797 ], [ -118.599317959670003, 34.088306465082901 ], [ -118.599284248591999, 34.088301059454601 ], [ -118.599278620646999, 34.088282162071899 ], [ -118.599275017503999, 34.088270061525201 ], [ -118.599257876750002, 34.088243544471197 ], [ -118.599244394834997, 34.088217960338199 ], [ -118.599211981823004, 34.088206745098198 ], [ -118.599179016346994, 34.088197291561002 ], [ -118.599145343895998, 34.088204354001398 ], [ -118.599137187194003, 34.088239370097 ], [ -118.599143902099996, 34.088266855791403 ], [ -118.599106118061002, 34.0882718946484 ], [ -118.599068331327004, 34.0882810416648 ], [ -118.599036579474998, 34.088265175924299 ], [ -118.599028515298997, 34.088237812983202 ], [ -118.598993022862004, 34.088241280593003 ], [ -118.598990139270001, 34.088239079951599 ], [ -118.598985012585004, 34.088211313774202 ], [ -118.598951630290003, 34.088202081938597 ], [ -118.598929572158994, 34.088179001973103 ], [ -118.598903770747, 34.088161518093401 ], [ -118.598910264668007, 34.088128968948801 ], [ -118.598896887855005, 34.088103385525201 ], [ -118.598872773479997, 34.088080126237401 ], [ -118.598883315210003, 34.088046818961899 ], [ -118.598880453177003, 34.088013503489798 ], [ -118.598853997792006, 34.087994961657998 ], [ -118.598818582609994, 34.087964020157798 ], [ -118.598793349831993, 34.087933402271297 ], [ -118.598787231407002, 34.087904637591897 ], [ -118.598744416802006, 34.087865690986099 ], [ -118.598707028022005, 34.087863760394598 ], [ -118.598672877667994, 34.087852545851597 ], [ -118.598644377716994, 34.0878515370337 ], [ -118.598633675189006, 34.087851156867004 ], [ -118.598591429218004, 34.0878621474764 ], [ -118.598560638563001, 34.087885197769701 ], [ -118.598529640397004, 34.087869034368801 ], [ -118.598497460947002, 34.0878778005182 ], [ -118.598464729932005, 34.0878736558846 ], [ -118.598445000232999, 34.087875461489602 ], [ -118.598424625543998, 34.087877325868 ], [ -118.598387581717006, 34.087865673130899 ], [ -118.598351495493006, 34.0878580973258 ], [ -118.598303708713999, 34.087860383533197 ], [ -118.598272289237997, 34.0878502261655 ], [ -118.598224355135002, 34.087842701692701 ], [ -118.598185624270997, 34.0878483290521 ], [ -118.598149763525001, 34.087863412218503 ], [ -118.598113732997007, 34.0878712491551 ], [ -118.598087331510996, 34.087852198419498 ], [ -118.598054846634, 34.0878447907495 ], [ -118.598030360356006, 34.087818027309403 ], [ -118.598002208053003, 34.087841889281698 ], [ -118.597981712091993, 34.087818325639901 ], [ -118.597946395723994, 34.087821098402301 ], [ -118.597918781513002, 34.087797045224796 ], [ -118.597922197806, 34.087754087844097 ], [ -118.597914771432997, 34.087723259338901 ], [ -118.597857449036994, 34.087727682967397 ], [ -118.597749918900007, 34.087735981176202 ], [ -118.597780481382998, 34.087713986531803 ], [ -118.597746980511005, 34.0876976653771 ], [ -118.597709502797002, 34.087715879184401 ], [ -118.597692736640994, 34.087744283847996 ], [ -118.597667337675006, 34.087746873596998 ], [ -118.597661166248997, 34.0877263453146 ], [ -118.597662203802997, 34.087747397349702 ], [ -118.597659541195995, 34.087747668153597 ], [ -118.597662224464003, 34.087747813227203 ], [ -118.597662726622005, 34.087758007805498 ], [ -118.597658719237998, 34.087787043338501 ], [ -118.597656764503995, 34.087819671475003 ], [ -118.597668868404, 34.087834712240401 ], [ -118.597679357133003, 34.0878569672415 ], [ -118.597685144978996, 34.087887879022098 ], [ -118.597660130490993, 34.087908820166199 ], [ -118.597670782714005, 34.087872211102997 ], [ -118.597639639020997, 34.087861561975203 ], [ -118.597622347349997, 34.087891313167702 ], [ -118.597569165289002, 34.087899770569102 ], [ -118.597563632564999, 34.087932877031797 ], [ -118.597589302822996, 34.087950445770801 ], [ -118.597627845039995, 34.087951366799601 ], [ -118.597600847072002, 34.087977862370202 ], [ -118.597601910677994, 34.087978671804002 ], [ -118.597610733929997, 34.088007096466399 ], [ -118.597587048050997, 34.088036590196097 ], [ -118.597587023797004, 34.088055882678603 ], [ -118.597353444755001, 34.087947038410199 ], [ -118.597307629777006, 34.087931071428002 ], [ -118.597272821855995, 34.087931182278801 ], [ -118.597239359612004, 34.087924821375097 ], [ -118.597251614428998, 34.087897160737803 ], [ -118.597221655614007, 34.087868104411399 ], [ -118.597210892899, 34.087894987614099 ], [ -118.597203113489002, 34.087866411889003 ], [ -118.597176084978003, 34.0878401149225 ], [ -118.597153842691995, 34.087816011160697 ], [ -118.597114201834998, 34.087805193889501 ], [ -118.597111126003995, 34.0878343662961 ], [ -118.597074799032001, 34.087834832762901 ], [ -118.597047810945995, 34.087807355855901 ], [ -118.597020523721, 34.087786858834797 ], [ -118.596988999141999, 34.087778535336199 ], [ -118.597023519602004, 34.087758780043103 ], [ -118.597031272063006, 34.087758454929499 ], [ -118.597037625846994, 34.0877548236273 ], [ -118.597009670275, 34.0877349887242 ], [ -118.596981848553, 34.087706721691497 ], [ -118.596938832725002, 34.087715696168502 ], [ -118.596976471236999, 34.087705554406803 ], [ -118.596986641065001, 34.087669912413602 ], [ -118.596962258093001, 34.087649414615299 ], [ -118.596935901522997, 34.087622047755403 ], [ -118.596921220355995, 34.087593332816098 ], [ -118.596877537080005, 34.087599398389301 ], [ -118.596852141707004, 34.087627284546201 ], [ -118.596853718250998, 34.087594291047203 ], [ -118.596843555609993, 34.087567176374797 ], [ -118.596841793115004, 34.0875393549234 ], [ -118.596814892165995, 34.087519922456998 ], [ -118.596849329082005, 34.087521216219002 ], [ -118.596823392025001, 34.087482076004697 ], [ -118.596844434161994, 34.087506554822099 ], [ -118.596828330064, 34.0874807093332 ], [ -118.596813101823003, 34.087455538616702 ], [ -118.596830595615003, 34.087428391165197 ], [ -118.596829384686004, 34.087415998116398 ], [ -118.596839768311995, 34.087404532052197 ], [ -118.596823498923996, 34.087376497771899 ], [ -118.596809170796007, 34.087403300037998 ], [ -118.596812177456997, 34.087370588416398 ], [ -118.596775326767002, 34.087364903739498 ], [ -118.596753171616996, 34.087341357076298 ], [ -118.596749880190004, 34.087312724622599 ], [ -118.596773222015003, 34.087289759730098 ], [ -118.596706027132996, 34.087312717182797 ], [ -118.596604000075999, 34.087371206655703 ], [ -118.596523873048, 34.087417141598003 ], [ -118.596484478329003, 34.087420087718499 ], [ -118.596447745318997, 34.087417044138 ], [ -118.596465400808, 34.087450516078398 ], [ -118.596429274160002, 34.087453956193599 ], [ -118.596397269882004, 34.087435679836503 ], [ -118.596354249563007, 34.087424796303402 ], [ -118.596330460377004, 34.087448586221498 ], [ -118.596297167016004, 34.0874431061414 ], [ -118.596284162106002, 34.087470173983498 ], [ -118.596260978385004, 34.087498089941803 ], [ -118.596258534967006, 34.087525897271298 ], [ -118.596231015078999, 34.087547355563203 ], [ -118.596197834007, 34.087560174142801 ], [ -118.596182767463006, 34.087590309328903 ], [ -118.596170329390006, 34.087616709784498 ], [ -118.596138271211998, 34.087603926179902 ], [ -118.596095389233994, 34.087600216010401 ], [ -118.596061493102994, 34.087603021514603 ], [ -118.596032834151003, 34.087587882504202 ], [ -118.595994188627003, 34.0875861743529 ], [ -118.595953508419001, 34.087584300296598 ], [ -118.595911133989006, 34.087590551118602 ], [ -118.595901610948999, 34.087587674936998 ], [ -118.595894606784995, 34.087566817038002 ], [ -118.595902088852995, 34.087537815651999 ], [ -118.595877421115006, 34.087518795344003 ], [ -118.595851930519999, 34.087500779390098 ], [ -118.595830653025004, 34.087479320342503 ], [ -118.595801326623999, 34.087451879030702 ], [ -118.595777602116996, 34.087417651961303 ], [ -118.595739323106002, 34.087407016911797 ], [ -118.595700126016993, 34.087421545899304 ], [ -118.595673137033003, 34.087438460795099 ], [ -118.595640738393996, 34.087453042599002 ], [ -118.595610340302997, 34.0874649818211 ], [ -118.595571182740002, 34.087480515901198 ], [ -118.595530492649999, 34.0874878090317 ], [ -118.595498064367007, 34.0874933992162 ], [ -118.595385642005994, 34.087486585202399 ], [ -118.595387687469994, 34.087456176942503 ], [ -118.595414486910002, 34.087057688086801 ], [ -118.595743488593996, 34.086983856918103 ], [ -118.595743999736001, 34.086977000456699 ], [ -118.595740000435995, 34.086730000081502 ], [ -118.595945999402005, 34.086486000192998 ], [ -118.596187999251001, 34.086380999533702 ], [ -118.596364000774997, 34.086237999963899 ], [ -118.596367275134, 34.086184030878897 ], [ -118.596400009742993, 34.086174654489902 ], [ -118.596416828002006, 34.086148229033299 ], [ -118.596422939240995, 34.086121090090401 ], [ -118.596422295148997, 34.0860921231763 ], [ -118.596409215677994, 34.086063399534297 ], [ -118.596370202743998, 34.086054880199001 ], [ -118.596350216126993, 34.0860258909428 ], [ -118.596316753883002, 34.086026428841798 ], [ -118.596283975256, 34.086021376459499 ], [ -118.596286648643002, 34.085986563297702 ], [ -118.596308457042994, 34.085964472969103 ], [ -118.596341547384995, 34.085947600929899 ], [ -118.596374423029005, 34.085939767535102 ], [ -118.596351145883006, 34.085914132859102 ], [ -118.596309194560007, 34.085900309652999 ], [ -118.596290505110005, 34.085875761180802 ], [ -118.596325915799994, 34.0858748356655 ], [ -118.596418457545994, 34.085849329679 ], [ -118.596398037941, 34.085834698495901 ], [ -118.596392556420994, 34.085779914491098 ], [ -118.596400677190999, 34.085751729388001 ], [ -118.596373355829996, 34.085734881857903 ], [ -118.596355591646002, 34.085710241827599 ], [ -118.596320318398, 34.0857181317865 ], [ -118.596281424040995, 34.085711831723202 ], [ -118.596275832927006, 34.085711914305499 ], [ -118.596281424040995, 34.085663323154698 ], [ -118.596281424040995, 34.085635088165802 ], [ -118.596236371732999, 34.085613443392901 ], [ -118.596210351132001, 34.085570013961103 ], [ -118.596177910272004, 34.085549944190497 ], [ -118.596157019052001, 34.085522581859898 ], [ -118.596115796261998, 34.085532290139 ], [ -118.596085830261003, 34.085543881446398 ], [ -118.596065503182999, 34.085518316585201 ], [ -118.596023997423003, 34.085533612946797 ], [ -118.595987089241007, 34.085549650315897 ], [ -118.595948390716998, 34.085528392394203 ], [ -118.595910265317997, 34.085511140834903 ], [ -118.595712521869999, 34.085618394617498 ], [ -118.595674954325006, 34.085630461319802 ], [ -118.595635967440998, 34.0856272897094 ], [ -118.595593234583006, 34.0856182554922 ], [ -118.595563628806005, 34.085626947476101 ], [ -118.595547681913004, 34.085620197294702 ], [ -118.595510879732998, 34.0856251299193 ], [ -118.595493111954994, 34.085653106748701 ], [ -118.595457964470995, 34.085674920396102 ], [ -118.595424604634999, 34.085665770122198 ], [ -118.595397551869993, 34.0856438694262 ], [ -118.595400137221006, 34.085608039824699 ], [ -118.595364963685995, 34.0856160599905 ], [ -118.595349360848004, 34.085571005694497 ], [ -118.595323274671003, 34.085604796046702 ], [ -118.595288433511996, 34.085595794562501 ], [ -118.595270461816995, 34.085570920880102 ], [ -118.595287782233996, 34.085546035286697 ], [ -118.595263300447002, 34.085519242848399 ], [ -118.595223720676003, 34.085509598550701 ], [ -118.595190980677003, 34.0855011825738 ], [ -118.595153214603997, 34.085502025510699 ], [ -118.595119441543005, 34.085501658725299 ], [ -118.595105523046001, 34.085475829735998 ], [ -118.595119533171001, 34.085443929059799 ], [ -118.595142088968998, 34.085423496193499 ], [ -118.595163534449995, 34.085401034468099 ], [ -118.595176203391006, 34.085375493371501 ], [ -118.595190545891995, 34.085345049386099 ], [ -118.595206398461997, 34.085314832306203 ], [ -118.595243466544005, 34.085302407700397 ], [ -118.595276157135999, 34.085293939623703 ], [ -118.595301000942996, 34.085267688729601 ], [ -118.595327056578, 34.085243554475802 ], [ -118.595367186117997, 34.085242925061202 ], [ -118.595401862884998, 34.085247785540801 ], [ -118.595447412859997, 34.085259213953599 ], [ -118.595455064709, 34.085230346439097 ], [ -118.595367312780994, 34.0851961281436 ], [ -118.595391659819995, 34.08517693396 ], [ -118.595427951757003, 34.085170136127402 ], [ -118.595392276962997, 34.085174491442402 ], [ -118.595406742533996, 34.085133333186697 ], [ -118.595395755238997, 34.085117674429597 ], [ -118.595398631644997, 34.085066294461498 ], [ -118.595401802698007, 34.085034871273102 ], [ -118.595443828582006, 34.085031634169098 ], [ -118.595441438164997, 34.085003931667103 ], [ -118.595466953911995, 34.084978943236202 ], [ -118.595464344305995, 34.084950144817398 ], [ -118.595472957352996, 34.084923221248097 ], [ -118.595485805058004, 34.084896343797702 ], [ -118.595478062479003, 34.084854107361899 ], [ -118.595464947075996, 34.084817839958497 ], [ -118.595460996284999, 34.084789292210601 ], [ -118.595456961951001, 34.084758392690603 ], [ -118.595447791948999, 34.084731524115803 ], [ -118.595430776959006, 34.084694593017403 ], [ -118.595434861599003, 34.084681178064798 ], [ -118.595395521677005, 34.084299553727597 ], [ -118.595423894066997, 34.084278485955302 ], [ -118.595391124423998, 34.0842848188611 ], [ -118.595349093150006, 34.084274140266302 ], [ -118.595314394824001, 34.084280829547197 ], [ -118.595282382460994, 34.0843038384076 ], [ -118.595261030404998, 34.084280467964398 ], [ -118.595289598627005, 34.084242217561403 ], [ -118.595268799034997, 34.084198814954199 ], [ -118.595274316488002, 34.084171478226899 ], [ -118.595235456267005, 34.084164215314601 ], [ -118.595224329733995, 34.084130113396 ], [ -118.595213082826007, 34.0841566116504 ], [ -118.595173026948004, 34.0841620755752 ], [ -118.595185014066999, 34.084136113745501 ], [ -118.595159536946994, 34.084109563404802 ], [ -118.595119988617, 34.084106792008903 ], [ -118.595070130322, 34.0841163032906 ], [ -118.595033292208996, 34.084108878181802 ], [ -118.595006916773997, 34.084127547344401 ], [ -118.594969296228001, 34.084121190618902 ], [ -118.594934619461, 34.0841250356046 ], [ -118.594903478464005, 34.084134721723998 ], [ -118.594873484614993, 34.084104013172798 ], [ -118.594845476041996, 34.084087135554903 ], [ -118.594841474945994, 34.084051043406802 ], [ -118.594844337877007, 34.084016440730899 ], [ -118.594842027409996, 34.0839863890888 ], [ -118.594817451300003, 34.083965970006702 ], [ -118.594785208069993, 34.083944732519399 ], [ -118.594745985827998, 34.0839293800707 ], [ -118.594747256046006, 34.0838992830137 ], [ -118.594724630179002, 34.083860118805099 ], [ -118.594701820156999, 34.083828099967903 ], [ -118.594709966978002, 34.0838003814481 ], [ -118.594701234455997, 34.083769976328497 ], [ -118.594688217867002, 34.083727214065199 ], [ -118.594664951501002, 34.083706727216402 ], [ -118.594646111135006, 34.083663034173703 ], [ -118.594645085259003, 34.083632896845799 ], [ -118.594650135587003, 34.0836052690305 ], [ -118.594653881561996, 34.083575165162301 ], [ -118.594637704700006, 34.0835396858552 ], [ -118.594667162255007, 34.083518580693699 ], [ -118.594708975238007, 34.083519232441297 ], [ -118.594714321113003, 34.083491878382503 ], [ -118.594733851385001, 34.083466183444997 ], [ -118.594733724723, 34.083437190326499 ], [ -118.594752058438999, 34.083407687554498 ], [ -118.594712880214999, 34.0833973756436 ], [ -118.594672608741007, 34.083399249792599 ], [ -118.594633702706005, 34.083392003182198 ], [ -118.594604855106994, 34.083409822849099 ], [ -118.594568124792005, 34.083426991507899 ], [ -118.594533007850998, 34.083441623106999 ], [ -118.594488252885, 34.083455626019699 ], [ -118.594458267120999, 34.083471965848197 ], [ -118.594430735553999, 34.083497236701398 ], [ -118.594399748168001, 34.083508895991798 ], [ -118.594356523032999, 34.083512604852501 ], [ -118.594319695699994, 34.083516720683399 ], [ -118.594279706297002, 34.083536476222299 ], [ -118.594275440196995, 34.083567739262001 ], [ -118.594231610495996, 34.083567035434598 ], [ -118.594196567216997, 34.083568868659597 ], [ -118.594157592909994, 34.083565571235297 ], [ -118.594112645704996, 34.083577255068398 ], [ -118.594079640703001, 34.083551190386899 ], [ -118.594044788765004, 34.083540079433298 ], [ -118.594005261096001, 34.083517603816297 ], [ -118.594032839375004, 34.083499078112098 ], [ -118.594054699878001, 34.083474749169 ], [ -118.594067711075994, 34.0834345543174 ], [ -118.594065638662997, 34.083401245958498 ], [ -118.594039519248, 34.0833832603766 ], [ -118.594058318291999, 34.083356656975397 ], [ -118.594085916333995, 34.083340553718401 ], [ -118.594119832226994, 34.083310942288001 ], [ -118.594157073684002, 34.083313579044997 ], [ -118.594133862115001, 34.083292423234603 ], [ -118.594110887702001, 34.083268354634399 ], [ -118.594085778890999, 34.083248310358499 ], [ -118.594052833177997, 34.083234424220599 ], [ -118.594046650972999, 34.083203769655398 ], [ -118.594023382809993, 34.083223509643197 ], [ -118.593999845152993, 34.083199089108099 ], [ -118.593997179851996, 34.083170096642199 ], [ -118.593991394701007, 34.083134245161702 ], [ -118.593978220009006, 34.083100206068899 ], [ -118.593947916241007, 34.083075005033898 ], [ -118.593930243684994, 34.083049518292299 ], [ -118.593940129645006, 34.083020358373197 ], [ -118.593949059796998, 34.082993271252398 ], [ -118.593950847444006, 34.082961135277998 ], [ -118.593943957365994, 34.082929576642698 ], [ -118.593915991912993, 34.082907501140703 ], [ -118.593887694981007, 34.082884099063698 ], [ -118.593844654899002, 34.082883235268497 ], [ -118.593804553206994, 34.082880196732901 ], [ -118.593771680257007, 34.082875802611497 ], [ -118.593729519625995, 34.082873184441098 ], [ -118.593694388312002, 34.082876320442303 ], [ -118.593669153736997, 34.082903758028998 ], [ -118.593634060151999, 34.082917182935297 ], [ -118.593602185231006, 34.082933794431099 ], [ -118.593571790734003, 34.0829535136495 ], [ -118.593531400681997, 34.082956413052798 ], [ -118.593498018388004, 34.0829566474156 ], [ -118.593464807670998, 34.082959341472304 ], [ -118.593422143084993, 34.082958140641701 ], [ -118.593411318386003, 34.0829873266226 ], [ -118.593415756064005, 34.083022943058602 ], [ -118.593400524230006, 34.083052959330203 ], [ -118.593390105569, 34.0830847359139 ], [ -118.593366911068003, 34.083109125233598 ], [ -118.593335788934994, 34.083140799867202 ], [ -118.593303645418004, 34.083158568994499 ], [ -118.593275718591997, 34.083183799020901 ], [ -118.593233943338006, 34.083197397980399 ], [ -118.593197211225998, 34.083210653206599 ], [ -118.593163933137006, 34.083229875364196 ], [ -118.593154879915005, 34.083258662463898 ], [ -118.593151840016006, 34.083295184241202 ], [ -118.593126079029005, 34.083392898220502 ], [ -118.593118677809002, 34.083422227644398 ], [ -118.593115483399998, 34.083450959622397 ], [ -118.593095292865996, 34.083475275924201 ], [ -118.593086095016005, 34.083497356486198 ], [ -118.593082509838993, 34.083505960895202 ], [ -118.593059299168999, 34.083537805757302 ], [ -118.593038254337003, 34.083568568826102 ], [ -118.593028818432998, 34.083606256323002 ], [ -118.593000485568993, 34.083626405418599 ], [ -118.592975321961006, 34.0836533978486 ], [ -118.592984058976, 34.083682704862099 ], [ -118.592965345272006, 34.083715771309599 ], [ -118.592927678912005, 34.083738006561298 ], [ -118.592908108214999, 34.083763238647101 ], [ -118.592897550315996, 34.083793841673597 ], [ -118.592886346526996, 34.083820927050297 ], [ -118.592880423035993, 34.083852840986097 ], [ -118.592839166109997, 34.083872013893803 ], [ -118.592814339371003, 34.083893649439801 ], [ -118.592791295786995, 34.083917919486403 ], [ -118.592757556861997, 34.083935232378302 ], [ -118.592732892716995, 34.083971419807803 ], [ -118.592690921631004, 34.084032999930997 ], [ -118.592685352076003, 34.084068976022898 ], [ -118.592656116404996, 34.084082672304199 ], [ -118.592629845174002, 34.084106926672703 ], [ -118.592647930956005, 34.084139768266901 ], [ -118.592670307990005, 34.084161735567903 ], [ -118.592699981140001, 34.084180216487198 ], [ -118.592732218980998, 34.084199731559899 ], [ -118.592760986629997, 34.0842146502087 ], [ -118.592790806205002, 34.084230785291297 ], [ -118.592815275415006, 34.084253431094503 ], [ -118.592847905819994, 34.084274071818498 ], [ -118.592864631552004, 34.084302447876802 ], [ -118.592866332960995, 34.084340898387801 ], [ -118.592860270231, 34.084370744560999 ], [ -118.592855563059004, 34.084401372663898 ], [ -118.592852483634005, 34.084433686650698 ], [ -118.592839895541999, 34.084463575942898 ], [ -118.592826668748003, 34.084496251487899 ], [ -118.592808515593006, 34.084525551513799 ], [ -118.592812028904007, 34.084558800654897 ], [ -118.592831604091998, 34.084581909135103 ], [ -118.592807220221999, 34.0846024761235 ], [ -118.592792537259001, 34.084628161788302 ], [ -118.592803613485998, 34.084659637951198 ], [ -118.592805681407995, 34.084692195125498 ], [ -118.592768257592994, 34.084687004280703 ], [ -118.592745992849004, 34.084655870365197 ], [ -118.592712571926995, 34.084635273629999 ], [ -118.592677385816003, 34.084638004088902 ], [ -118.592645034788006, 34.084625903021397 ], [ -118.592616155748004, 34.084610756038799 ], [ -118.592572108655006, 34.084620432430697 ], [ -118.592540738585996, 34.084637990696997 ], [ -118.592516484073997, 34.084668301761702 ], [ -118.592494588536994, 34.084694424130802 ], [ -118.592487041789994, 34.084722418379599 ], [ -118.592454257773994, 34.084747152440499 ], [ -118.592428052120994, 34.084771624608599 ], [ -118.592398341240994, 34.084787230606103 ], [ -118.592388687047006, 34.084819436566796 ], [ -118.592376814012994, 34.084851303998597 ], [ -118.592355828470005, 34.0848894060722 ], [ -118.592318211518005, 34.084945513470103 ], [ -118.592284374675998, 34.084956985819097 ], [ -118.592252102699007, 34.0849796626757 ], [ -118.592223865955006, 34.084998081665297 ], [ -118.592202387236, 34.085024389186401 ], [ -118.592174333748005, 34.085054357877098 ], [ -118.592151988156004, 34.085078212444401 ], [ -118.592125538160005, 34.085096563709499 ], [ -118.592118625623996, 34.085128229415801 ], [ -118.592122520719002, 34.085158500129602 ], [ -118.592112464080003, 34.085195753916899 ], [ -118.592129467391999, 34.085220148580603 ], [ -118.592135965804005, 34.0852495956658 ], [ -118.592146434770996, 34.085279669179201 ], [ -118.592162854177005, 34.085310730698502 ], [ -118.592164786454006, 34.085345593985302 ], [ -118.592174951789005, 34.085375136257397 ], [ -118.592194164058, 34.085404357860497 ], [ -118.592202751952001, 34.085431328892 ], [ -118.592221131483001, 34.085455204928799 ], [ -118.592243259683997, 34.085485061124999 ], [ -118.592248423200004, 34.0855141710922 ], [ -118.592254935986006, 34.085546422903498 ], [ -118.592266459574006, 34.085576154821901 ], [ -118.592248857086005, 34.085602434635902 ], [ -118.592244414917005, 34.085635417007403 ], [ -118.592172037655004, 34.085724295699997 ], [ -118.592155404449002, 34.085759104505797 ], [ -118.592142229757002, 34.085786253980501 ], [ -118.592118101907005, 34.085816340694997 ], [ -118.592097632895005, 34.0858442400869 ], [ -118.592086435393995, 34.085882775455801 ], [ -118.592119236478993, 34.085901251535702 ], [ -118.592093719833002, 34.085929528843003 ], [ -118.592069904596997, 34.085949508501699 ], [ -118.592061840420001, 34.085977703954697 ], [ -118.592078451168007, 34.086012857863999 ], [ -118.592101264782997, 34.086039804894199 ], [ -118.592105591967993, 34.086044915305997 ], [ -118.592101975351, 34.086074644073499 ], [ -118.592060922342, 34.086090465585499 ], [ -118.592027550828007, 34.086098461898303 ], [ -118.591985266229003, 34.086083935659602 ], [ -118.591948056212999, 34.086072322106801 ], [ -118.591908884277004, 34.086071363114399 ], [ -118.591875474134994, 34.086067921455196 ], [ -118.591829916974007, 34.086067450514797 ], [ -118.591813131053996, 34.0860684444743 ], [ -118.591779324754995, 34.086070446529 ], [ -118.591748042722003, 34.086092431184603 ], [ -118.591746561400001, 34.086127304565402 ], [ -118.591743099292998, 34.0861602034065 ], [ -118.591775144894001, 34.086189726050797 ], [ -118.591790829478995, 34.086218480897102 ], [ -118.591820315779998, 34.086231159065697 ], [ -118.591840653638002, 34.086256464806603 ], [ -118.591810976893996, 34.086293960648199 ], [ -118.591754911240997, 34.086291039783802 ], [ -118.591720908209993, 34.086295426288203 ], [ -118.591711885532007, 34.086322011654602 ], [ -118.591700864101, 34.086362014676801 ], [ -118.591704917300007, 34.086392914355699 ], [ -118.591717588037, 34.0864244426851 ], [ -118.591718951679994, 34.0864566539748 ], [ -118.591696050029995, 34.086483047344203 ], [ -118.591702965261007, 34.086514155292598 ], [ -118.591733549303001, 34.086535493316397 ], [ -118.591742831594999, 34.086503189059499 ], [ -118.591789466734994, 34.086486700276303 ], [ -118.591823237100996, 34.086471532051199 ], [ -118.591870422908002, 34.086472004477301 ], [ -118.591880252273995, 34.086503525337498 ], [ -118.591880975417993, 34.086532671409401 ], [ -118.591898839314993, 34.086563648399597 ], [ -118.591933950867002, 34.086572004752703 ], [ -118.591935590291996, 34.0865723945968 ], [ -118.591942894493997, 34.086607642744198 ], [ -118.591964685825999, 34.086642386460802 ], [ -118.591967528094997, 34.086678448489202 ], [ -118.591981562474999, 34.086705182530501 ], [ -118.591960864391993, 34.086733725912602 ], [ -118.591954358793004, 34.0867659370846 ], [ -118.591969948157001, 34.086795033963902 ], [ -118.591886357224993, 34.086914384630397 ], [ -118.591864668300005, 34.086936996237 ], [ -118.59182826048, 34.086953445501898 ], [ -118.591793609765006, 34.086976955074299 ], [ -118.591759869941001, 34.086988888411803 ], [ -118.591719979352007, 34.086983685060197 ], [ -118.591685020515001, 34.086991385187098 ], [ -118.591646820555994, 34.0869975140413 ], [ -118.591608120234994, 34.0870017212115 ], [ -118.591578810003995, 34.087016187030798 ], [ -118.591545650491994, 34.087019966415397 ], [ -118.591511381559997, 34.087025753039804 ], [ -118.591474785093993, 34.087039605077202 ], [ -118.591443088936998, 34.087057704454203 ], [ -118.591419355447997, 34.087078425587599 ], [ -118.591392301785007, 34.087100428580797 ], [ -118.591360952377997, 34.087125737037702 ], [ -118.591324708949003, 34.087146154613798 ], [ -118.591297253739, 34.087172036659503 ], [ -118.591271487361993, 34.087191079364501 ], [ -118.591234916047995, 34.087220476662203 ], [ -118.591204747028002, 34.087235275743303 ], [ -118.591176277619994, 34.087264414123702 ], [ -118.591138264509993, 34.087280432565699 ], [ -118.591098267022005, 34.087279588158502 ], [ -118.591072371288007, 34.087281701780199 ], [ -118.591059801162004, 34.087282726972298 ], [ -118.591027661238002, 34.087292186563303 ], [ -118.590995668637007, 34.0873050892503 ], [ -118.590975947922004, 34.0873284588587 ], [ -118.590959429700007, 34.0873544829469 ], [ -118.590940404281, 34.087379196151801 ], [ -118.590915629644002, 34.087403132644802 ], [ -118.590889710553, 34.087424834989797 ], [ -118.590870218907995, 34.087449947685698 ], [ -118.590842905632002, 34.087473016690502 ], [ -118.590829158713007, 34.087499214823097 ], [ -118.590815271656993, 34.0875253459904 ], [ -118.590793505476995, 34.087552727760901 ], [ -118.590787899990005, 34.087582830215098 ], [ -118.590762308783994, 34.087609590009599 ], [ -118.590753401987996, 34.0876414467198 ], [ -118.590733395609007, 34.087672803471698 ], [ -118.590720688939001, 34.0876995974604 ], [ -118.590709327046994, 34.087729374004702 ], [ -118.590694715051001, 34.087764865691597 ], [ -118.590676732575005, 34.087789839908901 ], [ -118.590664072617997, 34.087819550208401 ], [ -118.590662241851007, 34.087852006476197 ], [ -118.590659681652994, 34.087881446694396 ], [ -118.590624074231997, 34.087894210914001 ], [ -118.590596940618994, 34.087912112213601 ], [ -118.590593733633, 34.087941626063397 ], [ -118.590609932952006, 34.087972523677699 ], [ -118.590639935785006, 34.0879928569817 ], [ -118.590673634286006, 34.088021237745401 ], [ -118.590707614858005, 34.088038345208098 ], [ -118.590740136565998, 34.0880558774709 ], [ -118.590769056929005, 34.088075310558203 ], [ -118.590768266411004, 34.088102709262103 ], [ -118.590768088545005, 34.088108870770199 ], [ -118.590731105803002, 34.088111877871697 ], [ -118.590727776646006, 34.088141181854198 ], [ -118.590735017067999, 34.088173238490398 ], [ -118.590737913235998, 34.088204470059601 ], [ -118.590736688831996, 34.088237258731098 ], [ -118.590713282329006, 34.088261519349103 ], [ -118.590652501419001, 34.088294892008797 ], [ -118.590633736510995, 34.088321560071002 ], [ -118.590631229313004, 34.088351553633402 ], [ -118.590601085445002, 34.088339043173697 ], [ -118.590567072534, 34.088318595382802 ], [ -118.590535514717999, 34.088338107269799 ], [ -118.590499752786002, 34.088356294900699 ], [ -118.590470655456002, 34.0883753194843 ], [ -118.590437501333994, 34.088380533909699 ], [ -118.590403631254006, 34.088367161946898 ], [ -118.590373225077997, 34.088348365757703 ], [ -118.590345456356005, 34.088314595099497 ], [ -118.590321014096006, 34.088333095199403 ], [ -118.590307665130993, 34.088359859964598 ], [ -118.590284000810996, 34.0883852141706 ], [ -118.590271051596005, 34.088418103950801 ], [ -118.590231141244999, 34.088424040015802 ], [ -118.590196948669998, 34.088410049828198 ], [ -118.590171372735995, 34.088389428711501 ], [ -118.590154193353996, 34.0883658138887 ], [ -118.590150463548994, 34.088337425056899 ], [ -118.590142137962999, 34.088303779379899 ], [ -118.590128263484004, 34.088276521349997 ], [ -118.590097960614003, 34.088252236929499 ], [ -118.590063633292004, 34.088235871240798 ], [ -118.590062228327, 34.088234495653801 ], [ -118.589982885528002, 34.088253925724402 ], [ -118.589992063615, 34.088289293693599 ], [ -118.589967820780998, 34.0883183119333 ], [ -118.589941453430001, 34.0883417824408 ], [ -118.589904441043998, 34.088330230202502 ], [ -118.589892879725994, 34.088324874421197 ], [ -118.589869137253004, 34.088313874200402 ], [ -118.589838652026003, 34.088301939561802 ], [ -118.589817812009997, 34.0882596185251 ], [ -118.589785030688006, 34.088267408555403 ], [ -118.589747759586999, 34.088276324943898 ], [ -118.589707860914004, 34.088281034225098 ], [ -118.589664237825005, 34.088293081205002 ], [ -118.589649059889993, 34.088320613007497 ], [ -118.589645122573998, 34.088348751129899 ], [ -118.589649539590994, 34.088377390672903 ], [ -118.589636924548998, 34.088409822919999 ], [ -118.589651000250996, 34.088447020967699 ], [ -118.589678221000995, 34.088467798302098 ], [ -118.589711728161006, 34.088486742512899 ], [ -118.589751883752996, 34.088489969813303 ], [ -118.589782575593006, 34.088511158547099 ], [ -118.589820442277002, 34.088524717221198 ], [ -118.589862271429993, 34.088534294219102 ], [ -118.589905245935, 34.088555860129503 ], [ -118.589952805441001, 34.088566700367601 ], [ -118.589916290721007, 34.088571417816098 ], [ -118.589876532185002, 34.088586802157302 ], [ -118.589848007081002, 34.088623642282897 ], [ -118.589818607916996, 34.088645572710497 ], [ -118.589812868581006, 34.088680930844703 ], [ -118.589823314190994, 34.088718191265698 ], [ -118.589804103717995, 34.088746585921498 ], [ -118.589821841852, 34.088774254464802 ], [ -118.589836545476999, 34.088805889781398 ], [ -118.589858453589997, 34.088833831337702 ], [ -118.589844688705, 34.088867981206903 ], [ -118.589835972350997, 34.088901540360702 ], [ -118.589841426922007, 34.088932430929198 ], [ -118.589860831430002, 34.088956538093001 ], [ -118.589901477501996, 34.088966341204703 ], [ -118.589943033566996, 34.088970732778201 ], [ -118.589968709214006, 34.089026423088299 ], [ -118.589999077661005, 34.089092289924402 ], [ -118.589967912408994, 34.089106139391802 ], [ -118.589955197654007, 34.089131709121297 ], [ -118.589959636230006, 34.089173744787402 ], [ -118.589939504984997, 34.089197841467097 ], [ -118.589920413987997, 34.089226465843801 ], [ -118.589899629667002, 34.0892568355262 ], [ -118.589862645129003, 34.089288541337901 ], [ -118.589837308146002, 34.089323418609801 ], [ -118.589806932513, 34.089350768552897 ], [ -118.589795008275999, 34.0893585279807 ], [ -118.589654728260001, 34.089477639944803 ], [ -118.589633327694997, 34.089500735923203 ], [ -118.589602829891007, 34.0895195288807 ], [ -118.589569668582001, 34.089536194877603 ], [ -118.589542266373002, 34.0895578364158 ], [ -118.589506895208004, 34.089578916265602 ], [ -118.589468273041007, 34.089602825354397 ], [ -118.589447777977995, 34.089626636978998 ], [ -118.589430764785007, 34.089650230619498 ], [ -118.589417364615997, 34.0896759333517 ], [ -118.589394328218006, 34.089703376174498 ], [ -118.589365247955996, 34.089718593665197 ], [ -118.589327109980999, 34.089742381450897 ], [ -118.589289475960001, 34.089770655243399 ], [ -118.589266589581996, 34.0898019918641 ], [ -118.589247958523003, 34.089830433025099 ], [ -118.589227892853998, 34.089853780361899 ], [ -118.589193488277004, 34.089873983022997 ], [ -118.589162367041993, 34.0898877401129 ], [ -118.589142471155, 34.089910574109801 ], [ -118.589118211252995, 34.089938803953203 ], [ -118.589081196172003, 34.089957294770798 ], [ -118.589049727288995, 34.089981258804897 ], [ -118.589024854735001, 34.090002778966003 ], [ -118.589000379237007, 34.090024082633001 ], [ -118.588975619870993, 34.090046532716599 ], [ -118.588962912303003, 34.090067918206699 ], [ -118.588960847975002, 34.090071392436997 ], [ -118.588909670953001, 34.090093417714698 ], [ -118.588884286359999, 34.090114564386298 ], [ -118.588883139211006, 34.090142060631003 ], [ -118.588848521732999, 34.090162188084797 ], [ -118.588813940188004, 34.090190449833997 ], [ -118.588771361840003, 34.090205720801301 ], [ -118.588739253357005, 34.0902260796069 ], [ -118.588710818085005, 34.090247432318101 ], [ -118.588668670030003, 34.0902630544171 ], [ -118.588631099790007, 34.090263116908403 ], [ -118.588587684212001, 34.090264229105898 ], [ -118.588543270605996, 34.090265676822497 ], [ -118.588501648066, 34.090268731459901 ], [ -118.588470634629005, 34.090257433913699 ], [ -118.588425276894, 34.0902588503847 ], [ -118.588392340164006, 34.0902439491677 ], [ -118.588355984445997, 34.0902470038058 ], [ -118.588319408640999, 34.090243525119 ], [ -118.588285247507002, 34.090258484363801 ], [ -118.588251907434, 34.090262643759502 ], [ -118.588210880477007, 34.090258158516001 ], [ -118.588175635075999, 34.090271504142102 ], [ -118.588133560683005, 34.090273253156099 ], [ -118.588126150481003, 34.090274172671897 ], [ -118.588017373482998, 34.090244109115801 ], [ -118.588013125350002, 34.090242934426698 ], [ -118.587989813169997, 34.090236148160002 ], [ -118.587856409756995, 34.090197311986699 ], [ -118.587709824466003, 34.090154638523302 ], [ -118.587627351037995, 34.089794328446303 ], [ -118.587663363599006, 34.089708728892802 ], [ -118.587706960636993, 34.089605104075197 ], [ -118.587527099949995, 34.089307082142398 ], [ -118.587411083429998, 34.089301132004302 ], [ -118.587310999428993, 34.089295999470401 ], [ -118.587144999748006, 34.089440999570002 ], [ -118.587013000401001, 34.089556000344601 ], [ -118.586981869284998, 34.089613295714997 ], [ -118.587016670918004, 34.089760551669201 ], [ -118.587046639614002, 34.089902947899198 ], [ -118.586865982122006, 34.089951262844103 ], [ -118.586700643601006, 34.089995480844401 ], [ -118.586697999858998, 34.090013000054803 ], [ -118.586753999934999, 34.090101999879003 ], [ -118.586716000300996, 34.0901040003505 ], [ -118.586456999833999, 34.090157000551201 ], [ -118.586245999946996, 34.090344999900601 ], [ -118.586149999688004, 34.090414999804999 ], [ -118.586047000654006, 34.090526000565603 ], [ -118.585776000492004, 34.0905310006031 ], [ -118.585665999989004, 34.090638999407602 ], [ -118.585618000308997, 34.090650999927497 ], [ -118.585472999645006, 34.090703999785703 ], [ -118.585414999918996, 34.0907090005567 ], [ -118.585222999400003, 34.090659000273199 ], [ -118.585111999969996, 34.090663999558998 ], [ -118.585062999566006, 34.090780999871598 ], [ -118.585015999711004, 34.090796999793703 ], [ -118.584870858909994, 34.090840136407799 ], [ -118.584914821561995, 34.090904483452903 ], [ -118.584724225109994, 34.091105009049699 ], [ -118.584643607600995, 34.091123713122499 ], [ -118.584573999845006, 34.091194999393402 ], [ -118.584509000446005, 34.091232000562101 ], [ -118.584378000026007, 34.091276999770102 ], [ -118.584215535216003, 34.091398161551098 ], [ -118.584302025010999, 34.091525839274603 ], [ -118.584038268864006, 34.091725454314698 ], [ -118.583292131782002, 34.092074622533097 ], [ -118.583013817538003, 34.092179371378698 ], [ -118.582826370578999, 34.092183152764598 ], [ -118.582819000800001, 34.092191000460303 ], [ -118.582724180029004, 34.092254213477297 ], [ -118.582669001011993, 34.092290999931997 ], [ -118.582632413528998, 34.092280347640497 ], [ -118.582551752002999, 34.092306155955598 ], [ -118.582538783923994, 34.0922766146142 ], [ -118.582503101941995, 34.092270963743502 ], [ -118.582478400967005, 34.092239351295703 ], [ -118.582447180019003, 34.092206514331103 ], [ -118.582414775990003, 34.092174793245803 ], [ -118.582394278232002, 34.092147107959597 ], [ -118.582366743072001, 34.0921229414461 ], [ -118.582330042400997, 34.092106312410998 ], [ -118.582297528778, 34.092096279044902 ], [ -118.582261332960002, 34.092083165068402 ], [ -118.582231784675002, 34.092069068359699 ], [ -118.582185874475996, 34.092047738425897 ], [ -118.582153886366996, 34.092035165278403 ], [ -118.582073939002001, 34.091972744383099 ], [ -118.581935000170006, 34.091838999832703 ], [ -118.581929557278002, 34.0917341575745 ], [ -118.581923763144005, 34.0916138979211 ], [ -118.581880797622006, 34.091612968004902 ], [ -118.581847063189002, 34.091627648032897 ], [ -118.581810401145006, 34.091639784552399 ], [ -118.581772123931003, 34.091665651833502 ], [ -118.581748095793998, 34.091695970053301 ], [ -118.581712391354003, 34.091712324658197 ], [ -118.581678581462, 34.091727839360601 ], [ -118.581639603561996, 34.091732337173099 ], [ -118.581597622594003, 34.091741975554498 ], [ -118.581559350768998, 34.091744406723699 ], [ -118.581523365156997, 34.091767745349401 ], [ -118.581486168615996, 34.091787702056301 ], [ -118.581449398775007, 34.091792928174499 ], [ -118.581413025988994, 34.091797488473802 ], [ -118.581378617818999, 34.091800984951 ], [ -118.581344683061005, 34.0918147432157 ], [ -118.581306454355996, 34.091818519410303 ], [ -118.581272435155995, 34.091831922073098 ], [ -118.581240990528002, 34.091840920662598 ], [ -118.581206263455002, 34.091839362871099 ], [ -118.581169241187993, 34.0918505344819 ], [ -118.581137387826004, 34.091868530168 ], [ -118.581090945824002, 34.091879872135003 ], [ -118.581084681871999, 34.0918493761815 ], [ -118.581046030059994, 34.091862713373402 ], [ -118.581011142188999, 34.091856106523998 ], [ -118.580998750828002, 34.091883360425697 ], [ -118.580967041196999, 34.0918729677146 ], [ -118.580955814052999, 34.091881756511199 ], [ -118.580945584038005, 34.091889765667801 ], [ -118.580936124778006, 34.091897170751999 ], [ -118.580907772150994, 34.091887720602699 ], [ -118.580885467881004, 34.091885064026698 ], [ -118.580873435846001, 34.091888027845997 ], [ -118.580849212773998, 34.091866926997199 ], [ -118.580849420285006, 34.091845408053999 ], [ -118.580849512811994, 34.091835798697701 ], [ -118.580849581981994, 34.091828624970603 ], [ -118.580824528866998, 34.091821763694099 ], [ -118.580814408446997, 34.091818991806598 ], [ -118.580781034238001, 34.091830314438099 ], [ -118.580753005003999, 34.091850588788802 ], [ -118.580762194768994, 34.0918190297471 ], [ -118.580779525965994, 34.091796483422499 ], [ -118.580783681572996, 34.0917910772732 ], [ -118.580797717748993, 34.091764387242002 ], [ -118.580814445277994, 34.0917361952039 ], [ -118.580844978116005, 34.091715011740803 ], [ -118.580865037495997, 34.091690755832197 ], [ -118.580862617435002, 34.0916673740372 ], [ -118.580804271857005, 34.091668555402002 ], [ -118.580785403643006, 34.091659911650098 ], [ -118.580767781391998, 34.0916518392375 ], [ -118.580761447371003, 34.091648937156201 ], [ -118.580762791251004, 34.091647409862503 ], [ -118.580761276691007, 34.091646638404399 ], [ -118.580768405721003, 34.091638377775503 ], [ -118.580771541740006, 34.091635394605099 ], [ -118.580782608085997, 34.091624865724 ], [ -118.580784181035995, 34.0915987596279 ], [ -118.580784613125999, 34.091591582161101 ], [ -118.580759896879002, 34.091571716167699 ], [ -118.580736211, 34.0915414834557 ], [ -118.580716183958998, 34.091534740441297 ], [ -118.580699923553993, 34.091529265833401 ], [ -118.580694249795002, 34.091529070922697 ], [ -118.580687041713006, 34.091528823192803 ], [ -118.580684501277005, 34.091524654188198 ], [ -118.580652948850997, 34.091526414335398 ], [ -118.580626064970005, 34.091525866056301 ], [ -118.580623636823006, 34.091526339942 ], [ -118.580619602488994, 34.091528280865099 ], [ -118.580605496244999, 34.091535068516002 ], [ -118.580599326615001, 34.091524792559902 ], [ -118.580581784314006, 34.091523875289603 ], [ -118.580557020456993, 34.091502842791897 ], [ -118.580541929657997, 34.091465549375499 ], [ -118.580559127005998, 34.0914385386059 ], [ -118.580589492757994, 34.091412642985901 ], [ -118.580610672337002, 34.091380890357797 ], [ -118.580583531537997, 34.091347527841798 ], [ -118.580566786041999, 34.091315944806603 ], [ -118.580536227153004, 34.091291203737399 ], [ -118.580505061900993, 34.091271984897901 ], [ -118.580486757828993, 34.091241063937801 ], [ -118.580477986678005, 34.091207763857398 ], [ -118.580456085752004, 34.091183346369 ], [ -118.580427027946996, 34.091157122594801 ], [ -118.580383880067004, 34.091141245490398 ], [ -118.580343512472993, 34.091132655248103 ], [ -118.580317871860004, 34.091107127783502 ], [ -118.580332076022003, 34.091071819018602 ], [ -118.580326421126998, 34.091036972224401 ], [ -118.580302316632995, 34.091008661657902 ], [ -118.580263743873005, 34.091016263962899 ], [ -118.580234934901995, 34.091033043487599 ], [ -118.580205901352002, 34.091007113522302 ], [ -118.580170584984998, 34.090990630823903 ], [ -118.580135128479995, 34.090983574567602 ], [ -118.580134464625004, 34.0909865369306 ], [ -118.580109411509994, 34.091006226003998 ], [ -118.580096093986, 34.091032420067499 ], [ -118.580062788049005, 34.091018521071398 ], [ -118.580027669310994, 34.090996012474399 ], [ -118.579990433244006, 34.091013921301403 ], [ -118.579953678674002, 34.090995508828101 ], [ -118.579916761508997, 34.090983639290201 ], [ -118.579891111015002, 34.090963084267003 ], [ -118.579916775883007, 34.0909383014341 ], [ -118.579894026047995, 34.090914297498202 ], [ -118.579857377479001, 34.090907533603499 ], [ -118.579846771969002, 34.090880540510497 ], [ -118.579829442568993, 34.0908502324137 ], [ -118.579860568295004, 34.0908353327886 ], [ -118.579860588057997, 34.090798200513099 ], [ -118.579825459438993, 34.090775363035903 ], [ -118.579800957890001, 34.090755093635302 ], [ -118.579767634884007, 34.090761903666397 ], [ -118.579731672628, 34.090751625384598 ], [ -118.579714356702993, 34.090724826410302 ], [ -118.579697853753004, 34.090697869712102 ], [ -118.579673566900993, 34.090678114356201 ], [ -118.579650778439003, 34.090647130688097 ], [ -118.579622570439994, 34.090629881659702 ], [ -118.579586968409004, 34.090629419671998 ], [ -118.579545023373996, 34.090624374259797 ], [ -118.579521611480999, 34.090603084878801 ], [ -118.579521546801999, 34.090567848066001 ], [ -118.579506506309002, 34.090526303350202 ], [ -118.579496588010002, 34.090497195850197 ], [ -118.579459852305007, 34.0904959222201 ], [ -118.579455044520998, 34.090465279211301 ], [ -118.579421673905003, 34.090446904559698 ], [ -118.579408934895994, 34.090429688224098 ], [ -118.579402296346004, 34.090420717010602 ], [ -118.579385982941005, 34.090404539958797 ], [ -118.579376885702004, 34.090395518898397 ], [ -118.579345516532001, 34.090379958571198 ], [ -118.579326613283996, 34.090352723528 ], [ -118.579333909400006, 34.090324676088997 ], [ -118.579320116667006, 34.090292391876403 ], [ -118.579320835320004, 34.090259978205097 ], [ -118.579327513395, 34.090232551185601 ], [ -118.579326405773003, 34.090200394152497 ], [ -118.579339937095995, 34.090172711940298 ], [ -118.579312775635003, 34.090154520979901 ], [ -118.579330175104005, 34.090127455484001 ], [ -118.579358679546004, 34.090111416750098 ], [ -118.579381812063005, 34.090091707382101 ], [ -118.579392749050996, 34.090055007013397 ], [ -118.579390162802, 34.090030657635701 ], [ -118.579389039907994, 34.090020079454398 ], [ -118.579357290751005, 34.089988158915901 ], [ -118.579334354964999, 34.090012776126798 ], [ -118.579333210510995, 34.090012517233198 ], [ -118.579298882290999, 34.090004736290801 ], [ -118.579265842254998, 34.089988919230002 ], [ -118.579236305647996, 34.089972733912298 ], [ -118.579215260815999, 34.089948086931898 ], [ -118.579221097170006, 34.089934160231699 ], [ -118.579229095770003, 34.0899150749946 ], [ -118.579227488683998, 34.089891504490403 ], [ -118.579227173375003, 34.089886881596797 ], [ -118.579236037051999, 34.089857193597197 ], [ -118.579220718979997, 34.089831318324002 ], [ -118.579206611836, 34.089804399282698 ], [ -118.579196963930002, 34.089777255560101 ], [ -118.579180700829994, 34.089747475272297 ], [ -118.579174649779006, 34.089715419232199 ], [ -118.579163941860003, 34.089687790425799 ], [ -118.579164683868996, 34.089656469385801 ], [ -118.579165539963, 34.089617618811502 ], [ -118.579146904412994, 34.089592799131204 ], [ -118.579137616731003, 34.089576322108996 ], [ -118.579130297258004, 34.089563337189503 ], [ -118.579129026141999, 34.089550828396803 ], [ -118.579127505293997, 34.089535863075398 ], [ -118.579099343110002, 34.0895108067945 ], [ -118.579070675173995, 34.089469370920803 ], [ -118.579064893617002, 34.089461612991002 ], [ -118.579054641145007, 34.089447855831899 ], [ -118.57905196147, 34.089442321572797 ], [ -118.579051603940997, 34.089441581340502 ], [ -118.579036600278997, 34.0894105875484 ], [ -118.579016353151005, 34.089386395703301 ], [ -118.578992056416993, 34.0893620691959 ], [ -118.578971597286994, 34.0893331725783 ], [ -118.578945428463996, 34.089316223839198 ], [ -118.578927601396998, 34.089289277107802 ], [ -118.578902886947006, 34.089261837870502 ], [ -118.578876657937997, 34.0892596692456 ], [ -118.578871692948994, 34.089259258583297 ], [ -118.578868419488003, 34.089258987784099 ], [ -118.578868021534007, 34.089258773525501 ], [ -118.578844408419002, 34.0892460340621 ], [ -118.578840120760006, 34.089243721853698 ], [ -118.578832736608007, 34.089229371727903 ], [ -118.578826827490005, 34.089217888798402 ], [ -118.578811954084003, 34.0892136534681 ], [ -118.578799174650996, 34.089210014788698 ], [ -118.578790478060995, 34.089207538165503 ], [ -118.578760671959998, 34.089192272969797 ], [ -118.578748481820995, 34.0891832435967 ], [ -118.578735691608003, 34.089173770825802 ], [ -118.578727949029002, 34.0891680364251 ], [ -118.578699520943005, 34.089151205197901 ], [ -118.578689295420006, 34.089147117911097 ], [ -118.578665713746005, 34.089137684565799 ], [ -118.578651586839996, 34.089129473537099 ], [ -118.578635216839999, 34.089119957610798 ], [ -118.578601277591005, 34.089105688555101 ], [ -118.578597016881005, 34.089102635363702 ], [ -118.578580173470002, 34.089090561716702 ], [ -118.578573511562993, 34.089085785524603 ], [ -118.578535958391001, 34.089070374491698 ], [ -118.578504203844005, 34.089053029171801 ], [ -118.578501808935997, 34.089050071948698 ], [ -118.578499723047997, 34.089047497862701 ], [ -118.578482211289995, 34.089025879256702 ], [ -118.578464041965006, 34.089029589363697 ], [ -118.578449053574005, 34.089032650741203 ], [ -118.578426165398994, 34.089032274299598 ], [ -118.578409905892002, 34.089032006475598 ], [ -118.578403306867997, 34.089029999283298 ], [ -118.578356704965998, 34.089015820975 ], [ -118.578326255671001, 34.088989850218198 ], [ -118.578297541921998, 34.088970155468203 ], [ -118.578291702871994, 34.0889702484628 ], [ -118.578263184056993, 34.088970703763898 ], [ -118.578257461788994, 34.0889707960145 ], [ -118.578224085783006, 34.088969152615199 ], [ -118.578220534742002, 34.088969173446003 ], [ -118.578195943360996, 34.088969315541704 ], [ -118.578183488220006, 34.088969386961502 ], [ -118.578161942128006, 34.088969439782403 ], [ -118.578140815549006, 34.0889694933472 ], [ -118.578139735774002, 34.0889694955791 ], [ -118.578115453414, 34.088988168133703 ], [ -118.578086814223994, 34.088998913833898 ], [ -118.578084994237003, 34.088999596785499 ], [ -118.578062041383006, 34.089007311608199 ], [ -118.578051266092004, 34.0890109331853 ], [ -118.578048783148006, 34.089011767903699 ], [ -118.578022510121002, 34.0890290953771 ], [ -118.578006156290996, 34.089031818998798 ], [ -118.577984691946, 34.089035392217703 ], [ -118.577955648514006, 34.0890474822396 ], [ -118.577950122079002, 34.089049782549999 ], [ -118.577919331423999, 34.089064263642499 ], [ -118.577897941638994, 34.089087315840402 ], [ -118.577883376355004, 34.089112429531099 ], [ -118.577834380442994, 34.089110568899798 ], [ -118.577797879198002, 34.089118930209096 ], [ -118.577772420943006, 34.089138629388302 ], [ -118.577738168181, 34.0891488066882 ], [ -118.577704150778004, 34.089159354476202 ], [ -118.577686550985007, 34.089159934760701 ], [ -118.577659052654994, 34.089160842385198 ], [ -118.577621116800998, 34.0891529423318 ], [ -118.577578873524999, 34.089147119399001 ], [ -118.577545663706999, 34.089170646217198 ], [ -118.577525188406995, 34.089148655665397 ], [ -118.577510810871004, 34.089121496853402 ], [ -118.577489937617003, 34.089093725013903 ], [ -118.577464551226996, 34.089075286828503 ], [ -118.577424151293002, 34.089069681869297 ], [ -118.577389789834996, 34.089050771266898 ], [ -118.577391198393997, 34.089023116205098 ], [ -118.577414426131995, 34.08900245804 ], [ -118.577419661514, 34.088970991674998 ], [ -118.577420837407999, 34.088963918139299 ], [ -118.577422214525996, 34.088938568570299 ], [ -118.577422462461001, 34.088934007372998 ], [ -118.577387252993006, 34.0889257955806 ], [ -118.577373278801005, 34.088897286415602 ], [ -118.577346608718003, 34.088875455743498 ], [ -118.577330715724003, 34.088846867702003 ], [ -118.577312822181995, 34.088809592458396 ], [ -118.577301503409004, 34.0887760935288 ], [ -118.577283370017, 34.0887449365663 ], [ -118.577265405508001, 34.088721396238498 ], [ -118.577260895066999, 34.088716537446203 ], [ -118.577260631860995, 34.088715787536103 ], [ -118.577256485237001, 34.088711788759397 ], [ -118.577253982531005, 34.088709376102102 ], [ -118.577252971028003, 34.088708003498702 ], [ -118.577240614700997, 34.088694695568002 ], [ -118.577219416256995, 34.088673455546903 ], [ -118.577190584828003, 34.088654969656602 ], [ -118.577154921710999, 34.088636507568999 ], [ -118.577122923721006, 34.088618863088598 ], [ -118.577121657994994, 34.088617396744802 ], [ -118.577102711627006, 34.0885954365516 ], [ -118.577101595021006, 34.088590490708697 ], [ -118.577100620349, 34.088589338315401 ], [ -118.577100774859005, 34.088586849026697 ], [ -118.577096588710006, 34.088568290953503 ], [ -118.577092643309001, 34.0885416393361 ], [ -118.577088944047006, 34.088539470692801 ], [ -118.577047925174, 34.088538127101103 ], [ -118.577018676028999, 34.088519430640503 ], [ -118.577008408284996, 34.088489612712301 ], [ -118.577029471982001, 34.088487784801501 ], [ -118.577035537406999, 34.0884872580775 ], [ -118.577042281058993, 34.088486673324603 ], [ -118.577049545734994, 34.088482354634102 ], [ -118.577054110074997, 34.088477747286703 ], [ -118.577061040576993, 34.088474511058401 ], [ -118.577088623348004, 34.088468318330598 ], [ -118.577101009318994, 34.088463673784403 ], [ -118.577103303616994, 34.088463384383701 ], [ -118.577105100246996, 34.088462139737601 ], [ -118.577125815398006, 34.088454372043998 ], [ -118.57714369816, 34.088443914931403 ], [ -118.577147051571004, 34.088441497058703 ], [ -118.577148912880006, 34.088440866179901 ], [ -118.577153812291996, 34.0884380004427 ], [ -118.577184322671997, 34.088418972897301 ], [ -118.577186180387997, 34.088417512501799 ], [ -118.577209587789, 34.0883991016957 ], [ -118.577233827030994, 34.088367559966301 ], [ -118.577253168656995, 34.0883422771753 ], [ -118.577245111666997, 34.088312539532602 ], [ -118.577215019004001, 34.088294849603002 ], [ -118.577191523566995, 34.088274688226903 ], [ -118.577168522205, 34.088249781109198 ], [ -118.577140846009002, 34.088226513678102 ], [ -118.577115277261001, 34.088204973722497 ], [ -118.577103371888995, 34.088190810899199 ], [ -118.577095721836002, 34.088181712230799 ], [ -118.577091970471002, 34.088177249195901 ], [ -118.577068457967002, 34.088153394013702 ], [ -118.577058775026003, 34.088125078763099 ], [ -118.577028174814004, 34.088104703829103 ], [ -118.577000733977002, 34.088084934476697 ], [ -118.576970452667993, 34.088071780448701 ], [ -118.576949834535, 34.088067841902699 ], [ -118.576933867879006, 34.088064793137697 ], [ -118.576904481290995, 34.088050525391999 ], [ -118.576900420906, 34.088028562075898 ], [ -118.576898105050006, 34.088016043384897 ], [ -118.576913359341006, 34.088000130725 ], [ -118.576920901597006, 34.087992263297799 ], [ -118.576935600729001, 34.0879676417795 ], [ -118.576952110866003, 34.0879427174604 ], [ -118.576960358299004, 34.0879152889461 ], [ -118.576960415791007, 34.087878601025402 ], [ -118.576960917050997, 34.087846455745598 ], [ -118.576960316975999, 34.0878434352433 ], [ -118.576958269716002, 34.087833129080302 ], [ -118.576957546572004, 34.0878294888537 ], [ -118.576954009904995, 34.087811687228204 ], [ -118.576968321864001, 34.087773152737199 ], [ -118.576947664204994, 34.087746538067798 ], [ -118.576945762471993, 34.087704640814898 ], [ -118.576943292105, 34.087696463869797 ], [ -118.576937376698993, 34.087676884133899 ], [ -118.576936399331998, 34.087673125609697 ], [ -118.576929184961998, 34.0876453659424 ], [ -118.576929001704997, 34.087644659916997 ], [ -118.576917601185997, 34.0876078208534 ], [ -118.576917512253004, 34.087607085068797 ], [ -118.576913471631002, 34.087573575991797 ], [ -118.576906357872005, 34.087542411146998 ], [ -118.576900354431004, 34.087530783658799 ], [ -118.576892041421004, 34.087514678963799 ], [ -118.576890992189007, 34.087512647184397 ], [ -118.576885907725, 34.087494960063601 ], [ -118.576881945256005, 34.0874811720821 ], [ -118.576864316717007, 34.087454378024297 ], [ -118.576830310093001, 34.087447776782597 ], [ -118.576803868183006, 34.087452140163997 ], [ -118.576796819102995, 34.087453303732303 ], [ -118.576792899753002, 34.087453949497899 ], [ -118.576759153641007, 34.0874628615082 ], [ -118.576715835979996, 34.0874588068747 ], [ -118.576688405922994, 34.087482148169698 ], [ -118.576646668397998, 34.087481625903301 ], [ -118.576613954449996, 34.087474120741 ], [ -118.576581218943005, 34.087484479025399 ], [ -118.576542421604003, 34.087482250093501 ], [ -118.57651036163, 34.087493138827099 ], [ -118.576470243768, 34.087481629623099 ], [ -118.576434740550994, 34.087477136048697 ], [ -118.576414795256994, 34.087451520437298 ], [ -118.576383892313004, 34.087439678673398 ], [ -118.576410786075996, 34.087411904794102 ], [ -118.576383803379997, 34.087391511089201 ], [ -118.576377452290998, 34.087356072811602 ], [ -118.576346376870006, 34.087346389292598 ], [ -118.576314861274994, 34.087331853596503 ], [ -118.576283736446996, 34.087317387831099 ], [ -118.576279698519997, 34.087312400251299 ], [ -118.576264015731994, 34.087293033946203 ], [ -118.576226073588998, 34.087284978972598 ], [ -118.576193851918006, 34.087276312453902 ], [ -118.576158787078995, 34.087285246058201 ], [ -118.576124618758996, 34.087283441928498 ], [ -118.576112578638998, 34.087293795772503 ], [ -118.576098707753005, 34.087305725345402 ], [ -118.576057208281995, 34.087330762935601 ], [ -118.576021598165994, 34.087351102345401 ], [ -118.575984918155996, 34.087361715826802 ], [ -118.575982204344996, 34.087362499971498 ], [ -118.575940673432996, 34.087375930122597 ], [ -118.575911750375994, 34.0873928286601 ], [ -118.575890102773997, 34.087415333751302 ], [ -118.575866008161995, 34.087437048740597 ], [ -118.575818711861999, 34.087453297036603 ], [ -118.575785761657002, 34.087462351145199 ], [ -118.575749789520003, 34.087463219357502 ], [ -118.575711975836995, 34.087464997444499 ], [ -118.575673909726007, 34.087466346261003 ], [ -118.575639919273002, 34.087491716358002 ], [ -118.575601870230997, 34.0874917133821 ], [ -118.575562210509005, 34.087501073257897 ], [ -118.575516426074003, 34.087498775137298 ], [ -118.575459757651004, 34.087496047746399 ], [ -118.575415809372004, 34.087508497325203 ], [ -118.575376061615998, 34.087493141802902 ], [ -118.575342297538, 34.087484987156401 ], [ -118.575301262495003, 34.087489366903299 ], [ -118.575263031993998, 34.087479917005901 ], [ -118.575226249576005, 34.087473605170203 ], [ -118.575187992124995, 34.0874632208454 ], [ -118.575148578541999, 34.087444566553799 ], [ -118.575133072721002, 34.087417245753798 ], [ -118.575105078522, 34.087400335317703 ], [ -118.575088521672996, 34.087375029174702 ], [ -118.575074742414998, 34.087348677745702 ], [ -118.575047428241007, 34.087320103324203 ], [ -118.575010544313002, 34.0873143107682 ], [ -118.574991362586999, 34.087339258335497 ], [ -118.574961945455996, 34.087362921058698 ], [ -118.574942992800999, 34.087388016661698 ], [ -118.574901607415001, 34.087387172255603 ], [ -118.574860972124, 34.087395302360498 ], [ -118.574821722932001, 34.087391892001797 ], [ -118.574773580419006, 34.087401380595502 ], [ -118.574738413172994, 34.087392856187002 ], [ -118.574706000161001, 34.087387460915998 ], [ -118.574665911943001, 34.087394931119498 ], [ -118.574662327664996, 34.087366904275697 ], [ -118.574631722063003, 34.087386118049999 ], [ -118.574609464505002, 34.087363087707999 ], [ -118.574576636470994, 34.087360051565099 ], [ -118.574537529213998, 34.087345634906598 ], [ -118.574517026964003, 34.087369787160497 ], [ -118.574558516554006, 34.0873768087515 ], [ -118.574533698798007, 34.087395897536503 ], [ -118.574522162633002, 34.087428077209999 ], [ -118.57452127869, 34.087461811767398 ], [ -118.574528343042005, 34.087492603913198 ], [ -118.574529152424006, 34.087496126607199 ], [ -118.574499226846996, 34.087519235029703 ], [ -118.574480232867998, 34.087545778349501 ], [ -118.574443472908996, 34.087555042247402 ], [ -118.574410641282, 34.087569728930802 ], [ -118.574404938775999, 34.087606946690798 ], [ -118.574379795829998, 34.087630215780102 ], [ -118.574350701194007, 34.087646336820498 ], [ -118.574340424468005, 34.087675804637001 ], [ -118.574313824453995, 34.087707670249799 ], [ -118.574281483307004, 34.087698073815197 ], [ -118.574278389509004, 34.087704647510598 ], [ -118.574279151279995, 34.087720424079997 ], [ -118.574271008051994, 34.087741360057798 ], [ -118.574248286065, 34.087750712466303 ], [ -118.574230261368996, 34.0877691048142 ], [ -118.574209816611997, 34.0877770979926 ], [ -118.574183434887999, 34.0877830608853 ], [ -118.574157300202003, 34.087774250831998 ], [ -118.574145158573003, 34.087781869794703 ], [ -118.574138730228, 34.087785905069602 ], [ -118.574136846461002, 34.087787971808801 ], [ -118.574127876782995, 34.087791864985903 ], [ -118.574123001626006, 34.087793986034399 ], [ -118.574120065931993, 34.087795263425001 ], [ -118.574105581495999, 34.087801573748699 ], [ -118.574092154377993, 34.087804104722601 ], [ -118.574072784004997, 34.087807756853799 ], [ -118.574036377083004, 34.087804390405701 ], [ -118.574032517022005, 34.087806655783503 ], [ -118.574009349470998, 34.087820251024702 ], [ -118.574003241826006, 34.087828769438403 ], [ -118.573989406872002, 34.0878480634562 ], [ -118.573982967747995, 34.087875324599899 ], [ -118.573977485330005, 34.087913749681498 ], [ -118.573974023223002, 34.087943015790401 ], [ -118.574016805488, 34.087935759153403 ], [ -118.573997124298998, 34.087966059366003 ], [ -118.573993610089005, 34.087997959835903 ], [ -118.573960171200994, 34.087995238412901 ], [ -118.573953591041999, 34.088026187341299 ], [ -118.573930883428005, 34.088051179336702 ], [ -118.573915572542006, 34.088024700900199 ], [ -118.573888560201993, 34.088045158433602 ], [ -118.573854973091002, 34.088047420829099 ], [ -118.573852543149002, 34.0880778154851 ], [ -118.573827383134002, 34.088084285740102 ], [ -118.573827344506, 34.088084742534001 ], [ -118.573826377919005, 34.088084544639599 ], [ -118.573815788578997, 34.088087266803697 ], [ -118.573783639671007, 34.0880983399624 ], [ -118.573743144516996, 34.088107899153499 ], [ -118.573733012418998, 34.088139616554997 ], [ -118.573714669718996, 34.088143854914897 ], [ -118.573659209530007, 34.088169212905399 ], [ -118.573639468153004, 34.088191755732304 ], [ -118.573619362060001, 34.088187270379102 ], [ -118.573593787023995, 34.088169278374203 ], [ -118.573575969838998, 34.088142086513699 ], [ -118.573579251384999, 34.0881028082093 ], [ -118.573577104411001, 34.088083740414497 ], [ -118.573591432539999, 34.088058828776902 ], [ -118.573562460974003, 34.088041409597302 ], [ -118.573529367936999, 34.088036884061999 ], [ -118.573512799409997, 34.088042880414797 ], [ -118.573487588191, 34.088031531981997 ], [ -118.573477472262994, 34.088027007190099 ], [ -118.573472527936005, 34.088024796127698 ], [ -118.573462130834002, 34.0880201463494 ], [ -118.573460275813005, 34.088019316084903 ], [ -118.573459949725006, 34.088013832322098 ], [ -118.573452148754996, 34.088014185705298 ], [ -118.573457647343005, 34.0880108661352 ], [ -118.573448335406994, 34.087999499098899 ], [ -118.573430719444005, 34.087982098506302 ], [ -118.573408904755993, 34.087977442030002 ], [ -118.573386562755999, 34.087968775582198 ], [ -118.573371830385, 34.087968788229603 ], [ -118.573359906147999, 34.0879687986451 ], [ -118.573359184801006, 34.087968737639997 ], [ -118.573355860136004, 34.087966660489698 ], [ -118.573338657399006, 34.087967013873097 ], [ -118.573333932259999, 34.087966618083698 ], [ -118.573333439085005, 34.087967121748001 ], [ -118.573321772664997, 34.087967361304798 ], [ -118.573281097847001, 34.087969473421403 ], [ -118.573238523092002, 34.087986146419098 ], [ -118.573236553984998, 34.087986097317398 ], [ -118.573197446728003, 34.087985127187203 ], [ -118.573160147779006, 34.087979958863301 ], [ -118.573125282365993, 34.087975423653099 ], [ -118.573119101057998, 34.0879759622837 ], [ -118.573100142114001, 34.087984409261203 ], [ -118.573087831601995, 34.087980158989801 ], [ -118.573063925634997, 34.088000750447598 ], [ -118.573041326717998, 34.088023733002402 ], [ -118.573004873982001, 34.088024686764903 ], [ -118.572970186435001, 34.088020033266801 ], [ -118.572956073003994, 34.088011563974 ], [ -118.572955699304998, 34.088011804274601 ], [ -118.572940974120996, 34.088003441367903 ], [ -118.572907373535998, 34.088014218439703 ], [ -118.572864864357996, 34.088033757179602 ], [ -118.572867913240003, 34.088043186928097 ], [ -118.572865650384003, 34.088045352608297 ], [ -118.572866897246001, 34.088063745636198 ], [ -118.572863959754997, 34.088097277582101 ], [ -118.572838764706006, 34.088120728063799 ], [ -118.572804292754995, 34.088116231547303 ], [ -118.572763268493006, 34.088111552015498 ], [ -118.572724273524997, 34.088132766138898 ], [ -118.572697996903997, 34.0881407391959 ], [ -118.572692237805001, 34.088142486766102 ], [ -118.572665066463003, 34.0881624487915 ], [ -118.572660646751004, 34.088170026057199 ], [ -118.572648779107993, 34.0881903794007 ], [ -118.572621746105995, 34.088200530031898 ], [ -118.572607108059003, 34.088206026430001 ], [ -118.572569340189006, 34.088222990270602 ], [ -118.572537353876996, 34.0882303108638 ], [ -118.572517749943003, 34.088253173578302 ], [ -118.572500441203999, 34.088281133172103 ], [ -118.572497838784003, 34.088297691538202 ], [ -118.572495726845005, 34.088311118565201 ], [ -118.572482381472994, 34.088318724832199 ], [ -118.572464603813998, 34.088328856848896 ], [ -118.572464327133005, 34.088329015312802 ], [ -118.572427426136997, 34.088339506661903 ], [ -118.572406701104995, 34.088363269540302 ], [ -118.572389728336006, 34.088388231677698 ], [ -118.572376930936997, 34.088418201409702 ], [ -118.572366586835997, 34.088449054212496 ], [ -118.572350447703997, 34.088474490227497 ], [ -118.572337834459006, 34.088502971264397 ], [ -118.572333572850994, 34.088532493091797 ], [ -118.572325964121006, 34.0885686480541 ], [ -118.572320330785999, 34.088598567877 ], [ -118.572327152591996, 34.088628218376002 ], [ -118.572325658693998, 34.088661310418601 ], [ -118.572333085964999, 34.088673762801903 ], [ -118.572340973172999, 34.088686988156503 ], [ -118.572365897829002, 34.088708270579801 ], [ -118.572404141804995, 34.088844897703098 ], [ -118.572414993454004, 34.088878305098902 ], [ -118.572432617500994, 34.0889329881526 ], [ -118.572476401388002, 34.0890804550856 ], [ -118.572479551780006, 34.0890910661183 ], [ -118.572504559978995, 34.089086524272098 ], [ -118.572521009029998, 34.089080060045298 ], [ -118.572561340692005, 34.089088544110297 ], [ -118.572595588064004, 34.089089594575 ], [ -118.572640038501007, 34.0891019382778 ], [ -118.572677863861998, 34.089110083097196 ], [ -118.572708401192003, 34.089133910483397 ], [ -118.572741301988998, 34.089141376069001 ], [ -118.572764377911994, 34.089121096605801 ], [ -118.572797617373993, 34.089105482479603 ], [ -118.572830532544998, 34.0891082410647 ], [ -118.572867986901997, 34.089119742607899 ], [ -118.572898234974005, 34.089131234478103 ], [ -118.572915770986995, 34.089156846605398 ], [ -118.572919171110001, 34.089193089087601 ], [ -118.572931374724007, 34.089225689899799 ], [ -118.572965688571003, 34.089237785102299 ], [ -118.573009975513997, 34.089237619944498 ], [ -118.573042800853003, 34.089243644482501 ], [ -118.573078106439993, 34.089234964773198 ], [ -118.573120352412005, 34.089232909228699 ], [ -118.573152813933007, 34.0892265372634 ], [ -118.573184176813996, 34.089214316331201 ], [ -118.573204321534007, 34.089183405778797 ], [ -118.573235060087001, 34.089199189512101 ], [ -118.573269738649998, 34.089223398521703 ], [ -118.57325114532, 34.089250953084203 ], [ -118.573223988351003, 34.089232836321202 ], [ -118.573185582677993, 34.089257469374701 ], [ -118.573156767417998, 34.089282512339402 ], [ -118.573182861681005, 34.089307091813801 ], [ -118.573225331331997, 34.0893167684129 ], [ -118.573260505766001, 34.089318752535902 ], [ -118.573236753410995, 34.089343230822301 ], [ -118.573213737675005, 34.089369195518898 ], [ -118.573188469862998, 34.0894005598145 ], [ -118.573157293831002, 34.089411169319199 ], [ -118.573128447130998, 34.089425446506901 ], [ -118.573105417022006, 34.089445165701399 ], [ -118.573071126531005, 34.089455761065402 ], [ -118.573039816649995, 34.089475187879799 ], [ -118.573023808670996, 34.089501223955402 ], [ -118.573015550459004, 34.0895346504348 ], [ -118.573047608636998, 34.089547609320398 ], [ -118.573029230901994, 34.089572661126702 ], [ -118.573057968906994, 34.089590634978499 ], [ -118.573097166894001, 34.089597056761001 ], [ -118.573133215387998, 34.089596721239303 ], [ -118.573167427726005, 34.089597771697598 ], [ -118.573198964880007, 34.089606789123302 ], [ -118.573209353896999, 34.089634554843002 ], [ -118.573171100039005, 34.089639838378297 ], [ -118.573141316394995, 34.089655061088102 ], [ -118.573114935570004, 34.089675335215802 ], [ -118.573083586164003, 34.089691757910401 ], [ -118.573051949296001, 34.089703491486702 ], [ -118.573018850869005, 34.089722916012398 ], [ -118.573005767805995, 34.089750050081101 ], [ -118.572974828929006, 34.0897289263809 ], [ -118.572964771391, 34.089736585340901 ], [ -118.572932234410999, 34.089761362574002 ], [ -118.572912914344002, 34.0897760756568 ], [ -118.572876246012996, 34.0897880867143 ], [ -118.572844720535997, 34.089803139777203 ], [ -118.572810610606993, 34.0898052585435 ], [ -118.572774017734005, 34.089820545203303 ], [ -118.572742945906001, 34.089832801757602 ], [ -118.572703761393996, 34.089843882127496 ], [ -118.572677822540001, 34.089863255288499 ], [ -118.572662832353004, 34.089891449438198 ], [ -118.572656180327996, 34.089857368425101 ], [ -118.572664409794001, 34.089828516613402 ], [ -118.572676658323005, 34.089800366335702 ], [ -118.572683437009999, 34.089773126642399 ], [ -118.572686784132998, 34.089732828396002 ], [ -118.572686699691005, 34.089703941576303 ], [ -118.572674415229997, 34.089677337929203 ], [ -118.572665609943002, 34.089642528502502 ], [ -118.572652675102006, 34.089612471417801 ], [ -118.572632145902006, 34.089583099501098 ], [ -118.572605568346006, 34.0895546448658 ], [ -118.572589605283994, 34.089527489159998 ], [ -118.572569535124003, 34.089504023444903 ], [ -118.572543248621997, 34.089477064870003 ], [ -118.572516000923002, 34.089454195046599 ], [ -118.572491695205997, 34.089432106366701 ], [ -118.572456813624001, 34.089426549043999 ], [ -118.572438087343002, 34.0894019621647 ], [ -118.572410144347998, 34.089379726912497 ], [ -118.572378165222005, 34.0893663223736 ], [ -118.572362317143998, 34.089339121226303 ], [ -118.572333719276997, 34.089318053219998 ], [ -118.572302197393995, 34.089297341562201 ], [ -118.572283589690997, 34.089274215770097 ], [ -118.572248477241004, 34.089285091625896 ], [ -118.572215159625998, 34.089288908850797 ], [ -118.572178361937006, 34.089287484180097 ], [ -118.572160523191997, 34.0892528077609 ], [ -118.572144814352001, 34.089283108990003 ], [ -118.572110915527006, 34.089285631736097 ], [ -118.572074276839999, 34.089281870307502 ], [ -118.572042754956001, 34.089268027564501 ], [ -118.572006586986006, 34.0892637118897 ], [ -118.572040961919001, 34.089248145402799 ], [ -118.572053716198994, 34.089217875407201 ], [ -118.572021657123997, 34.089204487953602 ], [ -118.572001349808005, 34.089179016448099 ], [ -118.572007709879998, 34.0891473388657 ], [ -118.571988696139002, 34.089122129959101 ], [ -118.571956605622006, 34.089111300207499 ], [ -118.571924427070002, 34.089102874917202 ], [ -118.571907121924994, 34.089129546444703 ], [ -118.571859221059, 34.089122295861003 ], [ -118.571823957692004, 34.0891345398691 ], [ -118.571790023833003, 34.089119563314803 ], [ -118.571789945679001, 34.089148642274203 ], [ -118.571785660714994, 34.089177944409897 ], [ -118.571752863224006, 34.089167620554498 ], [ -118.571722691508995, 34.089148722621303 ], [ -118.571691342102, 34.089135665472597 ], [ -118.571650744538999, 34.089150085546102 ], [ -118.571603144609, 34.089163627006897 ], [ -118.571531999835003, 34.089172427244101 ], [ -118.571497109269998, 34.089222284078602 ], [ -118.571464671105005, 34.089236198992701 ], [ -118.571419912546006, 34.089232819210203 ], [ -118.571382798650006, 34.0892328638474 ], [ -118.571347696082, 34.089215902441097 ], [ -118.571322412998001, 34.089201431046 ], [ -118.571308657095997, 34.089155444250999 ], [ -118.571266520719007, 34.0891407124615 ], [ -118.571224758042007, 34.089115304916902 ], [ -118.571159546640004, 34.089124831259099 ], [ -118.571164205303006, 34.089095859421001 ], [ -118.571149577137007, 34.089068672321901 ], [ -118.571112053609994, 34.089057316587002 ], [ -118.571079063878997, 34.089053639215301 ], [ -118.571033599244004, 34.089071668973901 ], [ -118.571046605950997, 34.0890773587439 ], [ -118.570974568251998, 34.089064431032497 ], [ -118.570951456396003, 34.0890876156543 ], [ -118.570951009034999, 34.089117751784599 ], [ -118.570923244805002, 34.089086304061297 ], [ -118.570756999883002, 34.088898000614201 ], [ -118.570352999652002, 34.088595999728902 ], [ -118.570086380573997, 34.088623103656403 ], [ -118.570027805028005, 34.088629058305898 ], [ -118.569780355998006, 34.088688836149799 ], [ -118.569747263859995, 34.088666625260899 ], [ -118.569711442639004, 34.088660775512203 ], [ -118.569705957525997, 34.088633579345803 ], [ -118.569668168096996, 34.088623473404098 ], [ -118.569640749718005, 34.088603513719299 ], [ -118.569605593250998, 34.088609460930698 ], [ -118.569590652471007, 34.088638717871497 ], [ -118.569563998559005, 34.088615477329903 ], [ -118.569539455687007, 34.088595244609998 ], [ -118.569508179942005, 34.088611397456901 ], [ -118.569501544087004, 34.0885706708806 ], [ -118.569506311446005, 34.088537289402097 ], [ -118.569552744465, 34.088541664630696 ], [ -118.569601696359001, 34.088528963001401 ], [ -118.569571566864994, 34.088515657274499 ], [ -118.569567687041001, 34.088487136811999 ], [ -118.569549046101002, 34.088460505999898 ], [ -118.569552262968003, 34.088428857906997 ], [ -118.569550015383001, 34.088397624932703 ], [ -118.569559199758004, 34.088372349590301 ], [ -118.569559643526006, 34.088371128005498 ] ] ], [ [ [ -118.566280000424996, 34.078862000360502 ], [ -118.565382999375998, 34.079519000714399 ], [ -118.565115000486003, 34.079655999803997 ], [ -118.565030999922001, 34.079698999983002 ], [ -118.564825999882004, 34.079803999999697 ], [ -118.564830000079994, 34.079815999823303 ], [ -118.564757000285994, 34.079845000133901 ], [ -118.564683000665994, 34.079895000107399 ], [ -118.564448999416001, 34.079910999854498 ], [ -118.563701999950993, 34.080075000064902 ], [ -118.563074000312, 34.079892000154402 ], [ -118.562241999560996, 34.079521999936503 ], [ -118.559999000619996, 34.078591999389801 ], [ -118.560243999944007, 34.078544999391902 ], [ -118.560720000144997, 34.078730999975001 ], [ -118.561249999873993, 34.078992999799397 ], [ -118.561300000103003, 34.078992999799397 ], [ -118.561520000211004, 34.078886000272902 ], [ -118.561666000699006, 34.079025999626097 ], [ -118.561777000128998, 34.079003999743001 ], [ -118.561992000214005, 34.0788150005124 ], [ -118.562142999827003, 34.078812000521303 ], [ -118.562341999119994, 34.078821999747497 ], [ -118.562365000482998, 34.078591000134097 ], [ -118.562311000055999, 34.078420000014503 ], [ -118.562107000739999, 34.078223000192899 ], [ -118.562254999979999, 34.078153999886403 ], [ -118.562891000014005, 34.078365999905003 ], [ -118.563174999696997, 34.078699000031698 ], [ -118.563055000046006, 34.079242000406303 ], [ -118.563066999740997, 34.079252000325802 ], [ -118.563039999976993, 34.079308999844002 ], [ -118.563042999451994, 34.079455999912703 ], [ -118.563058999345998, 34.079616000309898 ], [ -118.563177000245005, 34.07971699974 ], [ -118.563308000663994, 34.079638000033903 ], [ -118.563406000574005, 34.079488999558997 ], [ -118.563482000741999, 34.079285000051499 ], [ -118.563474999272003, 34.079132000470501 ], [ -118.563471000871004, 34.079041000287098 ], [ -118.563472999621993, 34.078621000119497 ], [ -118.563474000346005, 34.078476999348702 ], [ -118.563727000065995, 34.078484999356597 ], [ -118.563863000507993, 34.078801999805798 ], [ -118.564009000097997, 34.078946000023997 ], [ -118.564103999634, 34.078899000222599 ], [ -118.563994999854003, 34.078678000062403 ], [ -118.563958000043996, 34.078454000065797 ], [ -118.563768000072997, 34.078144999842202 ], [ -118.563393000155003, 34.077916999893503 ], [ -118.562962999983995, 34.0779610002186 ], [ -118.562850999830999, 34.078059000116397 ], [ -118.562351000239005, 34.077906999816399 ], [ -118.561446999517997, 34.077790000315197 ], [ -118.561796999321999, 34.077429999977298 ], [ -118.561213000064001, 34.076718999372197 ], [ -118.560688999283997, 34.076334999806299 ], [ -118.560568999634, 34.0760790001206 ], [ -118.560760000328003, 34.075522999835599 ], [ -118.560578001650995, 34.075219001765902 ], [ -118.560018998016005, 34.074774998688902 ], [ -118.559488000258, 34.074500999379403 ], [ -118.559494000106, 34.074065999714101 ], [ -118.559400000395001, 34.073664000474999 ], [ -118.559099999921003, 34.072990999786498 ], [ -118.558688000192006, 34.0723889997019 ], [ -118.557832999875004, 34.072177000349498 ], [ -118.557147999435998, 34.071547999689002 ], [ -118.557043999678996, 34.070987000469103 ], [ -118.557872000233004, 34.0706100001319 ], [ -118.557955000072994, 34.070273999907599 ], [ -118.558113000256995, 34.070234999801897 ], [ -118.558202999770003, 34.070010999801198 ], [ -118.558246000325994, 34.0691009997538 ], [ -118.558245000501998, 34.068569999781602 ], [ -118.558996999989006, 34.068519000445697 ], [ -118.559426000334, 34.068670999732703 ], [ -118.559695999772998, 34.068548000159403 ], [ -118.560254999814006, 34.068796000102303 ], [ -118.560920999985996, 34.069752000038598 ], [ -118.561946000182999, 34.070598999842197 ], [ -118.562697999671002, 34.071294999931702 ], [ -118.563296000069997, 34.072196000292003 ], [ -118.563505000307998, 34.0726450001223 ], [ -118.564478999553003, 34.073730999860601 ], [ -118.564629000238995, 34.074543999943401 ], [ -118.566011999737995, 34.075727000219501 ], [ -118.565615999903002, 34.076393999850801 ], [ -118.565768000239004, 34.076952000409001 ], [ -118.566198000409003, 34.0780440000255 ], [ -118.566280000424996, 34.078862000360502 ] ] ], [ [ [ -118.542646000833003, 34.064569000251602 ], [ -118.542418999256, 34.064494999899601 ], [ -118.542257000670006, 34.064236999816401 ], [ -118.542132000099002, 34.064122999806301 ], [ -118.542034000189005, 34.063843999408803 ], [ -118.541834999998002, 34.063705999872901 ], [ -118.541499999364007, 34.063553998376797 ], [ -118.541378000063006, 34.063335000216597 ], [ -118.541122999794993, 34.063133999561998 ], [ -118.541046000701002, 34.0628660001802 ], [ -118.541075000115001, 34.062667999720297 ], [ -118.541196999415007, 34.062530999947001 ], [ -118.541327999833996, 34.062493999633404 ], [ -118.541401999453996, 34.062307999863997 ], [ -118.541285000176998, 34.062099000428297 ], [ -118.541368000915995, 34.061908999749697 ], [ -118.541511999958004, 34.061804999331002 ], [ -118.541468000475007, 34.061614000025898 ], [ -118.541479000346001, 34.061379000305699 ], [ -118.541503000635004, 34.0611059995529 ], [ -118.541436999614007, 34.060906999982002 ], [ -118.541223999178996, 34.060799999937203 ], [ -118.541014000014997, 34.060684000090902 ], [ -118.540803000127994, 34.060596000075897 ], [ -118.540573999798994, 34.060444000443603 ], [ -118.540443000278003, 34.060328000109898 ], [ -118.540338999621994, 34.0601799993767 ], [ -118.540110000192001, 34.0600380004417 ], [ -118.540048000268001, 34.059918000160501 ], [ -118.539952000008, 34.059802000595297 ], [ -118.539869000167002, 34.059696999601002 ], [ -118.539814999740997, 34.059574999877 ], [ -118.539708999436002, 34.059461000293503 ], [ -118.539644999862006, 34.059296999618198 ], [ -118.539365000377003, 34.058982000321798 ], [ -118.539009000725002, 34.058821000163199 ], [ -118.538824999704005, 34.058483000346797 ], [ -118.538492000516001, 34.058419999529498 ], [ -118.538099000155995, 34.058426000211902 ], [ -118.537882000421007, 34.058245999651703 ], [ -118.538048999927, 34.058172999973003 ], [ -118.538259999814002, 34.058174000213697 ], [ -118.538524000302999, 34.058168999754301 ], [ -118.538782999871003, 34.058217000133503 ], [ -118.538984000610995, 34.0581619995572 ], [ -118.538906999719998, 34.057931999669698 ], [ -118.538849999817998, 34.057779000224002 ], [ -118.538575000357, 34.057603999527203 ], [ -118.538229999677, 34.057520999788998 ], [ -118.537873000199994, 34.057539000537197 ], [ -118.537496000630995, 34.0576489994857 ], [ -118.537263000105, 34.057686000426003 ], [ -118.537099999898004, 34.057917999979999 ], [ -118.536703000238006, 34.0578440005185 ], [ -118.536390000243998, 34.057582999538297 ], [ -118.536360999931006, 34.0573029996862 ], [ -118.536479000829999, 34.057163000157601 ], [ -118.536656000381996, 34.056990000186701 ], [ -118.536684999795995, 34.056825999939903 ], [ -118.536444999596995, 34.056523000536998 ], [ -118.536355000083006, 34.056320999837297 ], [ -118.536110999686002, 34.0561739998139 ], [ -118.535822000878994, 34.056071999587097 ], [ -118.535491000443002, 34.056014000541602 ], [ -118.535307999246996, 34.055843000250597 ], [ -118.535275000533005, 34.055493999704602 ], [ -118.535543999248006, 34.055448000561903 ], [ -118.535881999357002, 34.055471999664697 ], [ -118.536086000469993, 34.0556520001618 ], [ -118.536376, 34.055815000178796 ], [ -118.536553999377006, 34.055924999876098 ], [ -118.536834999584002, 34.055960999813699 ], [ -118.537231000318002, 34.056071999587097 ], [ -118.537284999845994, 34.056246999725701 ], [ -118.537371000060006, 34.056494999945599 ], [ -118.537509000151999, 34.056955000196901 ], [ -118.538030999485002, 34.0569970004806 ], [ -118.538495999816007, 34.0569800013606 ], [ -118.538615999466003, 34.056428000326903 ], [ -118.538561999937997, 34.056031000599603 ], [ -118.538602999945994, 34.0557410003697 ], [ -118.538543000570002, 34.055457999568702 ], [ -118.538522999579996, 34.055230000337403 ], [ -118.538377999814998, 34.055066999939797 ], [ -118.538136999791007, 34.055009999740498 ], [ -118.538109000201999, 34.054860999860999 ], [ -118.538126999745003, 34.0546950001414 ], [ -118.538240999547995, 34.054537000133301 ], [ -118.53851000006, 34.054488000363001 ], [ -118.538740000212997, 34.054475000388798 ], [ -118.538833999925004, 34.054480000321902 ], [ -118.539005999454005, 34.054563999599701 ], [ -118.538988000808999, 34.054607999400901 ], [ -118.538947000801002, 34.054969000239304 ], [ -118.538995999408002, 34.0551930005578 ], [ -118.539100999888007, 34.055617000363803 ], [ -118.539156000139997, 34.0559409996848 ], [ -118.539136999872994, 34.056224000361802 ], [ -118.539106999736006, 34.056519000240499 ], [ -118.539046000534995, 34.056903000313099 ], [ -118.539033999940997, 34.0572149998819 ], [ -118.539129000375993, 34.0574990002752 ], [ -118.539408000034996, 34.057686999928201 ], [ -118.539722999679, 34.057646000233497 ], [ -118.539717999656006, 34.057757000033 ], [ -118.539650999708996, 34.057874000408503 ], [ -118.539617999198995, 34.0580159999922 ], [ -118.539634999816002, 34.058164000038801 ], [ -118.539775999382996, 34.058317999772797 ], [ -118.539867999443999, 34.058408999889998 ], [ -118.539976000297997, 34.058488000043397 ], [ -118.540085000077994, 34.058576999506201 ], [ -118.540012000282999, 34.058751000192999 ], [ -118.540039000047003, 34.058927000242001 ], [ -118.540182000162005, 34.059078000132203 ], [ -118.540306999834996, 34.059186000347097 ], [ -118.540382000177999, 34.059330999902301 ], [ -118.540419999812997, 34.059548000518298 ], [ -118.540526000119002, 34.059709000040101 ], [ -118.540553000781003, 34.059810000134199 ], [ -118.540647000492001, 34.059899000441398 ], [ -118.540648000317006, 34.060045000483903 ], [ -118.540716999913997, 34.060187999624098 ], [ -118.540805999602995, 34.060291000322998 ], [ -118.54105, 34.0604350000064 ], [ -118.541240999796003, 34.0605919999715 ], [ -118.541547999943006, 34.060709000154603 ], [ -118.541751000331999, 34.060849999988903 ], [ -118.541849000241001, 34.060925999475003 ], [ -118.542134000646996, 34.060840999594802 ], [ -118.542351000381998, 34.060844999687397 ], [ -118.542582000359999, 34.060907999446201 ], [ -118.542834000254999, 34.0609790000752 ], [ -118.542993000264005, 34.061056000396498 ], [ -118.543127999983, 34.0610580000656 ], [ -118.543030999899003, 34.0608970001296 ], [ -118.542861999845002, 34.060756999839498 ], [ -118.542555000595996, 34.060624000056698 ], [ -118.542249000273998, 34.060499000283201 ], [ -118.541938999755004, 34.060267000351999 ], [ -118.541857999564002, 34.060013000180099 ], [ -118.541747999959, 34.059743000159003 ], [ -118.541694000430994, 34.0596060001224 ], [ -118.541624000111, 34.059508999941002 ], [ -118.541554000689004, 34.059424000127997 ], [ -118.541450000032995, 34.059361000010298 ], [ -118.541216000579993, 34.059226999296897 ], [ -118.541220999703995, 34.0591709998913 ], [ -118.541165999453, 34.059047999924097 ], [ -118.540989000799001, 34.058945000691502 ], [ -118.540731000158004, 34.058836999425303 ], [ -118.540587000217997, 34.0587719998925 ], [ -118.540584000742996, 34.058637999736398 ], [ -118.540648000317006, 34.058486999806398 ], [ -118.540661999663001, 34.058348000239299 ], [ -118.540600999562997, 34.058217999629498 ], [ -118.540484000286, 34.058064000458103 ], [ -118.540401000445002, 34.057920999966903 ], [ -118.540320000253999, 34.057751999548998 ], [ -118.540270000923996, 34.057561999544298 ], [ -118.540220999621994, 34.057385999637901 ], [ -118.540141000153994, 34.057285000376403 ], [ -118.540213999949003, 34.057164000410197 ], [ -118.540259999979995, 34.057054999597597 ], [ -118.540239000062996, 34.056932000280902 ], [ -118.540169000641001, 34.056743999697503 ], [ -118.540220999621994, 34.056626999994897 ], [ -118.540253000307004, 34.056474000426299 ], [ -118.540207000275998, 34.056334000272599 ], [ -118.540089000275998, 34.056193999887803 ], [ -118.539886999711001, 34.056103000369397 ], [ -118.539662000478003, 34.055927999933502 ], [ -118.539708999436002, 34.055699999733598 ], [ -118.539932000815, 34.055456999295899 ], [ -118.540121000062996, 34.0552039998704 ], [ -118.540285000094002, 34.0548279995526 ], [ -118.540347000018002, 34.054431000518697 ], [ -118.540436999532005, 34.054265999499499 ], [ -118.540557000080994, 34.054074000033999 ], [ -118.540623000202999, 34.053869999613703 ], [ -118.540393000048994, 34.053605000104 ], [ -118.540234000040002, 34.053488000534301 ], [ -118.539946999985006, 34.0534340001633 ], [ -118.539717999656006, 34.053410999291799 ], [ -118.539435999624004, 34.0534199997307 ], [ -118.539217000239006, 34.053208000552402 ], [ -118.538936999857, 34.053343999468296 ], [ -118.538807999984996, 34.053407000337003 ], [ -118.538620999488998, 34.053464999677601 ], [ -118.538394999534006, 34.053470000414499 ], [ -118.538402000104995, 34.053241000002899 ], [ -118.538038999880996, 34.053093999848301 ], [ -118.537951000017998, 34.0528680000753 ], [ -118.537737000655994, 34.053148999991699 ], [ -118.537699000122998, 34.053062000641603 ], [ -118.537782999788007, 34.0529570002291 ], [ -118.537792999833997, 34.052906999986902 ], [ -118.537634000723997, 34.052810999885899 ], [ -118.537560000206, 34.052757999388199 ], [ -118.537446999329006, 34.052795999790497 ], [ -118.537327999504001, 34.052894000514499 ], [ -118.537314000158005, 34.052952999764202 ], [ -118.537221000271998, 34.052952000206197 ], [ -118.537056000415006, 34.052920999759998 ], [ -118.537144000279, 34.0526929996593 ], [ -118.537124000188001, 34.052583999796099 ], [ -118.537017000057006, 34.052620000408297 ], [ -118.536899999881996, 34.052729000225298 ], [ -118.536803000695002, 34.052641999699802 ], [ -118.536715999758002, 34.052575999575303 ], [ -118.536593999559997, 34.0524219998292 ], [ -118.536535000008996, 34.0524230001378 ], [ -118.536494000000999, 34.052289999930501 ], [ -118.536412999809997, 34.052178999670502 ], [ -118.536334000167003, 34.052131000337901 ], [ -118.536200999198996, 34.052144000671497 ], [ -118.536144000196003, 34.0519909997101 ], [ -118.536054999610002, 34.051843000049701 ], [ -118.535888999928005, 34.051886999774602 ], [ -118.535767999553997, 34.051833999443502 ], [ -118.535638999683002, 34.051836999645602 ], [ -118.535504999788998, 34.051952999691103 ], [ -118.535215000259001, 34.051896999945697 ], [ -118.535108999952996, 34.051797000414403 ], [ -118.535218999557998, 34.051794999782501 ], [ -118.535506999437999, 34.051775000159303 ], [ -118.535391999810997, 34.051753000642798 ], [ -118.535228999604001, 34.051742000138098 ], [ -118.535154999984002, 34.051611000243099 ], [ -118.535291000426994, 34.051301000043203 ], [ -118.535126999496995, 34.0510989995527 ], [ -118.534836000141993, 34.051113999948299 ], [ -118.534441999956996, 34.051371999788103 ], [ -118.533936000517002, 34.0515209998457 ], [ -118.533187000504, 34.051508000160801 ], [ -118.532714999603002, 34.051508000160801 ], [ -118.532444000338998, 34.0513029999425 ], [ -118.531767999224002, 34.050838000133297 ], [ -118.531907999864004, 34.050457999964102 ], [ -118.531974999810998, 34.050154999384397 ], [ -118.532127999972005, 34.049752999840003 ], [ -118.532422999524996, 34.049210999869899 ], [ -118.532556999419, 34.049024000375397 ], [ -118.532763000182001, 34.048902000176398 ], [ -118.532986999588999, 34.048697000355801 ], [ -118.533263999599001, 34.048495999970498 ], [ -118.533262999773996, 34.048308999643403 ], [ -118.533225999964003, 34.048105999852403 ], [ -118.532969000045995, 34.048030000036498 ], [ -118.532902999924005, 34.0477680004823 ], [ -118.532954999802001, 34.047541000287701 ], [ -118.533169000062998, 34.047399000276798 ], [ -118.533220000116003, 34.0471260006465 ], [ -118.533169000062998, 34.046871999803102 ], [ -118.533359000033002, 34.046775999567501 ], [ -118.533337000291993, 34.046421999992397 ], [ -118.533430999104993, 34.046040999744797 ], [ -118.533476000209006, 34.045911999999802 ], [ -118.533488999729997, 34.045746000621897 ], [ -118.533545999631002, 34.045334999719202 ], [ -118.533358000207997, 34.045218999551302 ], [ -118.533468000712006, 34.044850999816497 ], [ -118.533622000696994, 34.044807999816101 ], [ -118.533635999143996, 34.044639999709403 ], [ -118.533755999693, 34.0445040002299 ], [ -118.533923000098, 34.044222000285799 ], [ -118.534024000380001, 34.043926000381099 ], [ -118.534158000274999, 34.043769000067599 ], [ -118.534127999239004, 34.043185000147702 ], [ -118.534197999558998, 34.042929000057001 ], [ -118.534410000169999, 34.042812999575503 ], [ -118.534750000827003, 34.042568000058203 ], [ -118.534994000325995, 34.042474999949803 ], [ -118.535247999871004, 34.0422730000192 ], [ -118.535293999901, 34.0421539995844 ], [ -118.534950999770004, 34.041895999982302 ], [ -118.534872999952, 34.041747999821702 ], [ -118.534990999952996, 34.041504999591297 ], [ -118.535191999793994, 34.041183000324096 ], [ -118.535158000357001, 34.040943999506503 ], [ -118.535382999589999, 34.040917999869002 ], [ -118.535609000443998, 34.040933000576999 ], [ -118.535755999859006, 34.040917999869002 ], [ -118.535853999767994, 34.041002000673203 ], [ -118.535970000118994, 34.041009000053997 ], [ -118.535983000537996, 34.041001999928802 ], [ -118.536124999929996, 34.040879999353898 ], [ -118.536151999693999, 34.040796000662098 ], [ -118.536357999558007, 34.040817000342898 ], [ -118.536730000901002, 34.040612000330398 ], [ -118.537021000254995, 34.040669000532503 ], [ -118.537475999641998, 34.040477000051702 ], [ -118.537650999543999, 34.040810999902902 ], [ -118.537648000068998, 34.041078000088298 ], [ -118.537676999482997, 34.041513999805197 ], [ -118.537494999908006, 34.041956999560902 ], [ -118.537365000212006, 34.0422379999087 ], [ -118.537161999822004, 34.042273999703198 ], [ -118.536937999515999, 34.042581000369303 ], [ -118.536776999858006, 34.042926000283998 ], [ -118.536661000405005, 34.043317999750201 ], [ -118.537048000019993, 34.043558000245802 ], [ -118.537042999996999, 34.043744999885 ], [ -118.537054999692003, 34.044136000369697 ], [ -118.536730000001995, 34.044364000406603 ], [ -118.536550999902005, 34.044525999394203 ], [ -118.536527000511001, 34.044632000227701 ], [ -118.536381999848004, 34.0446600002712 ], [ -118.536171000858999, 34.044771000698397 ], [ -118.535970000118994, 34.044850999816497 ], [ -118.535965000095999, 34.045122999677403 ], [ -118.536295999634007, 34.045377000549401 ], [ -118.536343000388001, 34.045393999763 ], [ -118.536349000236001, 34.045458000230802 ], [ -118.536346999688007, 34.045724999928701 ], [ -118.536278999914998, 34.046114999833101 ], [ -118.536374000349994, 34.046372999997899 ], [ -118.536482999232007, 34.046766000281004 ], [ -118.536319000098004, 34.047020999581299 ], [ -118.536092000318007, 34.047181000195501 ], [ -118.535830999303997, 34.047435000113303 ], [ -118.535795000217007, 34.047679000091499 ], [ -118.535873999860002, 34.047843999788597 ], [ -118.536165999938007, 34.048024000106899 ], [ -118.536278000091002, 34.048198999740002 ], [ -118.536453999817994, 34.048359999976498 ], [ -118.536882000337997, 34.048501000256202 ], [ -118.536986999920003, 34.048731000425597 ], [ -118.536584999338999, 34.048872999694503 ], [ -118.536577999665994, 34.049266000299497 ], [ -118.536623999696999, 34.049304999635197 ], [ -118.536294000881995, 34.049356999714 ], [ -118.535875999509003, 34.049264000352203 ], [ -118.535560999864998, 34.049380000196599 ], [ -118.535210999162004, 34.049643000321304 ], [ -118.535167999505006, 34.049937000434603 ], [ -118.535323000214007, 34.050299999502101 ], [ -118.535362999498005, 34.050634999698502 ], [ -118.535208999513003, 34.050775000332699 ], [ -118.535327000411996, 34.050948999916102 ], [ -118.535522000404995, 34.050952999731201 ], [ -118.535767999553997, 34.050689000363903 ], [ -118.535835999325997, 34.0502699999087 ], [ -118.536194999352006, 34.049956999747003 ], [ -118.536490999628001, 34.049815999655699 ], [ -118.536956999783001, 34.049990000462998 ], [ -118.537011000210001, 34.050345999949698 ], [ -118.536882999265003, 34.050603000307902 ], [ -118.536784999355007, 34.050856999650399 ], [ -118.536607999802996, 34.051122999886701 ], [ -118.536488000153, 34.051432000417201 ], [ -118.536847000178, 34.0515760002653 ], [ -118.536833999758997, 34.051301000043203 ], [ -118.537119999989997, 34.050965999501202 ], [ -118.537571999901004, 34.050911000174402 ], [ -118.538050000650003, 34.051197999584197 ], [ -118.538164000452994, 34.0515469999538 ], [ -118.538122999546999, 34.051807999423303 ], [ -118.537930000100999, 34.051962000284803 ], [ -118.537891999568004, 34.052237000595603 ], [ -118.537904000162001, 34.052453000457902 ], [ -118.537955000216002, 34.052666999902698 ], [ -118.538155000231995, 34.052763000166799 ], [ -118.538316999716002, 34.052836999598398 ], [ -118.538628000060001, 34.052925000226303 ], [ -118.539096999690003, 34.052721000018103 ], [ -118.539621000470007, 34.052743999588202 ], [ -118.540002000236996, 34.0527460001977 ], [ -118.540114000390005, 34.052636000096598 ], [ -118.540247000459004, 34.052731998907198 ], [ -118.540519000445997, 34.052959000089302 ], [ -118.540940999322004, 34.053122999630702 ], [ -118.541017000387995, 34.052785999725501 ], [ -118.540480999913001, 34.052460999946 ], [ -118.540448999226996, 34.052435000118201 ], [ -118.540383000003004, 34.052238999728601 ], [ -118.540617999282006, 34.052045999824799 ], [ -118.540649999967002, 34.052038999866298 ], [ -118.540690999974998, 34.052011000026603 ], [ -118.540721999937006, 34.052017000418303 ], [ -118.541026000608994, 34.0521670003981 ], [ -118.541209000009005, 34.051855999683198 ], [ -118.541568999858995, 34.051931000220897 ], [ -118.541728999691998, 34.051995000220302 ], [ -118.541754999632005, 34.052418000083399 ], [ -118.542050999908, 34.052308000300897 ], [ -118.542253000472002, 34.052521000548701 ], [ -118.542407999385006, 34.052751000232803 ], [ -118.542674000421997, 34.052993000682797 ], [ -118.542732000148007, 34.053281000041402 ], [ -118.542749999692006, 34.053542000126797 ], [ -118.542300000327998, 34.054163000410199 ], [ -118.542115999307001, 34.054812000277998 ], [ -118.541780999571003, 34.055012999830303 ], [ -118.541507000832993, 34.0549889998533 ], [ -118.541281999803999, 34.054854000135002 ], [ -118.541081999786996, 34.054798000072999 ], [ -118.540895000188996, 34.054926999695098 ], [ -118.540758000820006, 34.055034999989303 ], [ -118.540721000112001, 34.055238999838899 ], [ -118.540474000239996, 34.055392000148103 ], [ -118.540462999471004, 34.055551999850103 ], [ -118.540797000279994, 34.055733999972098 ], [ -118.541116999946993, 34.055835999861401 ], [ -118.541224999901999, 34.055929000200699 ], [ -118.541360999445999, 34.0560000005351 ], [ -118.541457000603998, 34.056176000342397 ], [ -118.541486999843002, 34.056218999787397 ], [ -118.541198999963001, 34.056679000048 ], [ -118.540983000053004, 34.056921000448298 ], [ -118.541247999468993, 34.057090000290302 ], [ -118.541945999427, 34.057728000347403 ], [ -118.542792000423006, 34.057950000330599 ], [ -118.542977000370996, 34.058181000409803 ], [ -118.542799000095002, 34.058717999910598 ], [ -118.542663000551002, 34.0593220000911 ], [ -118.542777999281, 34.0595779998052 ], [ -118.543309999558005, 34.059571999948702 ], [ -118.543624000275997, 34.060065999862701 ], [ -118.544433999489996, 34.060038999916202 ], [ -118.545018000544005, 34.060127999983003 ], [ -118.545371999647998, 34.060328000109898 ], [ -118.545883999834004, 34.060911000071499 ], [ -118.546241000208994, 34.0608430000132 ], [ -118.546283000041996, 34.0604630000404 ], [ -118.546314999828994, 34.060605999963798 ], [ -118.546404999342997, 34.060279999437803 ], [ -118.546540999784995, 34.060125000074301 ], [ -118.546654000660993, 34.059996999651503 ], [ -118.546674999678999, 34.059855000409897 ], [ -118.547385999159005, 34.0600629977192 ], [ -118.547514001899998, 34.060383003001697 ], [ -118.547452000179007, 34.060686999979801 ], [ -118.547111000596004, 34.060899000546698 ], [ -118.546889999765, 34.061118000536801 ], [ -118.546624999450998, 34.0613029997373 ], [ -118.546497000301997, 34.061515000251703 ], [ -118.546326999524993, 34.061709999831699 ], [ -118.546030000322006, 34.061673999359101 ], [ -118.545664999550993, 34.061630000249103 ], [ -118.545402000684007, 34.061833999854201 ], [ -118.545305000599001, 34.062026000347203 ], [ -118.545005999950007, 34.062114999815698 ], [ -118.544692999955998, 34.062172999895701 ], [ -118.544446000082999, 34.062248999683803 ], [ -118.544150999631995, 34.062280999887598 ], [ -118.544124000766004, 34.0622750002224 ], [ -118.543866999949998, 34.062222000432797 ], [ -118.543842999660995, 34.062216999467999 ], [ -118.543585999743001, 34.062349000280399 ], [ -118.543442999627999, 34.062526999934001 ], [ -118.543362000334994, 34.0628150003879 ], [ -118.543230999016998, 34.063069000347902 ], [ -118.543192000456003, 34.063367000010302 ], [ -118.543326999276999, 34.063597999464498 ], [ -118.543396999596993, 34.063811999795298 ], [ -118.543444000351002, 34.064083000419203 ], [ -118.543220999870002, 34.064394000179803 ], [ -118.543164999793007, 34.064503999905597 ], [ -118.542958999928999, 34.0646029999089 ], [ -118.542646000833003, 34.064569000251602 ] ] ] ] } }
]
}
